window_start,window_open,btc_final,actual_outcome,correct_at_30s,btc_at_30s,poly_price_30s,correct_at_60s,btc_at_60s,poly_price_60s,ev_at_60s,correct_at_90s,btc_at_90s,poly_price_90s,correct_at_120s,btc_at_120s,poly_price_120s,ev_at_120s,correct_at_180s,btc_at_180s,poly_price_180s,ev_at_180s
1774480200,71388.03,71327.7,Down,False,71407.34,0.59,False,71420.03,0.65,True,False,71429.03,0.78,False,71428.92,0.75,True,True,71358.78,0.81,True
1774480500,71327.7,71270.02,Down,True,71303.88,0.64,True,71311.8,0.55,True,True,71299.77,0.64,True,71275.82,0.79,False,True,71278.99,0.84,False
1774480800,71270.02,71377.92,Up,False,71248.81,0.63,False,71268.27,0.6,True,True,71282.9,0.63,True,71299.26,0.72,True,True,71342.54,0.92,False
1774481100,71377.93,71359.58,Down,False,71398.22,0.55,False,71400.0,0.63,True,False,71401.4,0.68,False,71420.91,0.79,False,False,71411.73,0.76,True
1774481400,71384.46,71341.27,Down,True,71366.26,0.47,True,71350.02,0.62,True,True,71339.58,0.7,True,71326.05,0.74,True,True,71344.81,0.6,True
1774481700,71341.26,71273.69,Down,True,71332.11,0.5900000000000001,False,71357.0,0.59,True,True,71338.87,0.45999999999999996,True,71316.14,0.6599999999999999,True,True,71298.19,0.84,False
1774482000,71273.69,71216.48,Down,True,71254.73,0.5900000000000001,False,71278.63,0.53,True,True,71260.26,0.5800000000000001,True,71250.06,0.6799999999999999,True,True,71228.17,0.84,False
1774482300,71216.47,71233.36,Up,False,71198.71,0.5800000000000001,True,71216.79,0.55,True,True,71242.58,0.72,True,71246.06,0.74,True,True,71257.25,0.86,False
1774482600,71233.36,71342.99,Up,True,71248.42,0.6,True,71256.43,0.68,True,True,71269.09,0.64,True,71266.8,0.73,True,True,71301.29,0.92,False
1774482900,71343.0,71336.52,Down,True,71339.14,0.52,False,71349.95,0.48,True,False,71379.17,0.69,False,71379.16,0.69,True,True,71342.47,0.52,True
1774483200,71336.53,71250.06,Down,False,71368.78,0.61,False,71338.01,0.55,True,False,71347.91,0.57,True,71326.59,0.64,True,True,71320.28,0.61,True
1774483500,71250.06,71222.33,Down,False,71270.0,0.62,False,71293.71,0.66,True,False,71285.76,0.67,False,71266.96,0.56,True,False,71259.58,0.55,True
1774483800,71222.33,71247.41,Up,True,71223.42,0.5,True,71224.01,0.47,True,True,71224.0,0.49,False,71217.9,0.53,True,False,71203.44,0.62,True
1774484100,71250.0,71240.0,Down,False,71299.12,0.78,False,71294.44,0.75,False,False,71324.82,0.86,False,71353.5,0.9,False,False,71342.6,0.93,False
1774484400,71240.0,71303.37,Up,True,71243.66,0.52,True,71248.14,0.59,True,True,71262.01,0.63,True,71243.18,0.5,True,True,71303.0,0.91,False
1774484700,71303.36,71306.6,Up,False,71269.01,0.63,False,71251.99,0.6599999999999999,True,False,71275.14,0.5700000000000001,False,71284.0,0.5700000000000001,True,False,71258.37,0.77,True
1774485000,71306.59,71299.93,Down,True,71282.0,0.64,True,71305.48,0.51,True,False,71355.71,0.69,False,71329.01,0.62,True,False,71336.64,0.68,True
1774485300,71299.93,71326.87,Up,True,71340.79,0.68,True,71374.99,0.83,False,True,71378.57,0.84,True,71385.83,0.85,False,True,71384.23,0.92,False
1774485600,71327.64,71355.88,Up,True,71341.43,0.62,True,71360.93,0.7,True,True,71355.01,0.66,True,71348.21,0.63,True,True,71337.47,0.66,True
1774485900,71355.88,71389.29,Up,True,71358.7,0.59,True,71358.7,0.53,True,True,71366.26,0.74,True,71375.29,0.73,True,True,71393.99,0.86,False
1774486200,71389.28,71232.39,Down,True,71372.33,0.48,True,71385.12,0.45999999999999996,True,True,71345.44,0.7,True,71345.83,0.7,True,True,71252.6,0.98,False
1774486500,71232.4,71299.27,Up,False,71172.72,0.6799999999999999,False,71157.76,0.7,True,False,71180.3,0.64,False,71220.24,0.5,True,True,71253.7,0.74,True
1774486800,71299.27,71310.01,Up,True,71334.01,0.7,True,71340.02,0.76,False,True,71337.26,0.67,True,71337.05,0.77,False,True,71329.99,0.77,True
1774487100,71294.35,71242.73,Down,True,71266.21,0.63,True,71265.33,0.7,True,True,71246.4,0.81,True,71238.81,0.81,False,True,71246.1,0.87,False
1774487400,71242.73,71269.59,Up,True,71251.12,0.51,False,71225.01,0.64,True,False,71228.82,0.61,False,71238.6,0.51,True,True,71249.99,0.6,True
1774487700,71269.6,71209.48,Down,True,71246.0,0.6,True,71205.51,0.74,False,True,71213.25,0.7,True,71161.61,0.85,False,True,71182.09,0.85,False
1774488000,71209.48,71300.0,Up,True,71237.37,0.61,True,71230.23,0.6,True,True,71243.25,0.68,True,71251.52,0.74,True,True,71281.16,0.89,False
1774488300,71300.0,71319.69,Up,False,71300.0,0.51,True,71319.38,0.64,True,True,71344.73,0.77,True,71346.82,0.69,True,True,71302.55,0.46,True
1774488600,71319.69,71319.09,Down,True,71304.5,0.6,False,71324.58,0.6,True,False,71355.3,0.69,False,71333.01,0.54,True,False,71322.91,0.57,True
1774488900,71322.72,71314.0,Down,False,71334.87,0.57,True,71314.06,0.6,True,False,71332.1,0.5,True,71302.59,0.73,True,True,71287.01,0.86,False
1774489200,71314.0,71259.48,Down,True,71299.4,0.6699999999999999,True,71306.21,0.64,True,True,71285.51,0.6799999999999999,True,71296.48,0.69,True,True,71271.54,0.83,False
1774489500,71259.48,71227.91,Down,True,71243.54,0.5800000000000001,False,71262.01,0.49,True,True,71252.05,0.55,False,71266.66,0.59,True,False,71262.01,0.54,True
1774489800,71227.92,71250.31,Up,False,71200.99,0.64,True,71242.63,0.61,True,True,71240.52,0.63,False,71210.15,0.6699999999999999,True,True,71264.09,0.82,True
1774490100,71250.3,71252.11,Up,False,71243.66,0.5800000000000001,False,71247.31,0.5,True,True,71262.02,0.64,True,71280.03,0.76,True,True,71298.22,0.92,False
1774490400,71252.11,71262.02,Up,True,71256.63,0.59,True,71271.02,0.71,False,True,71273.39,0.63,True,71279.03,0.73,True,True,71280.09,0.72,True
1774490700,71262.01,71150.4,Down,True,71257.3,0.5800000000000001,True,71244.47,0.65,True,True,71238.0,0.7,True,71220.07,0.8,False,True,71150.0,0.98,False
1774491000,71153.35,71091.99,Down,False,71157.8,0.58,False,71160.01,0.51,True,True,71143.87,0.5700000000000001,True,71124.25,0.69,True,True,71109.98,0.73,True
1774491300,71092.0,70966.58,Down,True,71064.85,0.63,True,71045.01,0.78,False,True,71025.73,0.8200000000000001,True,71009.62,0.88,False,True,70933.52,0.99,False
1774491600,70940.87,70912.22,Down,False,70949.29,0.63,False,70949.29,0.65,True,False,70995.69,0.84,False,71004.0,0.84,False,False,70979.27,0.81,True
1774491900,70912.22,70897.2,Down,False,70949.28,0.73,False,70965.72,0.8,False,False,70971.98,0.79,False,70968.66,0.83,False,False,70948.02,0.81,True
1774492200,70894.93,70808.39,Down,False,70897.78,0.57,True,70860.0,0.61,True,True,70840.67,0.7,True,70769.51,0.92,False,True,70740.8,0.99,False
1774492500,70802.78,70792.95,Down,True,70793.82,0.48,False,70812.01,0.6,True,False,70826.05,0.67,False,70806.91,0.55,True,True,70774.0,0.7,True
1774492800,70792.96,70868.65,Up,True,70806.91,0.59,True,70804.75,0.56,True,True,70819.75,0.63,True,70845.78,0.7,True,True,70868.65,0.84,False
1774493100,70868.64,70893.2,Up,False,70855.83,0.51,False,70841.78,0.6699999999999999,True,False,70860.56,0.43000000000000005,True,70897.68,0.7,True,True,70876.26,0.5,True
1774493400,70893.2,70877.82,Down,True,70875.01,0.63,True,70884.36,0.47,True,False,70903.54,0.61,True,70884.86,0.6,True,True,70857.29,0.7,True
1774493700,70877.82,70893.02,Up,True,70892.0,0.61,True,70896.25,0.59,True,True,70909.83,0.69,True,70902.75,0.68,True,True,70886.4,0.62,True
1774494000,70893.01,70772.41,Down,True,70858.15,0.6599999999999999,True,70849.84,0.69,True,True,70843.18,0.69,True,70861.44,0.6699999999999999,True,True,70880.83,0.62,True
1774494300,70783.01,70843.39,Up,False,70771.69,0.54,False,70761.79,0.5800000000000001,True,True,70798.99,0.67,True,70789.63,0.53,True,True,70792.93,0.6,True
1774494600,70850.04,70968.66,Up,True,70860.55,0.58,True,70873.22,0.66,True,True,70873.24,0.64,True,70873.22,0.64,True,True,70879.22,0.71,True
1774494900,70968.66,70911.48,Down,True,70944.92,0.65,True,70962.93,0.56,True,True,70938.4,0.65,True,70932.66,0.72,True,True,70907.91,0.89,False
1774495200,70911.48,70759.78,Down,True,70910.58,0.54,True,70900.58,0.6599999999999999,True,True,70878.01,0.73,True,70884.71,0.69,True,True,70783.02,0.95,False
1774495500,70759.77,70713.13,Down,False,70774.65,0.61,False,70797.29,0.71,False,False,70761.3,0.48,True,70715.37,0.74,True,True,70690.71,0.8200000000000001,True
1774495800,70713.14,70803.37,Up,True,70729.2,0.58,True,70753.56,0.71,False,True,70758.1,0.76,True,70769.46,0.78,False,True,70770.25,0.86,False
1774496100,70804.24,70870.1,Up,True,70815.7,0.59,True,70831.27,0.71,False,True,70834.67,0.74,True,70828.47,0.7,True,True,70845.04,0.88,False
1774496400,70870.11,70852.49,Down,False,70876.44,0.57,True,70866.79,0.51,True,False,70899.65,0.72,False,70887.91,0.59,True,False,70897.54,0.8,True
1774496700,70850.75,70838.34,Down,False,70865.89,0.53,False,70882.09,0.63,True,False,70877.15,0.61,False,70881.58,0.66,True,False,70853.23,0.37,True
1774497000,70838.35,70899.04,Up,False,70835.09,0.5,False,70818.21,0.6599999999999999,True,False,70818.2,0.6599999999999999,False,70818.21,0.7,True,False,70813.36,0.75,True
1774497300,70899.04,70908.77,Up,True,70907.17,0.54,False,70894.98,0.54,True,True,70903.78,0.53,True,70907.32,0.56,True,False,70887.27,0.5700000000000001,True
1774497600,70921.47,70833.6,Down,True,70897.3,0.5700000000000001,True,70905.89,0.48,True,True,70874.0,0.77,True,70844.71,0.9299999999999999,False,True,70872.19,0.76,True
1774497900,70833.6,70825.93,Down,True,70832.21,0.54,False,70840.89,0.51,True,True,70826.07,0.54,False,70836.91,0.52,True,False,70850.55,0.74,True
1774498200,70825.93,70755.06,Down,False,70826.04,0.48,True,70813.02,0.63,True,True,70795.41,0.71,True,70790.04,0.75,True,True,70749.4,0.9,False
1774498500,70755.07,70737.17,Down,True,70737.01,0.6,True,70754.5,0.43000000000000005,True,False,70765.53,0.66,False,70771.93,0.65,True,True,70728.19,0.79,True
1774498800,70739.55,70808.0,Up,True,70759.92,0.67,True,70768.11,0.72,False,True,70799.82,0.88,True,70792.41,0.84,False,True,70818.0,0.9,False
1774499100,70808.0,70868.66,Up,True,70821.97,0.55,True,70845.04,0.74,False,True,70824.9,0.6,True,70842.44,0.74,True,True,70850.45,0.8,True
1774499400,70868.65,70836.04,Down,False,70887.22,0.61,False,70891.59,0.62,True,False,70874.31,0.49,False,70868.99,0.49,True,True,70831.62,0.81,True
1774499700,70836.04,70848.47,Up,True,70836.39,0.58,True,70841.46,0.55,True,True,70841.46,0.58,True,70845.04,0.63,True,True,70863.66,0.79,True
1774500000,70848.47,70839.99,Down,True,70847.96,0.52,True,70842.01,0.6,True,False,70851.93,0.48,True,70845.25,0.44999999999999996,True,False,70853.3,0.58,True
1774500300,70840.0,70872.39,Up,True,70845.05,0.62,True,70881.2,0.78,False,True,70867.7,0.71,True,70856.44,0.65,True,True,70871.74,0.81,True
1774500600,70872.38,70823.33,Down,True,70870.13,0.56,True,70850.49,0.65,True,True,70845.05,0.63,True,70851.36,0.5800000000000001,True,True,70843.05,0.61,True
1774500900,70823.33,70772.0,Down,True,70776.86,0.83,True,70773.44,0.8,False,True,70784.17,0.76,True,70776.75,0.84,False,True,70803.85,0.7,True
1774501200,70772.01,70769.92,Down,True,70750.0,0.62,False,70783.61,0.64,True,False,70780.54,0.47,False,70776.3,0.54,True,False,70773.98,0.54,True
1774501500,70769.92,70495.9,Down,True,70719.73,0.78,True,70665.33,0.89,False,True,70656.95,0.95,True,70534.82,0.98,False,True,70522.63,0.98,False
1774501800,70555.83,70559.07,Up,True,70576.79,0.57,True,70577.11,0.51,True,False,70546.01,0.61,True,70584.11,0.54,True,False,70517.21,0.81,True
1774502100,70559.07,70578.99,Up,False,70555.41,0.51,True,70561.59,0.45,True,False,70552.77,0.5800000000000001,True,70564.6,0.44,True,True,70574.21,0.4,True
1774502400,70569.21,70606.51,Up,True,70626.73,0.76,True,70627.98,0.77,False,True,70604.79,0.68,True,70581.91,0.55,True,True,70608.5,0.84,False
1774502700,70620.88,70577.2,Down,True,70583.05,0.6699999999999999,True,70561.07,0.65,True,True,70518.57,0.9299999999999999,True,70534.94,0.88,False,True,70570.25,0.83,False
1774503000,70577.19,70579.93,Up,False,70565.81,0.5800000000000001,False,70563.2,0.61,True,False,70543.3,0.72,False,70543.27,0.71,True,False,70519.4,0.89,False
1774503300,70579.94,70551.64,Down,False,70601.1,0.63,False,70612.0,0.75,False,False,70599.0,0.66,False,70618.08,0.69,True,True,70568.86,0.52,True
1774503600,70551.64,70310.9,Down,True,70526.01,0.6599999999999999,True,70508.78,0.74,False,True,70496.81,0.79,True,70537.56,0.64,True,True,70510.01,0.75,True
1774503900,70310.89,70353.76,Up,False,70253.25,0.6799999999999999,False,70232.28,0.76,False,False,70298.79,0.5900000000000001,True,70323.84,0.55,True,True,70372.0,0.79,True
1774504200,70353.77,70115.33,Down,True,70323.84,0.56,True,70297.05,0.69,True,True,70291.82,0.77,True,70159.73,0.97,False,True,70156.92,0.99,False
1774504500,70115.31,70016.97,Down,True,69976.01,0.83,True,69987.65,0.8200000000000001,False,True,70000.28,0.85,True,70004.03,0.87,False,True,70021.76,0.9299999999999999,False
1774504800,70016.98,69967.87,Down,True,69929.99,0.75,True,69982.69,0.5800000000000001,True,True,69932.25,0.79,True,69862.54,0.91,False,True,69999.0,0.65,True
1774505100,69967.87,70099.99,Up,False,69959.01,0.5900000000000001,False,69950.57,0.65,True,False,69934.5,0.7,True,69998.9,0.59,True,True,70058.1,0.89,False
1774505400,70100.0,70063.22,Down,True,70053.01,0.64,True,70001.92,0.81,False,True,70054.98,0.6599999999999999,True,70053.76,0.73,True,True,69999.96,0.95,False
1774505700,70067.47,70134.19,Up,True,70080.77,0.59,True,70073.76,0.5,True,False,70047.2,0.61,True,70070.1,0.49,True,True,70090.99,0.62,True
1774506000,70134.18,69974.05,Down,True,70125.37,0.51,True,70126.69,0.52,True,True,70040.97,0.88,True,70072.65,0.79,False,True,70022.71,0.97,False
1774506300,69970.83,70059.5,Up,False,69953.08,0.6,False,69906.88,0.78,False,False,69938.06,0.6799999999999999,False,69940.91,0.62,True,True,70019.93,0.77,True
1774506600,70059.5,70034.28,Down,False,70067.57,0.52,False,70076.81,0.48,True,True,70053.92,0.55,False,70081.79,0.6,True,False,70070.4,0.51,True
1774506900,70034.29,70028.0,Down,True,70021.44,0.5900000000000001,True,70032.76,0.5,True,True,70027.94,0.62,True,69996.31,0.78,False,True,70018.71,0.6599999999999999,True
1774507200,70027.99,70000.33,Down,False,70053.32,0.64,False,70031.16,0.53,True,True,70022.06,0.49,True,70013.8,0.52,True,True,69989.01,0.6699999999999999,True
1774507500,70000.32,70096.0,Up,True,70001.43,0.51,True,70012.63,0.56,True,True,70012.63,0.58,True,70031.51,0.72,True,True,70017.32,0.75,True
1774507800,70104.64,70113.01,Up,False,70097.94,0.44999999999999996,False,70094.95,0.52,True,False,70090.58,0.49,False,70099.75,0.4,True,True,70111.1,0.65,True
1774508100,70113.0,70097.19,Down,False,70150.91,0.78,False,70145.57,0.74,False,False,70117.14,0.5,True,70102.49,0.53,True,True,70111.81,0.49,True
1774508400,70097.19,70150.73,Up,False,70085.62,0.63,False,70082.22,0.61,True,False,70045.0,0.8200000000000001,False,70031.55,0.86,False,False,70075.96,0.69,True
1774508700,70150.73,70093.78,Down,True,70069.65,0.8200000000000001,True,70073.86,0.84,False,True,70042.43,0.89,True,70029.03,0.94,False,True,70027.21,0.98,False
1774509000,70093.79,70048.49,Down,True,70088.62,0.5700000000000001,True,70052.64,0.78,False,True,70058.93,0.72,True,70054.01,0.77,False,True,70076.75,0.7,True
1774509300,70048.5,70020.01,Down,False,70054.48,0.54,False,70059.39,0.55,True,False,70062.31,0.58,True,70030.0,0.7,True,False,70057.0,0.68,True
1774509600,70020.0,70059.4,Up,False,69991.13,0.63,False,69981.56,0.7,True,False,69945.52,0.83,False,69995.0,0.6,True,True,70081.07,0.83,False
1774509900,70059.4,69969.87,Down,True,70021.61,0.6599999999999999,True,70037.84,0.55,True,True,70025.42,0.63,True,70025.41,0.69,True,True,70005.75,0.8200000000000001,True
1774510200,69969.87,69958.19,Down,True,69957.42,0.55,True,69948.33,0.5700000000000001,True,True,69957.72,0.5800000000000001,True,69926.55,0.72,True,True,69819.95,0.99,False
1774510500,69958.19,70056.48,Up,False,69946.63,0.53,True,69987.68,0.65,True,True,69985.83,0.64,True,69976.55,0.66,True,True,70028.98,0.93,False
1774510800,70056.48,70071.97,Up,True,70095.05,0.67,True,70096.95,0.67,True,True,70091.25,0.74,True,70059.32,0.52,True,False,70051.93,0.5900000000000001,True
1774511100,70071.97,70085.83,Up,True,70083.94,0.61,True,70074.98,0.47,True,True,70084.78,0.57,False,70063.24,0.52,True,True,70081.18,0.59,True
1774511400,70085.83,70160.81,Up,True,70091.65,0.61,True,70091.65,0.55,True,True,70095.29,0.66,True,70096.64,0.6,True,True,70108.64,0.81,True
1774511700,70160.81,70087.45,Down,True,70146.09,0.5700000000000001,True,70145.42,0.63,True,True,70127.71,0.75,True,70112.64,0.81,False,True,70106.67,0.94,False
1774512000,70087.44,70062.0,Down,True,70079.74,0.62,False,70098.29,0.59,True,False,70126.99,0.74,False,70104.01,0.58,True,False,70098.27,0.59,True
1774512300,70062.0,70050.01,Down,True,70030.02,0.6799999999999999,True,70055.5,0.5,True,True,70054.34,0.51,False,70093.98,0.76,True,False,70093.41,0.79,True
1774512600,70050.01,69924.81,Down,True,70011.11,0.6799999999999999,True,70011.1,0.73,False,True,69990.07,0.8,True,69997.08,0.8200000000000001,False,True,69965.08,0.95,False
1774512900,69924.82,69879.17,Down,False,69961.29,0.68,False,69969.16,0.71,False,False,69973.82,0.71,False,69982.52,0.8,False,False,69975.44,0.83,False
1774513200,69884.34,69874.53,Down,False,69906.87,0.66,False,69917.34,0.67,True,False,69899.93,0.56,True,69883.3,0.49,True,True,69840.16,0.79,True
1774513500,69874.53,69826.84,Down,True,69873.91,0.47,True,69841.92,0.6799999999999999,True,True,69872.52,0.41000000000000003,True,69857.34,0.5900000000000001,True,True,69855.53,0.63,True
1774513800,69826.84,69872.32,Up,False,69825.64,0.48,True,69826.85,0.52,True,True,69837.45,0.64,True,69846.0,0.68,True,True,69867.53,0.85,False
1774514100,69872.31,69848.32,Down,False,69916.27,0.81,False,69880.28,0.51,True,False,69895.9,0.66,False,69881.82,0.56,True,True,69868.0,0.56,True
1774514400,69848.32,69937.33,Up,False,69844.98,0.55,False,69842.01,0.56,True,False,69844.52,0.55,True,69855.4,0.56,True,True,69874.33,0.7,True
1774514700,69937.32,69958.36,Up,True,69940.0,0.55,False,69929.45,0.49,True,True,69943.96,0.55,True,70025.55,0.87,False,True,69998.04,0.85,False
1774515000,69958.36,69973.48,Up,False,69957.89,0.51,True,69986.99,0.64,True,True,69996.37,0.72,True,69959.87,0.48,True,True,69960.68,0.47,True
1774515300,69973.47,70024.77,Up,True,69999.99,0.67,True,70016.01,0.73,False,True,70036.72,0.83,True,70020.21,0.77,False,True,70019.01,0.84,False
1774515600,70024.77,69990.48,Down,True,69999.27,0.6799999999999999,True,69968.81,0.73,False,True,69957.05,0.83,True,69952.76,0.83,False,True,69967.61,0.8200000000000001,True
1774515900,69990.47,70073.48,Up,True,70001.01,0.51,True,70041.03,0.73,False,True,70055.37,0.82,True,70065.01,0.84,False,True,70061.23,0.91,False
1774516200,70077.0,70028.56,Down,True,70056.58,0.5700000000000001,False,70090.24,0.62,True,False,70090.24,0.61,True,70077.0,0.51,True,True,70063.78,0.61,True
1774516500,70028.91,69959.56,Down,True,70014.01,0.63,True,70004.58,0.6599999999999999,True,True,69944.5,0.87,True,69953.95,0.86,False,True,69919.43,0.99,False
1774516800,69959.55,69964.72,Up,True,69968.73,0.5,True,69982.28,0.55,True,True,70005.96,0.72,True,70005.01,0.77,False,True,70027.03,0.91,False
1774517100,69964.73,70031.66,Up,True,69980.29,0.6,False,69964.61,0.56,True,False,69959.85,0.5900000000000001,True,69980.4,0.65,True,True,70012.44,0.87,False
1774517400,70028.11,69469.15,Down,True,69951.01,0.8200000000000001,True,69912.0,0.89,False,True,69641.61,0.99,True,69687.19,0.99,False,True,69605.13,1.0,False
1774517700,69469.14,69443.75,Down,False,69518.46,0.63,False,69549.21,0.75,False,False,69560.85,0.8,False,69557.89,0.85,False,False,69544.1,0.82,True
1774518000,69453.21,69506.64,Up,True,69521.03,0.72,True,69516.07,0.74,False,True,69520.0,0.79,True,69470.38,0.66,True,True,69500.0,0.8,True
1774518300,69506.64,69413.38,Down,True,69504.25,0.5,True,69498.69,0.54,True,True,69450.01,0.75,True,69463.74,0.7,True,True,69452.92,0.8200000000000001,True
1774518600,69413.39,69588.41,Up,True,69500.28,0.79,True,69503.36,0.81,False,True,69544.77,0.93,True,69545.17,0.96,False,True,69559.5,0.98,False
1774518900,69588.41,69568.09,Down,True,69571.59,0.5800000000000001,True,69587.11,0.53,True,True,69580.0,0.5800000000000001,True,69575.12,0.62,True,False,69600.0,0.57,True
1774519200,69562.41,69540.44,Down,False,69570.57,0.42,False,69571.44,0.48,True,False,69571.16,0.49,False,69563.69,0.46,True,True,69552.03,0.69,True
1774519500,69540.43,69536.49,Down,True,69530.4,0.52,False,69589.51,0.73,False,False,69588.25,0.76,False,69612.87,0.87,False,False,69594.14,0.88,False
1774519800,69541.7,69579.23,Up,False,69536.27,0.48,False,69532.52,0.54,True,True,69546.93,0.48,True,69570.0,0.7,True,True,69586.17,0.8,True
1774520100,69579.23,69661.65,Up,True,69636.8,0.79,True,69631.52,0.79,False,True,69634.37,0.77,True,69657.66,0.89,False,True,69654.12,0.94,False
1774520400,69661.65,69681.38,Up,False,69642.59,0.5900000000000001,False,69653.55,0.49,True,True,69675.99,0.8,True,69694.0,0.83,False,True,69691.81,0.85,False
1774520700,69686.18,69661.46,Down,True,69685.27,0.47,True,69685.27,0.48,True,True,69685.21,0.45999999999999996,False,69694.26,0.58,True,False,69690.65,0.65,True
1774521000,69661.45,69616.68,Down,True,69630.0,0.74,True,69622.6,0.7,True,True,69660.9,0.5,True,69624.36,0.78,False,True,69642.64,0.65,True
1774521300,69618.89,69540.95,Down,True,69600.0,0.52,False,69628.71,0.69,True,False,69623.67,0.62,False,69633.71,0.78,False,False,69623.73,0.66,True
1774521600,69533.5,69548.18,Up,True,69561.86,0.72,True,69553.63,0.66,True,True,69561.94,0.64,True,69557.65,0.69,True,True,69557.62,0.74,True
1774521900,69548.18,69556.19,Up,True,69572.0,0.64,True,69572.89,0.64,True,False,69546.46,0.47,False,69526.12,0.71,True,False,69513.67,0.83,False
1774522200,69556.19,69498.58,Down,True,69541.12,0.55,False,69557.85,0.52,True,True,69533.18,0.6599999999999999,False,69559.7,0.5,True,True,69549.15,0.53,True
1774522500,69498.58,69517.67,Up,True,69500.1,0.5,True,69508.49,0.53,True,True,69499.08,0.45,False,69489.89,0.64,True,False,69475.44,0.74,True
1774522800,69517.68,69633.0,Up,False,69510.22,0.52,False,69515.38,0.51,True,True,69567.52,0.83,True,69575.56,0.88,False,True,69591.89,0.94,False
1774523100,69628.54,69621.99,Down,True,69624.5,0.5700000000000001,True,69622.21,0.56,True,False,69632.26,0.51,True,69588.63,0.8,False,True,69553.49,0.96,False
1774523400,69622.0,69566.06,Down,False,69625.87,0.51,True,69619.76,0.5700000000000001,True,True,69559.47,0.88,True,69569.98,0.81,False,True,69550.24,0.9299999999999999,False
1774523700,69566.06,69533.71,Down,False,69576.75,0.57,False,69566.07,0.5,True,True,69547.34,0.56,True,69520.45,0.8,False,True,69530.84,0.8200000000000001,True
1774524000,69537.57,69363.44,Down,True,69530.41,0.47,True,69470.0,0.83,False,True,69471.09,0.8200000000000001,True,69451.78,0.9,False,True,69434.41,0.97,False
1774524300,69363.44,69321.37,Down,False,69381.32,0.6,True,69296.01,0.8,False,True,69272.6,0.85,True,69249.26,0.91,False,True,69277.06,0.9299999999999999,False
1774524600,69321.37,69366.99,Up,True,69403.06,0.79,True,69427.67,0.87,False,True,69379.01,0.77,True,69386.85,0.82,False,True,69368.87,0.77,True
1774524900,69366.99,69439.96,Up,True,69394.32,0.65,False,69356.11,0.55,True,True,69367.21,0.5,False,69366.89,0.52,True,True,69411.72,0.82,True
1774525200,69439.96,69398.0,Down,True,69428.61,0.55,False,69442.99,0.57,True,False,69457.97,0.67,False,69450.0,0.62,True,True,69425.63,0.6599999999999999,True
1774525500,69398.0,69371.33,Down,True,69398.0,0.5,False,69419.35,0.64,True,False,69422.41,0.64,False,69410.86,0.61,True,False,69430.47,0.8,True
1774525800,69371.34,69393.47,Up,False,69364.34,0.5700000000000001,False,69356.83,0.63,True,False,69356.85,0.61,False,69353.46,0.62,True,True,69374.27,0.6,True
1774526100,69393.46,69276.01,Down,True,69378.45,0.64,True,69358.56,0.78,False,True,69343.02,0.84,True,69337.48,0.88,False,True,69282.67,0.97,False
1774526400,69276.01,69333.76,Up,False,69250.3,0.64,False,69241.8,0.7,True,False,69248.73,0.6599999999999999,False,69258.48,0.5700000000000001,True,True,69329.64,0.86,False
1774526700,69333.77,69367.42,Up,True,69346.61,0.55,False,69282.29,0.79,False,False,69260.25,0.79,False,69298.08,0.6799999999999999,True,True,69341.79,0.52,True
1774527000,69367.43,69375.24,Up,True,69383.11,0.58,True,69385.02,0.6,True,True,69402.5,0.77,True,69408.44,0.74,True,True,69376.93,0.53,True
1774527300,69375.23,69358.69,Down,False,69375.24,0.5,False,69386.7,0.59,True,False,69392.24,0.58,True,69365.95,0.56,True,False,69384.75,0.71,True
1774527600,69366.68,69362.18,Down,True,69359.7,0.5800000000000001,False,69381.24,0.66,True,False,69384.76,0.58,False,69381.21,0.67,True,False,69387.01,0.66,True
1774527900,69362.18,69420.66,Up,False,69334.72,0.63,True,69364.72,0.54,True,True,69404.53,0.81,True,69366.94,0.6,True,True,69378.73,0.73,True
1774528200,69420.65,69322.43,Down,True,69389.47,0.69,True,69388.35,0.6699999999999999,True,True,69376.0,0.71,False,69446.22,0.75,True,True,69394.1,0.8,True
1774528500,69322.43,69336.01,Up,False,69276.06,0.76,False,69245.82,0.83,False,False,69252.64,0.8200000000000001,False,69261.58,0.81,False,False,69308.27,0.5800000000000001,True
1774528800,69336.01,69365.84,Up,False,69332.8,0.48,False,69307.35,0.6799999999999999,True,False,69317.75,0.62,False,69312.71,0.61,True,True,69345.0,0.66,True
1774529100,69365.73,69388.02,Up,True,69376.65,0.59,True,69395.1,0.72,False,True,69401.22,0.73,True,69409.2,0.75,True,True,69412.17,0.83,False
1774529400,69397.74,69410.52,Up,False,69392.35,0.52,True,69417.56,0.67,True,True,69422.85,0.65,True,69398.96,0.54,True,True,69405.79,0.6,True
1774529700,69413.78,69436.41,Up,True,69429.67,0.6,True,69434.51,0.62,True,True,69435.74,0.59,True,69423.95,0.52,True,True,69461.27,0.92,False
1774530000,69436.42,69444.54,Up,True,69438.65,0.46,False,69431.98,0.55,True,True,69467.66,0.66,True,69439.52,0.51,True,True,69456.04,0.67,True
1774530300,69449.82,69504.1,Up,False,69444.54,0.55,True,69470.8,0.64,True,True,69476.44,0.66,True,69465.79,0.65,True,True,69493.29,0.86,False
1774530600,69504.1,69484.14,Down,True,69444.95,0.77,True,69429.78,0.85,False,True,69449.39,0.78,True,69458.11,0.79,False,True,69454.9,0.89,False
1774530900,69484.15,69475.01,Down,True,69473.92,0.63,True,69472.71,0.61,True,False,69496.0,0.59,False,69512.98,0.7,True,False,69513.54,0.73,True
1774531200,69475.0,69430.0,Down,True,69466.5,0.6,True,69445.01,0.72,False,True,69445.01,0.74,True,69451.57,0.73,True,True,69455.02,0.6699999999999999,True
1774531500,69430.01,69400.15,Down,True,69422.57,0.6,True,69418.88,0.62,True,True,69408.01,0.75,True,69384.16,0.84,False,True,69383.79,0.89,False
1774531800,69400.14,69254.37,Down,True,69386.06,0.54,True,69384.0,0.6,True,False,69407.76,0.51,True,69385.76,0.61,True,True,69384.74,0.6799999999999999,True
1774532100,69254.38,69317.0,Up,False,69249.78,0.41000000000000003,True,69284.22,0.63,True,True,69309.13,0.75,True,69385.7,0.95,False,True,69399.01,0.95,False
1774532400,69317.0,69547.32,Up,True,69323.06,0.54,False,69300.01,0.56,True,False,69297.12,0.6,False,69283.64,0.6599999999999999,True,True,69346.75,0.65,True
1774532700,69547.35,69647.7,Up,True,69794.54,0.71,True,69791.84,0.91,False,True,69816.89,0.96,True,69695.07,0.88,False,True,69750.4,0.97,False
1774533000,69647.69,69792.94,Up,False,69608.41,0.65,True,69649.8,0.5,True,True,69678.27,0.61,True,69697.75,0.71,True,True,69846.02,0.98,False
1774533300,69793.0,69658.24,Down,True,69738.04,0.6799999999999999,True,69720.71,0.77,False,True,69670.7,0.89,True,69614.69,0.97,False,True,69593.99,0.99,False
1774533600,69646.59,69711.36,Up,False,69645.42,0.56,True,69708.91,0.63,True,True,69682.95,0.61,True,69686.11,0.57,True,True,69676.61,0.61,True
1774533900,69711.35,69648.38,Down,True,69681.88,0.5800000000000001,False,69728.09,0.55,True,False,69780.34,0.74,False,69787.32,0.82,False,False,69750.64,0.71,True
1774534200,69648.38,69608.4,Down,False,69662.16,0.53,True,69628.29,0.5700000000000001,True,True,69575.2,0.8,True,69522.02,0.91,False,True,69615.95,0.73,True
1774534500,69608.4,69488.26,Down,False,69610.62,0.52,False,69668.0,0.7,True,False,69667.45,0.73,False,69650.3,0.68,True,False,69630.56,0.59,True
1774534800,69477.21,69545.13,Up,False,69440.01,0.64,False,69435.68,0.7,True,False,69417.81,0.73,False,69432.48,0.73,True,True,69509.77,0.62,True
1774535100,69545.13,69611.02,Up,True,69558.0,0.58,True,69561.46,0.61,True,True,69559.83,0.59,True,69639.77,0.85,False,True,69687.17,0.94,False
1774535400,69611.03,69767.23,Up,True,69636.81,0.59,True,69697.27,0.8,False,True,69733.43,0.85,True,69692.4,0.8,False,True,69706.37,0.93,False
1774535700,69767.24,69643.74,Down,True,69706.0,0.75,True,69698.41,0.74,False,True,69641.97,0.88,True,69640.18,0.92,False,True,69652.12,0.94,False
1774536000,69653.51,69516.88,Down,False,69729.88,0.77,True,69616.19,0.5800000000000001,True,True,69581.96,0.79,True,69616.36,0.64,True,True,69585.7,0.81,True
1774536300,69516.88,69437.29,Down,True,69503.43,0.56,True,69506.6,0.55,True,True,69448.49,0.78,True,69434.99,0.8,False,True,69475.38,0.71,True
1774536600,69437.28,69318.65,Down,False,69444.15,0.53,False,69484.5,0.68,True,False,69476.2,0.68,False,69486.08,0.74,True,True,69408.0,0.6799999999999999,True
1774536900,69318.65,69484.78,Up,False,69308.23,0.53,True,69426.67,0.85,False,True,69480.59,0.94,True,69475.77,0.92,False,True,69413.16,0.92,False
1774537200,69479.91,69357.31,Down,False,69485.06,0.5,True,69436.76,0.6599999999999999,True,True,69422.62,0.74,True,69401.63,0.8200000000000001,False,True,69412.59,0.8200000000000001,True
1774537500,69350.0,69171.76,Down,False,69360.0,0.49,False,69392.51,0.64,True,False,69381.24,0.5,False,69357.78,0.52,True,True,69296.89,0.79,True
1774537800,69174.08,68967.9,Down,False,69241.07,0.72,False,69212.62,0.65,True,True,69170.23,0.55,True,69145.94,0.6,True,True,69111.17,0.81,True
1774538100,68950.76,68889.81,Down,True,68883.53,0.75,True,68949.01,0.51,True,True,68917.63,0.5800000000000001,True,68902.88,0.63,True,True,68837.86,0.83,False
1774538400,68885.15,68999.0,Up,True,68909.25,0.59,True,68932.57,0.67,True,True,68918.29,0.62,True,68932.01,0.66,True,True,68895.04,0.58,True
1774538700,68999.0,69022.6,Up,False,68992.57,0.52,False,68989.76,0.54,True,True,69025.23,0.62,True,69002.7,0.55,True,True,69059.17,0.84,False
1774539000,69030.49,68950.85,Down,True,68979.51,0.64,True,69004.95,0.53,True,False,69054.87,0.65,True,69015.84,0.51,True,False,69051.06,0.64,True
1774539300,68950.84,68971.15,Up,True,68968.0,0.59,True,68988.94,0.66,True,True,68961.27,0.53,True,68951.96,0.47,True,False,68913.58,0.72,True
1774539600,68975.87,68984.93,Up,True,69008.59,0.64,True,69024.07,0.7,True,True,68982.0,0.51,False,68939.83,0.65,True,False,68950.52,0.63,True
1774539900,68988.75,69099.55,Up,True,69012.46,0.62,True,69001.5,0.53,True,True,69033.97,0.74,True,69116.08,0.89,False,True,69097.95,0.94,False
1774540200,69099.55,69187.19,Up,False,69097.01,0.49,False,69085.35,0.53,True,False,69093.01,0.5,True,69100.81,0.52,True,True,69181.81,0.91,False
1774540500,69198.37,69082.64,Down,True,69137.73,0.74,True,69165.78,0.62,True,True,69146.33,0.72,True,69142.17,0.74,True,True,69124.95,0.89,False
1774540800,69082.64,68996.88,Down,True,69026.62,0.69,True,69024.08,0.74,False,True,69033.46,0.6799999999999999,True,69009.68,0.81,False,True,69047.39,0.74,True
1774541100,68996.89,69004.82,Up,False,68991.23,0.52,True,69004.83,0.53,True,True,69027.78,0.62,True,69017.12,0.59,True,True,69045.26,0.85,False
1774541400,69004.82,69022.58,Up,True,69007.75,0.49,False,68979.96,0.64,True,False,69002.43,0.48,False,68961.01,0.73,True,True,69008.7,0.57,True
1774541700,69022.57,69043.98,Up,False,68996.65,0.63,False,68981.41,0.7,True,False,68909.06,0.9,False,68898.4,0.9,False,False,68906.99,0.96,False
1774542000,69043.98,69032.11,Down,True,69039.01,0.54,True,69017.83,0.5900000000000001,True,True,69018.75,0.64,True,68991.4,0.75,True,True,68946.66,0.92,False
1774542300,69037.37,68890.59,Down,True,68983.23,0.6699999999999999,True,68981.18,0.64,True,True,68972.35,0.71,True,68933.1,0.86,False,True,68952.33,0.87,False
1774542600,68888.01,68958.25,Up,True,68903.41,0.53,True,68893.05,0.54,True,True,68899.01,0.55,False,68872.95,0.54,True,True,68891.17,0.53,True
1774542900,68966.32,68846.24,Down,False,68973.58,0.57,True,68965.85,0.5,True,True,68887.02,0.83,True,68921.16,0.65,True,True,68901.54,0.83,False
1774543200,68855.88,68918.28,Up,False,68839.24,0.56,False,68845.94,0.52,True,False,68854.77,0.45999999999999996,True,68876.33,0.61,True,True,68882.98,0.67,True
1774543500,68918.28,68913.42,Down,False,68929.67,0.58,True,68917.85,0.45999999999999996,True,True,68894.33,0.62,True,68855.0,0.84,False,False,68921.12,0.57,True
1774543800,68909.04,68966.99,Up,False,68907.1,0.53,False,68876.84,0.6699999999999999,True,True,68917.01,0.59,False,68888.34,0.61,True,True,68909.25,0.48,True
1774544100,68967.0,68932.53,Down,True,68958.78,0.5700000000000001,True,68958.61,0.5800000000000001,True,True,68957.43,0.5900000000000001,False,68975.84,0.56,True,True,68938.04,0.72,True
1774544400,68932.53,69007.61,Up,False,68904.87,0.63,True,68953.73,0.67,True,True,68978.5,0.79,True,68997.51,0.85,False,True,68979.9,0.84,False
1774544700,69007.61,69006.7,Down,False,69036.15,0.61,False,69024.46,0.65,True,True,68991.64,0.61,True,68964.64,0.73,True,True,68969.47,0.78,True
1774545000,69006.7,68921.51,Down,True,68922.01,0.8200000000000001,True,68936.47,0.8,False,True,68940.34,0.79,True,68940.35,0.8200000000000001,False,True,68968.86,0.79,True
1774545300,68921.5,69012.0,Up,True,68932.51,0.63,True,68947.43,0.66,True,True,68975.51,0.75,True,68978.57,0.83,False,True,68994.0,0.89,False
1774545600,69019.67,69007.62,Down,True,68991.38,0.63,True,68970.81,0.72,False,True,68961.02,0.8,True,68971.07,0.77,False,True,69004.5,0.55,True
1774545900,68993.63,69082.98,Up,False,68980.2,0.5700000000000001,True,69002.17,0.5,True,True,68998.54,0.55,True,69011.3,0.57,True,True,69000.33,0.56,True
1774546200,69082.97,69138.9,Up,True,69126.38,0.68,True,69119.17,0.67,True,True,69117.18,0.65,True,69093.56,0.53,True,True,69128.39,0.77,True
1774546500,69138.9,69011.13,Down,False,69139.27,0.45,True,69117.06,0.61,True,True,69105.64,0.71,True,69064.1,0.92,False,True,69043.94,0.97,False
1774546800,69011.12,68957.74,Down,True,68960.01,0.73,True,68941.21,0.83,False,True,68931.23,0.88,True,68944.53,0.8200000000000001,False,True,68959.86,0.86,False
1774547100,68957.74,68714.45,Down,False,68958.6,0.52,True,68946.42,0.5,True,True,68953.89,0.47,True,68941.96,0.64,True,True,68877.09,0.92,False
1774547400,68714.45,68762.64,Up,False,68674.55,0.65,True,68718.39,0.55,True,False,68656.67,0.71,False,68658.34,0.71,True,True,68770.32,0.86,False
1774547700,68762.65,68482.05,Down,False,68767.66,0.52,True,68740.01,0.62,True,True,68716.28,0.7,True,68674.17,0.88,False,True,68587.8,0.98,False
1774548000,68486.86,68413.71,Down,False,68551.18,0.67,False,68580.32,0.74,False,False,68595.99,0.8,False,68539.87,0.68,True,False,68570.68,0.84,False
1774548300,68414.7,68481.99,Up,False,68404.69,0.53,True,68475.95,0.73,False,True,68475.3,0.71,True,68461.75,0.69,True,True,68486.61,0.83,False
1774548600,68482.0,68459.44,Down,True,68468.69,0.51,True,68382.3,0.79,False,True,68395.27,0.77,True,68420.01,0.76,True,True,68424.71,0.77,True
1774548900,68459.44,68328.82,Down,True,68427.5,0.6,True,68390.23,0.71,False,True,68378.71,0.77,True,68419.25,0.61,True,True,68349.22,0.92,False
1774549200,68328.83,68317.46,Down,True,68292.93,0.45999999999999996,True,68245.22,0.45999999999999996,True,True,68259.31,0.45999999999999996,False,68337.1,0.54,True,False,68329.8,0.57,True
1774549500,68317.45,68209.69,Down,False,68318.44,0.51,True,68258.84,0.6799999999999999,True,True,68186.86,0.87,True,68226.24,0.81,False,True,68189.11,0.96,False
1774549800,68203.59,68263.87,Up,True,68231.67,0.62,True,68259.76,0.71,False,True,68270.07,0.79,True,68289.63,0.85,False,True,68257.04,0.82,True
1774550100,68263.87,68331.86,Up,False,68258.02,0.48,True,68266.02,0.54,True,True,68270.59,0.52,True,68285.58,0.68,True,True,68278.92,0.67,True
1774550400,68331.84,68336.67,Up,True,68360.0,0.68,False,68331.06,0.39,True,False,68322.45,0.43000000000000005,False,68316.04,0.48,True,False,68312.87,0.55,True
1774550700,68336.67,68426.42,Up,False,68313.48,0.6,False,68335.26,0.5,True,True,68359.39,0.66,True,68362.18,0.69,True,True,68396.48,0.9,False
1774551000,68426.41,68469.46,Up,False,68404.13,0.56,False,68412.06,0.47,True,False,68421.58,0.53,False,68404.0,0.5900000000000001,True,True,68429.79,0.63,True
1774551300,68469.46,68497.26,Up,False,68452.18,0.61,True,68471.08,0.59,True,False,68449.01,0.64,False,68441.81,0.71,True,True,68469.47,0.58,True
1774551600,68497.25,68469.59,Down,True,68494.02,0.56,True,68479.5,0.63,True,True,68487.61,0.56,True,68466.2,0.71,True,True,68452.69,0.87,False
1774551900,68469.58,68512.85,Up,False,68455.95,0.5900000000000001,False,68447.83,0.61,True,False,68452.25,0.6,False,68431.37,0.79,False,False,68441.81,0.8200000000000001,True
1774552200,68512.84,68457.41,Down,True,68490.01,0.62,True,68482.07,0.6699999999999999,True,True,68480.49,0.62,True,68467.94,0.78,False,True,68486.6,0.71,True
1774552500,68457.4,68509.99,Up,True,68481.87,0.68,True,68502.55,0.7,True,True,68478.57,0.67,False,68451.24,0.5,True,True,68492.06,0.88,False
1774552800,68510.0,68544.56,Up,True,68510.92,0.52,False,68504.5,0.5700000000000001,True,False,68510.0,0.54,True,68530.09,0.7,True,True,68559.99,0.9,False
1774553100,68549.37,68435.96,Down,True,68498.41,0.77,True,68459.5,0.89,False,True,68459.64,0.9299999999999999,True,68468.04,0.92,False,True,68429.61,0.98,False
1774553400,68435.96,68427.17,Down,True,68423.25,0.5700000000000001,True,68432.59,0.5700000000000001,True,True,68401.99,0.73,True,68377.83,0.83,False,True,68382.82,0.88,False
1774553700,68427.17,68611.79,Up,True,68431.04,0.56,True,68466.63,0.72,False,True,68504.96,0.9,True,68560.94,0.96,False,True,68585.41,0.98,False
1774554000,68611.79,68633.11,Up,True,68641.0,0.65,True,68651.25,0.73,False,True,68659.99,0.77,True,68666.66,0.83,False,True,68638.8,0.77,True
1774554300,68633.12,68659.99,Up,False,68624.0,0.5700000000000001,False,68622.58,0.5700000000000001,True,False,68630.13,0.52,False,68595.19,0.73,True,True,68669.69,0.8,True
1774554600,68659.99,68603.91,Down,False,68677.09,0.59,True,68632.95,0.61,True,True,68620.04,0.77,True,68616.59,0.76,True,True,68623.11,0.81,True
1774554900,68603.91,68536.3,Down,False,68613.83,0.59,False,68621.67,0.61,True,False,68635.76,0.7,False,68635.74,0.71,True,False,68636.6,0.82,True
1774555200,68534.37,68472.79,Down,False,68548.6,0.56,False,68557.39,0.65,True,False,68563.86,0.67,False,68550.62,0.61,True,True,68520.11,0.5900000000000001,True
1774555500,68472.8,68521.0,Up,False,68464.68,0.52,True,68478.68,0.53,True,False,68446.45,0.64,False,68462.72,0.54,True,True,68478.84,0.54,True
1774555800,68521.0,69202.0,Up,True,68535.24,0.57,True,68539.28,0.65,True,True,68557.61,0.76,True,69300.42,0.98,False,True,69140.58,0.99,False
1774556100,69202.0,69165.43,Down,True,69182.0,0.5700000000000001,True,69186.93,0.6,True,False,69216.23,0.52,False,69235.71,0.57,True,False,69202.76,0.5,True
1774556400,69165.43,69285.33,Up,False,69122.01,0.55,False,69103.49,0.61,True,False,69094.01,0.6799999999999999,False,69127.02,0.61,True,True,69182.84,0.57,True
1774556700,69285.32,69164.14,Down,True,69263.08,0.5800000000000001,True,69207.17,0.75,False,True,69148.5,0.88,True,69166.44,0.87,False,True,69166.87,0.95,False
1774557000,69168.99,69166.46,Down,False,69185.04,0.53,False,69224.58,0.68,True,False,69283.03,0.85,False,69249.99,0.8,False,False,69247.57,0.85,False
1774557300,69165.0,69198.42,Up,True,69211.59,0.65,True,69216.49,0.72,False,True,69210.81,0.74,True,69216.17,0.71,True,True,69197.07,0.68,True
1774557600,69207.98,69158.79,Down,True,69187.92,0.63,True,69162.37,0.73,False,True,69091.17,0.91,True,69083.32,0.91,False,True,69153.35,0.79,True
1774557900,69158.8,69144.99,Down,False,69175.39,0.53,True,69153.29,0.6,True,False,69168.88,0.54,True,69158.4,0.5700000000000001,True,False,69195.22,0.72,True
1774558200,69144.98,68986.43,Down,True,69129.33,0.64,True,69125.38,0.64,True,True,69125.39,0.65,True,69122.74,0.72,True,True,69082.46,0.94,False
1774558500,68986.44,69012.84,Up,False,68983.25,0.53,False,68974.61,0.55,True,False,68951.23,0.6799999999999999,False,68956.76,0.6599999999999999,True,False,68955.84,0.71,True
1774558800,69005.21,68928.98,Down,True,68942.98,0.74,True,68956.36,0.6599999999999999,True,True,68950.98,0.74,True,68951.45,0.75,True,True,68942.21,0.86,False
1774559100,68928.97,68912.91,Down,True,68914.14,0.54,True,68923.65,0.48,True,True,68924.8,0.54,False,68951.18,0.68,True,False,68931.05,0.48,True
1774559400,68912.9,68929.86,Up,True,68913.37,0.57,False,68898.18,0.5900000000000001,True,False,68902.87,0.51,False,68880.84,0.76,True,True,68922.24,0.63,True
1774559700,68912.92,68968.98,Up,True,68923.26,0.52,True,68949.11,0.64,True,False,68900.01,0.69,False,68879.06,0.78,False,True,68940.97,0.75,True
1774560000,68968.98,69145.97,Up,True,68979.89,0.59,True,69034.36,0.79,False,True,69040.4,0.8,True,69047.28,0.88,False,True,69091.86,0.97,False
1774560300,69146.66,69092.48,Down,True,69106.66,0.6699999999999999,True,69084.36,0.76,False,True,69015.4,0.9299999999999999,True,69052.97,0.89,False,True,69063.16,0.91,False
1774560600,69092.49,69060.2,Down,True,69092.49,0.51,False,69130.97,0.72,False,False,69130.97,0.72,False,69113.51,0.65,True,True,69031.18,0.88,False
1774560900,69060.2,68994.96,Down,False,69071.32,0.58,False,69079.7,0.62,True,False,69064.83,0.46,False,69064.83,0.53,True,True,69019.43,0.8,True
1774561200,68994.97,69020.98,Up,True,69024.14,0.64,True,69024.14,0.64,True,True,69035.83,0.71,True,69078.01,0.87,False,True,69034.6,0.74,True
1774561500,69020.98,69007.61,Down,True,68995.88,0.63,True,68985.7,0.72,False,True,68969.81,0.79,True,68990.0,0.71,True,True,69008.34,0.6,True
1774561800,69007.62,68936.29,Down,True,69000.0,0.5900000000000001,True,68989.99,0.6599999999999999,True,True,68963.0,0.77,True,68950.64,0.88,False,True,68932.51,0.95,False
1774562100,68936.29,68921.11,Down,False,68953.13,0.62,False,68957.02,0.62,True,False,68957.01,0.64,True,68931.04,0.5900000000000001,True,True,68912.05,0.8200000000000001,True
1774562400,68921.1,68931.21,Up,False,68904.77,0.5700000000000001,True,68924.04,0.54,True,False,68909.66,0.5800000000000001,False,68912.72,0.5,True,True,68958.3,0.84,False
1774562700,68931.22,68896.0,Down,False,68941.96,0.61,False,68984.68,0.77,False,False,69008.27,0.84,False,69010.0,0.85,False,False,68963.47,0.75,True
1774563000,68896.0,68955.85,Up,True,68920.48,0.68,True,68947.99,0.75,False,True,68957.94,0.8,True,68964.77,0.85,False,True,69008.14,0.95,False
1774563300,68955.84,68945.48,Down,False,68969.45,0.57,True,68948.1,0.51,True,True,68938.95,0.62,False,68957.71,0.52,True,True,68950.06,0.5,True
1774563600,68945.48,68763.52,Down,True,68927.69,0.5700000000000001,True,68928.06,0.5800000000000001,True,False,68956.19,0.61,True,68904.14,0.79,False,True,68933.44,0.71,True
1774563900,68763.52,68754.43,Down,False,68778.51,0.57,True,68735.96,0.62,True,True,68688.51,0.76,True,68648.87,0.91,False,False,68818.81,0.77,True
1774564200,68754.44,68828.94,Up,False,68727.01,0.52,True,68759.86,0.53,True,False,68750.08,0.54,True,68770.9,0.55,True,False,68739.69,0.61,True
1774564500,68828.93,68792.25,Down,True,68807.1,0.5900000000000001,True,68795.54,0.6699999999999999,True,True,68807.29,0.5900000000000001,True,68793.91,0.6699999999999999,True,True,68811.97,0.65,True
1774564800,68792.26,68796.22,Up,False,68787.55,0.53,True,68794.24,0.56,True,True,68797.21,0.58,False,68787.56,0.54,True,False,68772.74,0.72,True
1774565100,68796.22,68822.4,Up,True,68823.94,0.65,True,68821.14,0.67,True,True,68811.37,0.54,True,68806.76,0.55,True,True,68805.78,0.57,True
1774565400,68822.4,68853.99,Up,True,68837.69,0.57,False,68793.15,0.69,True,False,68795.58,0.69,True,68823.64,0.46,True,True,68836.12,0.54,True
1774565700,68853.99,68892.66,Up,False,68838.11,0.6,False,68833.19,0.6799999999999999,True,True,68855.83,0.54,True,68861.09,0.51,True,True,68872.08,0.66,True
1774566000,68892.67,68958.18,Up,True,68954.34,0.72,True,68962.83,0.78,False,True,68970.95,0.83,True,68951.62,0.81,False,True,68954.15,0.87,False
1774566300,68958.18,68850.65,Down,False,68966.39,0.51,False,68966.39,0.55,True,True,68938.54,0.6799999999999999,True,68938.01,0.6699999999999999,True,True,68914.18,0.78,True
1774566600,68850.65,68817.63,Down,True,68829.99,0.61,False,68854.1,0.5,True,True,68839.76,0.56,False,68860.28,0.52,True,False,68862.33,0.53,True
1774566900,68817.63,68850.0,Up,True,68828.95,0.57,False,68811.62,0.51,True,True,68831.43,0.56,False,68814.55,0.5700000000000001,True,True,68831.82,0.6,True
1774567200,68850.0,68705.43,Down,True,68843.28,0.55,True,68819.28,0.7,True,True,68799.69,0.79,True,68824.2,0.6699999999999999,True,True,68811.17,0.74,True
1774567500,68705.44,68731.99,Up,False,68666.8,0.6599999999999999,False,68684.47,0.5800000000000001,True,False,68695.71,0.54,False,68684.29,0.63,True,False,68668.22,0.72,True
1774567800,68735.8,68684.75,Down,True,68717.35,0.6,True,68691.0,0.71,False,True,68682.31,0.75,True,68722.21,0.5800000000000001,True,True,68712.32,0.6699999999999999,True
1774568100,68684.76,68719.09,Up,True,68709.45,0.63,True,68724.27,0.72,False,True,68741.4,0.8,True,68751.0,0.85,False,True,68775.67,0.95,False
1774568400,68717.72,68754.78,Up,True,68739.97,0.62,True,68748.97,0.7,True,True,68759.18,0.77,True,68748.49,0.76,True,True,68746.3,0.78,True
1774568700,68754.78,68792.0,Up,False,68748.03,0.52,False,68740.35,0.5800000000000001,True,True,68755.3,0.57,True,68764.93,0.57,True,False,68753.8,0.53,True
1774569000,68793.88,68833.2,Up,True,68801.84,0.6,True,68805.62,0.57,True,True,68807.66,0.61,True,68811.7,0.73,True,True,68847.03,0.88,False
1774569300,68833.2,68820.31,Down,True,68810.11,0.69,True,68808.63,0.6599999999999999,True,True,68809.21,0.71,True,68818.62,0.5900000000000001,True,True,68827.01,0.54,True
1774569600,68820.31,68790.0,Down,True,68811.65,0.63,True,68745.39,0.86,False,True,68759.48,0.8,True,68752.95,0.89,False,True,68784.27,0.83,False
1774569900,68790.01,68929.58,Up,False,68784.27,0.52,True,68796.7,0.53,True,True,68830.0,0.67,True,68862.67,0.86,False,True,68860.87,0.85,False
1774570200,68929.58,68929.67,Up,True,68932.28,0.48,True,68949.99,0.63,True,True,68946.37,0.64,True,68950.53,0.65,True,True,68933.15,0.49,True
1774570500,68940.0,68913.18,Down,True,68910.48,0.62,True,68915.3,0.64,True,True,68900.01,0.78,True,68893.95,0.78,False,True,68926.33,0.63,True
1774570800,68913.18,68806.63,Down,True,68860.88,0.76,True,68892.77,0.62,True,True,68900.07,0.64,False,68918.16,0.4,True,True,68750.5,0.99,False
1774571100,68806.63,68737.3,Down,True,68800.33,0.55,True,68793.32,0.65,True,True,68772.0,0.74,True,68785.72,0.73,True,True,68789.99,0.73,True
1774571400,68732.26,68724.69,Down,False,68735.93,0.44,True,68719.89,0.5900000000000001,True,False,68737.0,0.53,True,68720.25,0.6,True,False,68741.53,0.47,True
1774571700,68730.29,68602.95,Down,True,68728.01,0.55,True,68658.43,0.8,False,True,68657.01,0.83,True,68640.01,0.88,False,True,68549.17,1.0,False
1774572000,68602.96,68718.75,Up,True,68627.91,0.63,True,68756.51,0.9,False,True,68756.5,0.94,True,68770.0,0.96,False,True,68759.83,0.98,False
1774572300,68718.74,68641.06,Down,True,68690.77,0.63,True,68637.51,0.8,False,True,68650.01,0.77,True,68641.78,0.89,False,True,68614.0,0.9299999999999999,False
1774572600,68641.05,68727.47,Up,True,68650.48,0.49,True,68645.21,0.56,True,True,68681.99,0.76,True,68683.23,0.75,True,True,68734.55,0.95,False
1774572900,68727.47,68785.01,Up,True,68739.73,0.53,True,68766.92,0.68,True,True,68767.21,0.7,True,68772.18,0.72,True,True,68765.96,0.6,True
1774573200,68785.0,68778.4,Down,False,68807.53,0.66,False,68821.42,0.7,True,False,68849.5,0.85,False,68787.15,0.57,True,False,68801.36,0.63,True
1774573500,68778.4,68805.96,Up,False,68778.4,0.56,False,68766.81,0.55,True,False,68752.71,0.62,False,68752.59,0.5900000000000001,True,False,68716.41,0.84,False
1774573800,68805.96,68863.49,Up,True,68843.5,0.73,True,68849.15,0.71,False,True,68839.0,0.69,True,68850.61,0.77,False,True,68853.97,0.81,True
1774574100,68863.48,68889.46,Up,False,68857.93,0.5700000000000001,False,68852.99,0.62,True,False,68847.87,0.5800000000000001,True,68887.02,0.74,True,True,68918.01,0.9,False
1774574400,68889.68,68923.25,Up,False,68843.19,0.74,False,68860.5,0.6699999999999999,True,False,68846.64,0.71,False,68838.93,0.74,True,True,68890.7,0.64,True
1774574700,68923.24,68902.27,Down,False,68940.84,0.59,False,68928.0,0.47,True,False,68928.94,0.5,False,68926.8,0.5,True,False,68923.99,0.58,True
1774575000,68909.84,68879.2,Down,False,68922.15,0.52,True,68901.0,0.61,True,True,68901.0,0.56,False,68920.0,0.62,True,True,68905.37,0.54,True
1774575300,68879.2,68875.18,Down,True,68879.2,0.55,False,68879.21,0.5,True,False,68880.92,0.49,False,68900.57,0.71,True,True,68863.0,0.73,True
1774575600,68875.18,68900.67,Up,True,68879.99,0.5,True,68879.99,0.56,True,True,68883.5,0.51,False,68859.89,0.6599999999999999,True,True,68907.17,0.74,True
1774575900,68900.66,68973.29,Up,True,68917.33,0.63,False,68896.84,0.49,True,False,68887.17,0.5800000000000001,False,68873.94,0.5700000000000001,True,True,68901.23,0.59,True
1774576200,68973.28,68965.27,Down,True,68953.85,0.5800000000000001,False,68974.32,0.45,True,True,68959.21,0.5700000000000001,True,68969.32,0.45999999999999996,True,True,68942.03,0.75,True
1774576500,68965.28,69048.35,Up,True,69018.98,0.75,True,69024.16,0.74,False,True,69033.3,0.83,True,69045.67,0.89,False,True,69042.94,0.93,False
1774576800,69051.27,69106.1,Up,True,69076.25,0.62,True,69081.36,0.67,True,True,69058.55,0.5,True,69067.36,0.55,True,True,69099.83,0.75,True
1774577100,69106.1,69122.99,Up,False,69064.0,0.71,False,69059.16,0.75,False,False,69067.79,0.6699999999999999,False,69070.83,0.6799999999999999,True,False,69068.51,0.72,True
1774577400,69122.98,69057.22,Down,True,69115.01,0.62,False,69141.25,0.54,True,False,69166.38,0.66,False,69127.65,0.39,True,True,69100.14,0.76,True
1774577700,69057.22,68998.74,Down,True,69051.48,0.5800000000000001,True,69045.23,0.5800000000000001,True,True,69028.88,0.72,True,69010.6,0.83,False,True,69001.5,0.9299999999999999,False
1774578000,68998.74,68992.0,Down,True,68990.07,0.65,True,68971.37,0.75,False,True,68980.58,0.7,True,68990.29,0.71,True,False,69007.17,0.42,True
1774578300,68992.0,69023.45,Up,True,68993.57,0.5,True,68993.57,0.52,True,False,68971.38,0.63,False,68956.2,0.72,True,False,68974.58,0.44999999999999996,True
1774578600,69023.45,69030.0,Up,True,69026.0,0.56,True,69036.26,0.63,True,True,69056.96,0.79,True,69071.02,0.87,False,True,69071.27,0.93,False
1774578900,69004.45,68938.95,Down,False,69008.33,0.5,True,68989.76,0.64,True,True,68984.77,0.61,True,68984.76,0.6,True,True,68960.71,0.7,True
1774579200,68938.94,68929.0,Down,True,68927.49,0.55,True,68927.48,0.56,True,True,68912.99,0.6799999999999999,True,68889.2,0.73,True,True,68917.83,0.48,True
1774579500,68920.51,68930.01,Up,False,68909.79,0.55,True,68929.51,0.64,True,True,68936.83,0.6,True,68933.11,0.63,True,False,68914.19,0.49,True
1774579800,68930.0,68949.67,Up,False,68930.0,0.41000000000000003,True,68941.06,0.66,True,True,68959.74,0.69,True,68959.73,0.72,True,True,68959.34,0.78,True
1774580100,68949.66,68903.58,Down,True,68949.66,0.47,False,68949.67,0.58,True,False,68949.67,0.6,True,68940.05,0.48,True,True,68915.02,0.63,True
1774580400,68903.58,68864.51,Down,False,68904.5,0.51,False,68904.5,0.51,True,True,68891.58,0.62,True,68891.57,0.61,True,True,68881.53,0.62,True
1774580700,68864.52,68715.54,Down,True,68807.05,0.7,True,68829.78,0.63,True,True,68803.69,0.7,True,68801.85,0.81,False,True,68743.57,0.97,False
1774581000,68715.54,68751.83,Up,True,68729.68,0.59,False,68703.16,0.61,True,False,68678.74,0.73,False,68678.74,0.71,True,True,68750.5,0.68,True
1774581300,68751.83,68802.04,Up,True,68766.94,0.6,False,68748.8,0.49,True,False,68749.03,0.44999999999999996,True,68777.82,0.62,True,True,68797.0,0.82,True
1774581600,68802.04,68756.51,Down,True,68802.04,0.53,False,68809.99,0.58,True,False,68825.08,0.68,False,68825.09,0.66,True,True,68787.09,0.6699999999999999,True
1774581900,68756.5,68839.31,Up,True,68793.88,0.76,True,68793.88,0.74,False,True,68820.0,0.85,True,68816.5,0.86,False,True,68833.19,0.93,False
1774582200,68839.31,68837.99,Down,False,68848.51,0.63,False,68857.51,0.68,True,False,68851.38,0.58,False,68841.4,0.56,True,True,68832.51,0.47,True
1774582500,68837.99,68891.3,Up,True,68873.25,0.73,True,68873.25,0.7,True,True,68873.25,0.77,True,68900.0,0.87,False,True,68889.31,0.88,False
1774582800,68856.05,68869.56,Up,True,68887.02,0.41,True,68892.25,0.52,True,True,68896.82,0.54,True,68910.29,0.63,True,True,68897.17,0.56,True
1774583100,68869.56,68870.98,Up,False,68847.44,0.61,False,68839.69,0.72,False,False,68839.69,0.75,False,68851.76,0.65,True,False,68844.35,0.8200000000000001,True
1774583400,68864.38,68851.94,Down,True,68845.56,0.69,True,68845.56,0.71,False,True,68842.69,0.77,True,68851.71,0.6799999999999999,True,True,68858.38,0.6699999999999999,True
1774583700,68844.5,68767.51,Down,True,68800.01,0.78,True,68785.17,0.8,False,True,68782.92,0.89,True,68774.04,0.89,False,True,68782.93,0.89,False
1774584000,68778.91,68543.87,Down,True,68750.38,0.5800000000000001,True,68672.37,0.91,False,True,68499.98,0.98,True,68589.01,0.95,False,True,68543.4,1.0,False
1774584300,68543.88,68325.78,Down,True,68528.16,0.52,False,68563.49,0.58,True,True,68512.01,0.63,True,68479.95,0.75,True,True,68430.39,0.96,False
1774584600,68325.78,68405.24,Up,True,68357.1,0.57,True,68330.56,0.51,True,True,68344.0,0.55,False,68325.78,0.53,True,True,68378.99,0.64,True
1774584900,68405.23,68499.99,Up,True,68433.26,0.59,True,68449.99,0.71,False,True,68432.17,0.61,False,68402.98,0.52,True,True,68472.4,0.79,True
1774585200,68500.0,68488.0,Down,False,68522.94,0.66,False,68524.86,0.65,True,False,68540.91,0.66,False,68560.18,0.75,True,False,68558.85,0.85,False
1774585500,68530.45,68534.05,Up,False,68490.53,0.43999999999999995,False,68502.35,0.33999999999999997,True,False,68483.9,0.43999999999999995,False,68480.31,0.39,True,False,68523.08,0.15000000000000002,True
1774585800,68534.05,68600.19,Up,False,68518.56,0.45999999999999996,True,68543.97,0.65,True,False,68521.92,0.44999999999999996,False,68526.17,0.35,True,False,68517.52,0.30000000000000004,True
1774586100,68600.2,68606.0,Up,True,68623.25,0.67,True,68605.79,0.61,True,True,68606.18,0.61,True,68606.18,0.62,True,True,68607.91,0.68,True
1774586400,68606.0,68591.86,Down,True,68596.39,0.45999999999999996,True,68605.56,0.36,True,False,68610.33,0.59,False,68609.4,0.69,True,True,68596.31,0.37,True
1774586700,68591.85,68627.66,Up,False,68591.79,0.51,True,68608.48,0.66,True,True,68623.18,0.7,True,68627.89,0.78,False,True,68604.2,0.71,True
1774587000,68627.66,68596.55,Down,True,68604.21,0.61,True,68604.2,0.5700000000000001,True,True,68610.17,0.64,True,68607.37,0.62,True,True,68616.9,0.52,True
1774587300,68596.55,68578.0,Down,True,68596.55,0.47,False,68622.72,0.69,True,False,68634.33,0.78,False,68624.04,0.69,True,True,68593.1,0.5800000000000001,True
1774587600,68578.0,68583.01,Up,True,68582.02,0.53,True,68583.24,0.47,True,False,68573.66,0.6,True,68584.28,0.59,True,False,68577.0,0.44999999999999996,True
1774587900,68583.01,68717.94,Up,False,68568.71,0.5900000000000001,False,68572.76,0.61,True,False,68567.2,0.61,False,68579.63,0.6,True,True,68627.7,0.77,True
1774588200,68717.93,68814.43,Up,True,68743.38,0.62,True,68753.37,0.67,True,True,68732.94,0.55,False,68710.97,0.65,True,True,68753.37,0.75,True
1774588500,68814.43,68793.54,Down,False,68853.99,0.61,False,68858.22,0.56,True,False,68848.81,0.56,False,68841.18,0.54,True,True,68800.0,0.75,True
1774588800,68793.53,68685.52,Down,True,68744.01,0.72,True,68726.12,0.79,False,True,68740.46,0.75,True,68712.19,0.86,False,True,68710.76,0.97,False
1774589100,68687.1,68599.4,Down,True,68645.2,0.77,True,68634.49,0.79,False,True,68599.0,0.86,True,68589.6,0.94,False,True,68607.9,0.96,False
1774589400,68599.4,68578.89,Down,True,68593.16,0.55,False,68599.99,0.45,True,False,68616.18,0.61,True,68593.15,0.64,True,True,68546.64,0.88,False
1774589700,68578.89,68582.38,Up,True,68621.99,0.69,True,68624.0,0.74,False,True,68671.24,0.9,True,68656.32,0.84,False,True,68675.05,0.95,False
1774590000,68572.55,68602.79,Up,True,68595.58,0.64,True,68580.18,0.56,True,False,68562.87,0.43000000000000005,True,68579.26,0.66,True,True,68615.96,0.87,False
1774590300,68602.79,68603.96,Up,True,68604.82,0.59,True,68606.1,0.64,True,False,68584.57,0.44999999999999996,True,68604.19,0.67,True,True,68619.04,0.83,False
1774590600,68608.5,68596.0,Down,True,68608.09,0.39,True,68578.92,0.61,True,True,68571.06,0.62,True,68567.63,0.75,True,True,68598.05,0.48,True
1774590900,68596.0,68630.77,Up,True,68611.76,0.62,True,68605.91,0.61,True,True,68614.99,0.62,True,68618.0,0.72,True,True,68626.59,0.79,True
1774591200,68630.77,68617.7,Down,True,68626.88,0.56,False,68637.2,0.6,True,True,68611.0,0.65,True,68617.7,0.56,True,True,68609.15,0.72,True
1774591500,68611.29,68712.77,Up,False,68590.0,0.69,False,68597.99,0.5900000000000001,True,True,68632.41,0.64,True,68651.65,0.78,False,True,68686.75,0.92,False
1774591800,68712.76,68751.32,Up,True,68723.62,0.63,True,68734.74,0.71,False,True,68738.49,0.73,True,68713.53,0.55,True,False,68686.38,0.7,True
1774592100,68751.32,68767.31,Up,False,68734.41,0.6799999999999999,False,68725.45,0.6599999999999999,True,False,68745.12,0.49,False,68728.02,0.71,True,False,68733.55,0.6799999999999999,True
1774592400,68767.31,68798.87,Up,False,68765.57,0.55,False,68747.65,0.64,True,False,68763.6,0.49,False,68743.59,0.6599999999999999,True,False,68730.2,0.8200000000000001,True
1774592700,68798.88,68789.13,Down,True,68776.26,0.71,True,68764.56,0.74,False,True,68755.2,0.77,True,68778.22,0.6799999999999999,True,True,68795.92,0.54,True
1774593000,68789.13,68801.95,Up,True,68821.4,0.6,True,68794.54,0.55,True,False,68782.27,0.48,False,68786.63,0.43000000000000005,True,False,68755.12,0.56,True
1774593300,68801.94,68744.26,Down,True,68784.69,0.5700000000000001,True,68799.14,0.47,True,True,68793.94,0.51,True,68796.56,0.45999999999999996,True,True,68774.7,0.6699999999999999,True
1774593600,68744.26,68737.45,Down,True,68734.1,0.53,False,68762.03,0.63,True,False,68755.53,0.58,False,68755.52,0.52,True,False,68764.0,0.75,True
1774593900,68737.45,68698.35,Down,True,68691.72,0.79,True,68678.83,0.85,False,True,68681.4,0.83,True,68711.8,0.75,True,True,68651.65,0.97,False
1774594200,68698.35,68703.81,Up,True,68698.36,0.49,True,68706.17,0.57,True,False,68697.68,0.51,True,68702.72,0.51,True,True,68698.96,0.46,True
1774594500,68703.81,68656.16,Down,True,68702.35,0.52,True,68701.98,0.53,True,True,68701.97,0.47,True,68700.78,0.55,True,True,68688.87,0.6799999999999999,True
1774594800,68656.16,68681.54,Up,False,68656.16,0.54,True,68659.08,0.5,True,True,68677.91,0.66,True,68683.87,0.72,True,True,68674.56,0.74,True
1774595100,68664.64,68612.53,Down,False,68681.54,0.53,False,68688.48,0.6,True,True,68660.9,0.7,False,68665.58,0.41,True,True,68637.87,0.88,False
1774595400,68612.53,68844.54,Up,True,68635.96,0.67,True,68651.81,0.73,False,True,68730.9,0.95,True,68791.53,0.98,False,True,68857.95,0.99,False
1774595700,68822.28,68908.96,Up,True,68832.24,0.38,False,68812.24,0.7,True,False,68812.24,0.6799999999999999,True,68829.03,0.37,True,True,68829.67,0.33,True
1774596000,68908.96,68882.87,Down,False,68937.57,0.63,False,68945.62,0.63,True,False,68931.88,0.6,False,68920.04,0.52,True,True,68898.46,0.5700000000000001,True
1774596300,68882.87,68924.83,Up,False,68877.66,0.52,True,68905.38,0.62,True,True,68896.0,0.52,True,68891.34,0.52,True,True,68910.47,0.79,True
1774596600,68924.84,68768.44,Down,False,68945.68,0.62,False,68926.52,0.49,True,True,68924.54,0.55,True,68917.59,0.52,True,True,68908.24,0.71,True
1774596900,68761.55,68661.53,Down,True,68736.64,0.61,True,68731.99,0.6599999999999999,True,True,68731.99,0.71,True,68731.55,0.71,True,True,68691.31,0.95,False
1774597200,68661.54,68602.45,Down,True,68568.81,0.79,True,68601.01,0.76,False,True,68619.21,0.6799999999999999,True,68601.64,0.81,False,True,68616.92,0.86,False
1774597500,68602.45,68603.17,Up,True,68612.05,0.59,False,68592.35,0.53,True,True,68608.83,0.55,True,68621.5,0.59,True,False,68590.28,0.5800000000000001,True
1774597800,68602.48,68603.75,Up,True,68632.49,0.69,True,68625.25,0.68,True,False,68597.26,0.55,False,68585.41,0.62,True,False,68581.57,0.5900000000000001,True
1774598100,68600.2,68536.3,Down,True,68560.42,0.7,True,68547.13,0.78,False,True,68519.87,0.87,True,68500.0,0.95,False,True,68512.33,0.97,False
1774598400,68540.48,68596.99,Up,False,68493.74,0.65,False,68519.99,0.5,True,False,68521.93,0.51,True,68548.0,0.59,True,True,68553.33,0.6,True
1774598700,68596.99,68495.78,Down,True,68563.72,0.56,True,68533.79,0.71,False,True,68561.16,0.62,True,68566.98,0.6,True,True,68525.7,0.85,False
1774599000,68495.77,68477.72,Down,True,68476.07,0.5800000000000001,True,68464.54,0.64,True,True,68485.89,0.49,False,68498.09,0.54,True,False,68496.02,0.52,True
1774599300,68476.06,68377.39,Down,True,68459.4,0.48,False,68516.2,0.77,False,True,68446.2,0.6599999999999999,True,68451.28,0.64,True,True,68403.85,0.88,False
1774599600,68377.4,68381.62,Up,False,68369.01,0.5,False,68363.71,0.52,True,True,68400.93,0.7,True,68400.0,0.73,True,True,68406.13,0.74,True
1774599900,68381.63,68239.12,Down,True,68373.32,0.48,True,68381.25,0.42000000000000004,True,False,68388.66,0.57,False,68397.73,0.65,True,True,68339.89,0.76,True
1774600200,68239.13,68236.37,Down,False,68295.54,0.77,False,68252.91,0.62,True,False,68263.66,0.67,False,68241.67,0.63,True,False,68265.25,0.76,True
1774600500,68236.37,67674.8,Down,False,68241.84,0.59,True,67948.02,0.9299999999999999,False,True,67783.58,0.99,True,67827.04,1.0,False,True,67789.86,0.999,False
1774600800,67681.28,67839.0,Up,False,67653.0,0.44999999999999996,True,67685.05,0.56,True,True,67751.63,0.73,True,67768.76,0.85,False,True,67765.96,0.92,False
1774601100,67825.04,67843.63,Up,True,67860.68,0.62,True,67844.66,0.64,True,False,67804.81,0.49,False,67779.64,0.5800000000000001,True,False,67785.2,0.63,True
1774601400,67843.64,67971.14,Up,True,67885.13,0.65,True,67889.89,0.72,False,True,67962.87,0.89,True,67962.89,0.91,False,True,67975.4,0.96,False
1774601700,67971.14,67920.5,Down,True,67964.43,0.53,True,67953.44,0.6,True,True,67960.01,0.5900000000000001,True,67960.01,0.5800000000000001,True,True,67969.08,0.44999999999999996,True
1774602000,67920.51,67821.49,Down,True,67903.53,0.5700000000000001,True,67915.0,0.47,True,False,67940.65,0.64,True,67900.01,0.56,True,True,67852.18,0.87,False
1774602300,67821.48,67696.56,Down,True,67788.12,0.64,True,67773.3,0.71,False,True,67719.14,0.88,True,67729.91,0.89,False,True,67738.63,0.9299999999999999,False
1774602600,67680.0,67749.68,Up,True,67713.82,0.65,False,67675.66,0.54,True,False,67579.7,0.79,False,67668.59,0.52,True,True,67733.99,0.82,True
1774602900,67749.68,67855.23,Up,True,67784.55,0.66,True,67825.24,0.81,False,True,67824.0,0.79,True,67814.08,0.79,False,True,67823.93,0.92,False
1774603200,67855.22,67862.32,Up,True,67865.04,0.6,True,67867.18,0.57,True,True,67870.01,0.58,True,67858.26,0.54,True,True,67862.92,0.62,True
1774603500,67862.33,67936.3,Up,True,67891.63,0.67,True,67923.36,0.77,False,True,67943.31,0.84,True,67944.45,0.89,False,True,67943.79,0.94,False
1774603800,67936.31,67788.76,Down,True,67936.31,0.5,True,67918.59,0.63,True,True,67878.04,0.84,True,67848.0,0.91,False,True,67907.95,0.77,True
1774604100,67788.76,67795.58,Up,False,67770.01,0.6,False,67755.39,0.7,True,False,67762.14,0.6799999999999999,False,67766.9,0.65,True,True,67809.11,0.62,True
1774604400,67795.58,67723.8,Down,True,67777.01,0.6,True,67734.01,0.79,False,True,67712.29,0.84,True,67747.16,0.75,True,True,67774.89,0.6799999999999999,True
1774604700,67723.8,67822.03,Up,True,67729.02,0.49,True,67752.44,0.64,True,True,67763.2,0.7,True,67783.68,0.79,False,True,67841.84,0.97,False
1774605000,67822.03,67842.36,Up,True,67837.49,0.59,False,67801.89,0.48,True,False,67812.59,0.5700000000000001,True,67834.78,0.61,True,True,67856.0,0.79,True
1774605300,67842.36,67695.81,Down,True,67840.58,0.52,True,67808.55,0.7,True,True,67773.06,0.84,True,67726.0,0.94,False,True,67688.71,0.99,False
1774605600,67695.81,67678.15,Down,True,67680.95,0.5900000000000001,True,67661.13,0.63,True,True,67639.99,0.76,True,67623.67,0.83,False,False,67762.87,0.84,False
1774605900,67678.15,67715.94,Up,True,67684.42,0.57,False,67648.0,0.63,True,True,67684.42,0.58,True,67688.16,0.59,True,True,67699.12,0.72,True
1774606200,67715.94,67670.69,Down,True,67710.67,0.56,True,67712.7,0.48,True,True,67712.53,0.53,False,67721.21,0.58,True,False,67716.11,0.6,True
1774606500,67670.68,67694.4,Up,False,67665.9,0.55,False,67662.19,0.54,True,True,67685.82,0.64,True,67709.03,0.77,False,True,67718.91,0.88,False
1774606800,67694.41,67738.65,Up,True,67709.68,0.61,True,67739.41,0.74,False,True,67726.54,0.75,True,67734.01,0.8,False,True,67721.47,0.79,True
1774607100,67738.65,67765.55,Up,True,67743.76,0.52,False,67716.24,0.6699999999999999,True,False,67724.1,0.55,True,67765.29,0.76,True,True,67755.0,0.7,True
1774607400,67765.55,67689.19,Down,False,67769.48,0.52,True,67760.15,0.5800000000000001,True,True,67739.57,0.71,True,67759.53,0.5700000000000001,True,True,67710.2,0.92,False
1774607700,67691.79,66988.17,Down,True,67687.38,0.5800000000000001,True,67625.58,0.85,False,True,67566.93,0.9299999999999999,True,67575.69,0.94,False,True,67425.8,1.0,False
1774608000,66984.1,66906.58,Down,False,66992.09,0.52,True,66928.4,0.6,True,True,66874.91,0.74,True,66879.32,0.81,False,False,67032.0,0.68,True
1774608300,66906.58,66822.82,Down,False,66936.0,0.63,True,66833.87,0.6599999999999999,True,True,66896.6,0.5,False,66923.31,0.57,True,True,66865.69,0.63,True
1774608600,66816.67,66636.0,Down,False,66854.0,0.64,False,66882.82,0.74,False,False,66930.16,0.88,False,66920.0,0.89,False,False,66870.47,0.8,True
1774608900,66639.68,66502.41,Down,True,66501.79,0.6699999999999999,True,66452.44,0.78,False,True,66448.22,0.84,True,66519.11,0.77,False,True,66492.87,0.92,False
1774609200,66502.41,66452.5,Down,True,66420.0,0.56,True,66413.06,0.64,True,True,66403.52,0.7,True,66426.65,0.6599999999999999,True,True,66445.15,0.69,True
1774609500,66452.5,66403.66,Down,False,66489.3,0.65,True,66449.01,0.43999999999999995,True,False,66473.32,0.63,False,66510.0,0.8,False,False,66492.82,0.79,True
1774609800,66403.66,66619.17,Up,True,66448.0,0.68,True,66495.99,0.83,False,True,66477.72,0.81,True,66513.93,0.9,False,True,66540.01,0.97,False
1774610100,66619.18,66694.01,Up,True,66638.91,0.61,True,66677.35,0.77,False,True,66699.73,0.85,True,66676.58,0.8,False,True,66626.5,0.55,True
1774610400,66694.01,66642.68,Down,True,66687.67,0.53,False,66710.99,0.55,True,False,66702.66,0.56,True,66691.06,0.52,True,True,66690.71,0.54,True
1774610700,66642.68,66712.92,Up,True,66671.75,0.51,True,66675.47,0.65,True,True,66721.73,0.82,True,66712.25,0.82,False,True,66719.41,0.89,False
1774611000,66712.92,66700.01,Down,False,66734.37,0.56,False,66750.38,0.71,False,True,66712.92,0.53,True,66666.01,0.74,True,True,66678.79,0.77,True
1774611300,66700.01,66721.32,Up,False,66679.07,0.6,False,66667.29,0.6699999999999999,True,False,66661.28,0.6699999999999999,False,66690.22,0.5800000000000001,True,False,66692.24,0.6,True
1774611600,66720.95,66764.78,Up,True,66748.85,0.66,True,66752.35,0.67,True,True,66733.38,0.61,True,66740.53,0.69,True,True,66736.4,0.7,True
1774611900,66771.63,66793.0,Up,False,66752.58,0.5800000000000001,False,66735.31,0.64,True,True,66776.43,0.61,True,66800.0,0.75,True,True,66814.87,0.88,False
1774612200,66793.0,66743.15,Down,False,66796.32,0.52,True,66768.7,0.6799999999999999,True,True,66716.4,0.89,True,66715.59,0.89,False,True,66681.71,0.97,False
1774612500,66697.63,66702.78,Up,True,66759.17,0.53,True,66755.33,0.57,True,False,66694.33,0.75,True,66704.57,0.21,True,False,66694.8,0.85,False
1774612800,66690.65,66644.1,Down,False,66732.15,0.61,False,66709.02,0.45,True,True,66667.78,0.75,True,66661.75,0.8,False,True,66670.57,0.8200000000000001,True
1774613100,66644.1,66701.31,Up,False,66639.77,0.5,True,66644.25,0.51,True,True,66660.13,0.66,True,66673.41,0.71,True,True,66773.25,0.97,False
1774613400,66701.32,66650.0,Down,True,66664.89,0.71,True,66613.19,0.87,False,True,66679.41,0.5700000000000001,False,66708.84,0.61,True,False,66704.87,0.59,True
1774613700,66650.0,66681.85,Up,True,66664.96,0.61,True,66673.43,0.65,True,True,66699.95,0.79,True,66692.74,0.75,True,False,66645.04,0.54,True
1774614000,66671.41,66606.21,Down,True,66668.88,0.5700000000000001,True,66632.0,0.74,False,True,66633.46,0.74,True,66627.88,0.81,False,True,66642.28,0.77,True
1774614300,66613.55,66540.5,Down,False,66620.34,0.54,True,66588.8,0.63,True,True,66558.06,0.79,True,66553.67,0.83,False,True,66558.33,0.87,False
1774614600,66540.49,66473.28,Down,False,66547.11,0.56,True,66509.78,0.69,True,True,66530.59,0.56,False,66567.87,0.66,True,False,66575.3,0.76,True
1774614900,66462.15,66606.34,Up,True,66485.67,0.61,False,66447.39,0.56,True,True,66557.95,0.88,True,66541.58,0.86,False,True,66602.0,0.98,False
1774615200,66606.34,66614.22,Up,False,66589.77,0.56,False,66605.59,0.49,True,False,66574.22,0.6,False,66594.46,0.5800000000000001,True,False,66579.8,0.63,True
1774615500,66617.4,66488.84,Down,False,66635.13,0.6,False,66651.32,0.69,True,False,66680.77,0.83,False,66663.4,0.75,True,True,66600.0,0.63,True
1774615800,66488.84,66608.54,Up,True,66509.55,0.61,True,66521.12,0.68,True,True,66537.92,0.8,True,66578.83,0.92,False,True,66566.57,0.91,False
1774616100,66608.53,66619.76,Up,False,66596.52,0.55,False,66594.25,0.56,True,False,66594.24,0.53,False,66598.44,0.51,True,False,66601.56,0.5,True
1774616400,66619.75,66671.72,Up,True,66628.01,0.52,True,66626.83,0.51,True,True,66672.92,0.81,True,66675.01,0.78,False,True,66670.5,0.79,True
1774616700,66671.73,66565.56,Down,True,66638.53,0.65,True,66641.86,0.62,True,True,66629.67,0.7,True,66641.84,0.64,True,True,66606.65,0.89,False
1774617000,66565.55,66533.19,Down,True,66536.05,0.63,True,66532.31,0.65,True,True,66532.67,0.6799999999999999,True,66550.11,0.6,True,True,66533.44,0.73,True
1774617300,66533.19,66553.39,Up,True,66536.82,0.57,True,66549.12,0.6,True,True,66544.54,0.56,False,66524.11,0.6,True,False,66530.0,0.47,True
1774617600,66553.4,66661.07,Up,True,66590.23,0.71,True,66632.72,0.83,False,True,66649.99,0.89,True,66670.55,0.91,False,True,66599.93,0.77,True
1774617900,66656.94,66697.8,Up,True,66675.01,0.59,True,66669.0,0.53,True,True,66659.98,0.56,True,66696.75,0.76,True,True,66690.03,0.79,True
1774618200,66697.8,66366.66,Down,False,66716.63,0.56,True,66679.91,0.5800000000000001,True,True,66590.05,0.86,True,66447.16,0.98,False,True,66508.69,0.99,False
1774618500,66355.22,66445.9,Up,False,66298.24,0.64,False,66330.88,0.5800000000000001,True,False,66283.3,0.73,False,66278.1,0.77,False,True,66379.57,0.47,True
1774618800,66445.89,66514.52,Up,True,66465.97,0.56,True,66509.83,0.66,True,False,66436.88,0.49,True,66484.49,0.63,True,True,66544.76,0.88,False
1774619100,66514.51,66418.42,Down,False,66572.37,0.62,True,66482.61,0.5800000000000001,True,True,66498.98,0.54,False,66541.59,0.59,True,True,66509.51,0.54,True
1774619400,66422.51,66238.62,Down,True,66341.1,0.71,True,66313.82,0.8,False,True,66295.67,0.84,True,66279.5,0.89,False,True,66272.47,0.96,False
1774619700,66238.62,66190.82,Down,True,66206.4,0.56,True,66153.44,0.71,False,True,66112.46,0.8200000000000001,True,66119.79,0.85,False,True,66088.27,0.97,False
1774620000,66128.49,66306.31,Up,False,66107.46,0.6699999999999999,True,66258.67,0.73,False,True,66233.75,0.7,True,66166.52,0.45,True,True,66227.37,0.72,True
1774620300,66307.96,66340.69,Up,False,66306.09,0.45999999999999996,True,66360.0,0.73,False,True,66369.98,0.77,True,66349.44,0.72,True,True,66372.31,0.88,False
1774620600,66322.96,66370.99,Up,True,66337.51,0.5,True,66326.84,0.44,True,False,66321.61,0.55,True,66335.79,0.53,True,True,66325.12,0.45,True
1774620900,66361.23,66108.01,Down,True,66346.44,0.5900000000000001,False,66363.01,0.53,True,True,66358.45,0.53,True,66323.08,0.6799999999999999,True,True,66273.99,0.88,False
1774621200,66125.95,65937.98,Down,True,66102.03,0.52,True,66068.4,0.5900000000000001,True,True,66006.01,0.73,True,66024.27,0.75,True,True,65870.65,0.98,False
1774621500,65920.89,65737.82,Down,False,65939.0,0.53,True,65900.01,0.5800000000000001,True,True,65855.41,0.72,True,65841.77,0.73,True,True,65772.03,0.97,False
1774621800,65737.82,65904.31,Up,True,65801.54,0.68,True,65806.9,0.66,True,True,65822.28,0.73,True,65820.33,0.76,True,True,65783.78,0.73,True
1774622100,65896.19,65813.45,Down,False,65937.18,0.66,False,65916.01,0.58,True,False,65966.79,0.76,False,65977.58,0.8,False,False,65901.54,0.48,True
1774622400,65813.45,65900.11,Up,True,65835.84,0.59,True,65875.66,0.7,True,True,65907.96,0.8,True,65904.93,0.83,False,True,65830.73,0.59,True
1774622700,65900.79,65963.96,Up,False,65884.01,0.53,False,65854.93,0.61,True,False,65786.39,0.84,False,65838.68,0.78,False,True,65906.85,0.53,True
1774623000,65963.95,65986.27,Up,True,66020.0,0.74,True,66082.02,0.86,False,True,66049.05,0.8,True,66043.92,0.81,False,True,66077.26,0.95,False
1774623300,65986.27,66206.4,Up,True,66042.86,0.69,True,66130.55,0.88,False,True,66142.91,0.92,True,66167.9,0.95,False,True,66184.02,0.98,False
1774623600,66205.06,66238.61,Up,True,66212.42,0.5,True,66234.76,0.61,True,True,66215.01,0.53,True,66213.49,0.53,True,True,66221.78,0.64,True
1774623900,66229.2,66219.02,Down,True,66175.55,0.75,True,66221.1,0.56,True,True,66226.35,0.5700000000000001,True,66138.35,0.86,False,True,66144.55,0.9299999999999999,False
1774624200,66236.79,66243.15,Up,True,66274.76,0.63,True,66249.97,0.51,True,False,66236.07,0.51,False,66215.46,0.62,True,True,66261.51,0.66,True
1774624500,66243.15,66095.1,Down,True,66222.39,0.64,True,66219.21,0.64,True,True,66206.04,0.7,True,66233.89,0.53,True,True,66180.97,0.84,False
1774624800,66087.07,66210.77,Up,False,66069.2,0.61,False,66057.72,0.6599999999999999,True,False,66002.21,0.81,False,66009.32,0.8200000000000001,False,False,65969.13,0.97,False
1774625100,66198.41,66301.45,Up,False,66142.48,0.65,False,66171.81,0.5800000000000001,True,False,66171.87,0.5800000000000001,True,66218.0,0.57,True,True,66224.46,0.6,True
1774625400,66332.98,66514.73,Up,False,66317.56,0.51,True,66382.14,0.67,True,True,66433.65,0.79,True,66432.45,0.8,False,True,66433.6,0.91,False
1774625700,66525.24,66470.2,Down,False,66529.27,0.46,True,66499.53,0.6,True,True,66494.02,0.62,False,66569.99,0.68,True,False,66583.8,0.77,True
1774626000,66473.53,66396.24,Down,True,66425.26,0.6799999999999999,True,66349.1,0.87,False,True,66383.34,0.8,True,66359.47,0.87,False,True,66362.94,0.92,False
1774626300,66377.04,66346.42,Down,False,66436.89,0.63,False,66426.18,0.57,True,True,66320.03,0.8200000000000001,True,66308.33,0.85,False,True,66374.64,0.65,True
1774626600,66333.24,66212.42,Down,False,66379.06,0.62,False,66359.5,0.58,True,False,66348.92,0.49,True,66300.03,0.73,True,True,66257.2,0.87,False
1774626900,66212.42,66112.83,Down,True,66202.42,0.55,True,66166.92,0.72,False,True,66168.27,0.7,True,66160.16,0.77,False,True,66121.78,0.94,False
1774627200,66112.82,65959.15,Down,True,66085.84,0.5700000000000001,True,66060.61,0.69,True,True,66011.62,0.8200000000000001,True,65971.9,0.9,False,True,66076.38,0.71,True
1774627500,65950.01,65836.81,Down,True,65927.69,0.5700000000000001,True,65916.4,0.61,True,True,65851.57,0.81,True,65874.68,0.77,False,True,65860.1,0.88,False
1774627800,65836.8,65978.16,Up,True,65869.98,0.64,True,65871.34,0.64,True,True,65885.71,0.71,True,65923.01,0.86,False,True,65930.01,0.9,False
1774628100,65978.14,65973.22,Down,True,65945.98,0.62,True,65920.5,0.6799999999999999,True,True,65929.37,0.64,True,65884.45,0.79,False,True,65903.72,0.89,False
1774628400,65977.61,65854.24,Down,False,65981.98,0.54,False,66060.45,0.8,False,False,66084.64,0.87,False,66051.6,0.81,False,False,65986.26,0.54,True
1774628700,65862.15,65951.83,Up,False,65837.64,0.5800000000000001,True,65872.06,0.53,True,True,65927.69,0.75,True,65928.75,0.81,False,True,65954.94,0.9,False
1774629000,65955.45,65950.56,Down,True,65934.01,0.6,True,65927.8,0.65,True,True,65951.73,0.49,True,65951.0,0.5,True,True,65946.06,0.5700000000000001,True
1774629300,65950.55,65852.38,Down,False,65962.68,0.57,False,65978.01,0.62,True,True,65923.41,0.6,True,65923.41,0.69,True,True,65822.55,0.97,False
1774629600,65852.37,66028.32,Up,False,65822.84,0.56,False,65838.31,0.51,True,False,65846.19,0.45999999999999996,True,65870.08,0.66,True,True,65884.59,0.76,True
1774629900,65970.11,66057.63,Up,True,66032.35,0.54,True,66080.68,0.72,False,True,66135.16,0.82,True,66139.34,0.9,False,True,66060.01,0.71,True
1774630200,66055.92,65958.14,Down,True,65986.27,0.77,True,65923.82,0.89,False,True,65921.66,0.91,True,65890.0,0.95,False,True,65853.73,0.99,False
1774630500,65957.12,65979.29,Up,False,65945.33,0.5,False,65927.69,0.6,True,False,65952.0,0.5,True,65968.63,0.6,True,True,65971.64,0.6,True
1774630800,65979.29,66038.4,Up,True,65998.49,0.58,True,65992.93,0.58,True,True,65983.81,0.53,False,65965.97,0.5800000000000001,True,True,65997.95,0.67,True
1774631100,66038.4,66173.97,Up,True,66050.99,0.59,False,66015.53,0.65,True,True,66056.58,0.64,True,66169.99,0.84,False,True,66172.0,0.95,False
1774631400,66170.0,66209.99,Up,False,66150.03,0.6,True,66179.39,0.5,True,True,66198.06,0.61,True,66204.59,0.64,True,True,66200.41,0.65,True
1774631700,66209.99,66123.7,Down,False,66212.84,0.48,False,66249.88,0.66,True,False,66277.27,0.8,False,66258.14,0.76,True,True,66173.11,0.71,True
1774632000,66123.7,65946.27,Down,True,66037.01,0.78,True,66013.77,0.8200000000000001,False,True,65961.28,0.94,True,65925.47,0.97,False,True,66009.39,0.9299999999999999,False
1774632300,65946.26,65865.1,Down,True,65899.74,0.6699999999999999,True,65930.73,0.5700000000000001,True,True,65924.39,0.64,True,65902.25,0.75,True,True,65923.95,0.7,True
1774632600,65865.1,65902.62,Up,True,65898.02,0.65,True,65900.0,0.66,True,True,65914.14,0.75,True,65870.0,0.56,True,False,65836.79,0.69,True
1774632900,65898.65,65869.47,Down,True,65878.6,0.56,False,65898.66,0.51,True,True,65844.06,0.73,True,65839.9,0.75,True,True,65867.03,0.74,True
1774633200,65869.48,65631.7,Down,True,65868.41,0.49,False,65913.1,0.71,False,False,65899.44,0.69,True,65836.0,0.72,True,True,65785.03,0.92,False
1774633500,65702.74,65650.55,Down,True,65693.29,0.31999999999999995,False,65729.8,0.82,False,True,65672.63,0.35,False,65725.92,0.86,False,True,65670.68,0.30000000000000004,True
1774633800,65650.55,65675.0,Up,True,65666.96,0.58,True,65671.96,0.6,True,True,65676.0,0.63,True,65666.01,0.58,True,True,65703.99,0.81,True
1774634100,65675.0,65632.93,Down,False,65682.37,0.5,False,65685.85,0.55,True,True,65653.7,0.62,True,65635.26,0.7,True,True,65647.31,0.6799999999999999,True
1774634400,65632.93,65685.84,Up,True,65651.64,0.58,True,65660.0,0.66,True,True,65652.69,0.6,True,65656.32,0.64,True,True,65707.46,0.9,False
1774634700,65685.85,65705.92,Up,True,65703.18,0.6,True,65720.4,0.65,True,True,65771.16,0.84,True,65784.81,0.89,False,True,65717.97,0.74,True
1774635000,65705.93,65620.39,Down,True,65688.38,0.53,True,65700.44,0.54,True,False,65745.49,0.75,False,65746.03,0.76,True,False,65709.05,0.51,True
1774635300,65648.0,65808.05,Up,False,65625.77,0.5,True,65651.65,0.65,True,False,65639.38,0.41000000000000003,True,65714.62,0.86,False,True,65724.99,0.95,False
1774635600,65800.01,65588.79,Down,True,65799.62,0.51,False,65824.0,0.61,True,False,65853.26,0.73,True,65800.0,0.49,True,True,65779.75,0.64,True
1774635900,65600.0,65763.49,Up,False,65593.14,0.51,True,65607.68,0.57,True,True,65613.27,0.57,True,65624.01,0.62,True,True,65729.67,0.96,False
1774636200,65763.5,65835.61,Up,True,65799.82,0.66,True,65824.04,0.74,False,True,65814.58,0.73,True,65794.2,0.64,True,True,65767.12,0.59,True
1774636500,65835.61,65822.52,Down,True,65822.53,0.5800000000000001,True,65816.79,0.5800000000000001,True,True,65800.01,0.7,True,65809.31,0.64,True,False,65853.84,0.64,True
1774636800,65822.52,65799.98,Down,True,65809.77,0.5800000000000001,True,65790.07,0.62,True,True,65799.78,0.6599999999999999,True,65786.7,0.73,True,True,65784.5,0.76,True
1774637100,65799.99,65892.0,Up,True,65822.85,0.6,True,65875.66,0.81,False,True,65877.45,0.84,True,65854.21,0.79,False,True,65859.4,0.86,False
1774637400,65892.0,65850.7,Down,False,65910.21,0.61,False,65930.5,0.69,True,True,65887.64,0.49,True,65877.14,0.6,True,True,65861.37,0.74,True
1774637700,65850.71,65836.68,Down,True,65843.0,0.55,True,65839.27,0.52,True,True,65809.01,0.75,True,65833.67,0.6,True,False,65879.53,0.71,True
1774638000,65836.69,65766.89,Down,True,65824.05,0.5900000000000001,True,65806.01,0.69,True,True,65825.11,0.55,True,65785.19,0.78,False,True,65791.28,0.8200000000000001,True
1774638300,65766.9,65760.11,Down,False,65784.56,0.6,True,65715.89,0.79,False,True,65716.67,0.74,True,65726.87,0.71,True,True,65718.22,0.81,True
1774638600,65803.6,65775.16,Down,True,65771.58,0.52,True,65752.14,0.64,True,True,65746.61,0.69,True,65758.63,0.62,True,True,65796.87,0.37,True
1774638900,65775.16,65914.97,Up,True,65779.12,0.48,False,65742.0,0.7,True,True,65784.66,0.56,True,65798.21,0.65,True,True,65887.49,0.96,False
1774639200,65897.91,65884.06,Down,False,65906.99,0.44,False,65912.28,0.49,True,True,65884.23,0.6599999999999999,True,65865.62,0.74,True,True,65885.54,0.72,True
1774639500,65884.07,65918.88,Up,True,65917.12,0.65,True,65902.13,0.59,True,False,65865.08,0.64,False,65869.48,0.5800000000000001,True,True,65892.51,0.55,True
1774639800,65940.2,66001.58,Up,True,65974.62,0.74,True,65960.41,0.64,True,True,65946.77,0.59,True,66000.6,0.84,False,True,65971.22,0.82,True
1774640100,66004.83,65996.66,Down,True,65959.02,0.69,True,65990.98,0.53,True,True,65966.0,0.7,True,65973.1,0.64,True,True,65974.4,0.76,True
1774640400,65996.66,65928.81,Down,True,65981.98,0.62,True,65900.12,0.88,False,True,65888.01,0.9,True,65894.26,0.9,False,True,65945.71,0.83,False
1774640700,65928.81,65975.74,Up,True,65940.14,0.55,False,65916.77,0.56,True,False,65896.13,0.6799999999999999,False,65887.0,0.75,True,True,65943.9,0.6,True
1774641000,65975.74,65952.05,Down,True,65953.8,0.55,True,65951.21,0.5900000000000001,True,True,65913.6,0.76,True,65897.16,0.81,False,True,65896.13,0.89,False
1774641300,65952.06,66042.23,Up,True,66067.63,0.85,True,66060.53,0.84,False,True,66055.97,0.85,True,66052.96,0.87,False,True,66050.46,0.91,False
1774641600,66040.65,66074.32,Up,True,66071.65,0.61,True,66048.59,0.49,True,True,66089.99,0.65,True,66104.37,0.76,True,True,66152.51,0.95,False
1774641900,66074.32,66029.68,Down,False,66077.46,0.49,False,66091.12,0.54,True,False,66128.66,0.72,False,66097.73,0.6,True,False,66082.81,0.54,True
1774642200,66025.96,66004.52,Down,False,66056.77,0.6,False,66051.31,0.53,True,False,66034.72,0.49,True,66011.21,0.6699999999999999,True,False,66028.52,0.42,True
1774642500,66004.52,66076.13,Up,True,66038.46,0.7,True,66067.78,0.82,False,True,66076.39,0.85,True,66090.06,0.87,False,False,66003.85,0.47,True
1774642800,66064.73,66026.6,Down,True,66054.35,0.5900000000000001,True,66032.71,0.6599999999999999,True,True,66044.12,0.5700000000000001,True,66040.73,0.61,True,True,66031.33,0.8,True
1774643100,66018.71,65900.32,Down,True,65920.94,0.84,True,65923.93,0.87,False,True,65937.53,0.87,True,65922.32,0.9299999999999999,False,True,65922.32,0.97,False
1774643400,65900.32,65856.92,Down,True,65880.01,0.6,True,65864.18,0.6699999999999999,True,True,65874.74,0.65,True,65879.41,0.6699999999999999,True,True,65866.91,0.75,True
1774643700,65862.98,65940.43,Up,False,65856.93,0.5,False,65849.95,0.54,True,False,65840.71,0.5800000000000001,False,65849.96,0.5800000000000001,True,True,65891.53,0.78,True
1774644000,65940.43,65896.7,Down,True,65912.65,0.69,True,65935.58,0.5800000000000001,True,True,65925.47,0.69,True,65908.88,0.75,True,False,65953.81,0.62,True
1774644300,65914.42,66016.28,Up,False,65902.55,0.47,False,65905.77,0.42000000000000004,True,True,65920.27,0.64,True,65929.78,0.72,True,True,65976.88,0.93,False
1774644600,66012.86,66082.8,Up,False,66008.29,0.5700000000000001,False,66008.29,0.5700000000000001,True,True,66016.28,0.51,True,66024.69,0.55,True,True,66058.43,0.9,False
1774644900,66086.92,66013.71,Down,True,66059.96,0.73,True,66042.18,0.76,False,True,66056.14,0.72,True,66051.44,0.73,True,True,66031.33,0.9,False
1774645200,66020.77,66104.54,Up,False,66019.3,0.48,True,66035.8,0.66,True,True,66041.91,0.64,True,66041.9,0.67,True,True,66069.62,0.89,False
1774645500,66104.55,66112.01,Up,True,66106.39,0.49,False,66085.79,0.6599999999999999,True,False,66098.17,0.49,False,66104.17,0.43000000000000005,True,False,66091.85,0.5800000000000001,True
1774645800,66099.94,66151.33,Up,True,66101.29,0.54,True,66101.32,0.5,True,True,66101.33,0.5,True,66105.71,0.55,True,True,66140.72,0.82,True
1774646100,66151.32,66160.01,Up,True,66169.51,0.67,False,66139.45,0.5700000000000001,True,False,66121.02,0.64,False,66140.36,0.48,True,True,66153.39,0.6,True
1774646400,66119.98,66147.99,Up,True,66134.97,0.32,True,66147.19,0.38,True,True,66150.52,0.44,True,66134.97,0.28,True,True,66149.73,0.44,True
1774646700,66147.99,66151.47,Up,True,66159.37,0.61,True,66161.43,0.57,True,True,66155.09,0.61,True,66161.43,0.67,True,True,66161.44,0.68,True
1774647000,66151.47,66157.87,Up,True,66173.05,0.63,True,66171.5,0.64,True,True,66171.51,0.66,True,66171.51,0.67,True,True,66176.16,0.84,False
1774647300,66158.08,66071.57,Down,True,66127.03,0.76,True,66129.98,0.6699999999999999,True,True,66136.17,0.6599999999999999,True,66105.64,0.87,False,True,66052.35,0.9299999999999999,False
1774647600,66071.57,66129.9,Up,False,66062.58,0.5800000000000001,False,66062.58,0.5900000000000001,True,True,66080.68,0.53,True,66105.05,0.75,True,True,66100.04,0.7,True
1774647900,66129.89,66100.81,Down,False,66132.77,0.53,False,66139.99,0.57,True,True,66128.33,0.45999999999999996,False,66132.58,0.55,True,True,66110.06,0.76,True
1774648200,66132.47,66090.47,Down,True,66100.0,0.51,True,66100.01,0.52,True,True,66065.07,0.8200000000000001,True,66084.26,0.54,True,True,66096.55,0.5800000000000001,True
1774648500,66090.47,66082.23,Down,True,66083.98,0.6,True,66071.34,0.5800000000000001,True,True,66072.85,0.6699999999999999,True,66072.84,0.65,True,True,66048.28,0.8,True
1774648800,66063.38,66040.43,Down,True,66053.7,0.69,True,66049.58,0.6799999999999999,True,True,66051.34,0.6699999999999999,True,66051.35,0.69,True,False,66090.45,0.45,True
1774649100,66059.17,66010.65,Down,True,66041.08,0.5700000000000001,True,66003.57,0.75,False,True,65980.82,0.86,True,65973.94,0.89,False,True,65983.77,0.91,False
1774649400,66010.64,66000.0,Down,False,66028.94,0.59,False,66016.45,0.39,True,True,65986.26,0.8,True,65989.69,0.71,True,True,65998.0,0.6799999999999999,True
1774649700,66009.78,66003.86,Down,True,65983.76,0.75,True,65993.92,0.5700000000000001,True,True,66001.31,0.5900000000000001,True,66001.31,0.54,True,True,65992.35,0.64,True
1774650000,66003.86,66019.09,Up,False,66003.86,0.45999999999999996,False,66003.86,0.44999999999999996,True,False,66003.85,0.43999999999999995,True,66019.59,0.67,True,True,66019.58,0.7,True
1774650300,66019.09,66020.91,Up,False,66019.09,0.43000000000000005,False,65971.92,0.83,False,False,65955.96,0.81,False,65949.06,0.86,False,False,65961.06,0.86,False
1774650600,65967.09,66005.0,Up,True,65994.75,0.3,True,66005.56,0.41,True,True,66029.02,0.52,True,66039.48,0.53,True,True,66045.49,0.52,True
1774650900,66005.0,65925.32,Down,False,66008.84,0.47,True,65975.44,0.75,False,True,65967.23,0.76,True,65955.45,0.85,False,True,65940.8,0.9,False
1774651200,65930.12,66044.96,Up,True,65944.17,0.62,True,65948.35,0.6,True,True,65951.8,0.67,True,65971.11,0.8,False,True,65955.69,0.7,True
1774651500,66041.85,66058.67,Up,True,66045.56,0.48,True,66045.55,0.5,True,False,66039.96,0.52,True,66046.25,0.57,True,True,66050.0,0.62,True
1774651800,66058.67,66031.33,Down,True,66048.62,0.56,False,66065.99,0.57,True,False,66076.38,0.64,True,66052.91,0.65,True,True,66031.31,0.8200000000000001,True
1774652100,66031.32,66020.79,Down,False,66052.02,0.63,False,66058.46,0.64,True,False,66058.47,0.68,False,66058.47,0.67,True,True,66027.67,0.31000000000000005,True
1774652400,66020.79,66015.5,Down,False,66029.5,0.57,False,66036.72,0.61,True,False,66042.44,0.62,False,66042.43,0.64,True,False,66035.96,0.58,True
1774652700,66015.5,65988.59,Down,True,66003.57,0.5900000000000001,True,66003.57,0.5800000000000001,True,True,66010.61,0.54,False,66023.35,0.59,True,True,65972.73,0.89,False
1774653000,65988.59,66100.0,Up,True,66008.57,0.65,True,66015.8,0.63,True,True,66018.29,0.73,True,66027.35,0.74,True,True,66060.34,0.93,False
1774653300,66096.8,66101.11,Up,False,66085.78,0.53,False,66085.77,0.5800000000000001,True,False,66093.24,0.52,False,66073.75,0.65,True,False,66095.46,0.45999999999999996,True
1774653600,66101.11,66221.75,Up,False,66101.11,0.51,False,66101.11,0.45999999999999996,True,True,66110.11,0.64,True,66113.46,0.65,True,True,66125.81,0.72,True
1774653900,66221.76,66185.16,Down,True,66220.01,0.51,True,66189.26,0.6599999999999999,True,True,66184.59,0.72,True,66193.46,0.63,True,True,66197.75,0.56,True
1774654200,66183.81,66195.0,Up,True,66191.59,0.49,True,66198.29,0.52,True,True,66198.29,0.57,True,66184.05,0.51,True,True,66191.62,0.64,True
1774654500,66187.18,66239.29,Up,False,66187.18,0.5800000000000001,False,66179.39,0.6799999999999999,True,False,66187.18,0.51,True,66195.5,0.41,True,True,66226.6,0.63,True
1774654800,66239.28,66291.06,Up,True,66240.65,0.48,False,66225.01,0.6,True,False,66210.01,0.77,False,66216.91,0.6,True,True,66245.99,0.74,True
1774655100,66291.06,66377.17,Up,True,66310.01,0.61,True,66319.36,0.71,False,True,66310.0,0.66,True,66328.6,0.84,False,True,66341.08,0.9,False
1774655400,66377.17,66387.69,Up,False,66324.89,0.73,False,66345.9,0.65,True,False,66338.45,0.65,False,66337.98,0.62,True,False,66362.14,0.55,True
1774655700,66387.69,66407.27,Up,False,66369.58,0.61,False,66369.58,0.63,True,False,66354.47,0.69,False,66370.42,0.54,True,False,66381.02,0.5,True
1774656000,66407.28,66458.06,Up,False,66369.31,0.72,False,66372.78,0.72,False,False,66368.27,0.6599999999999999,False,66362.36,0.76,True,True,66414.05,0.7,True
1774656300,66458.05,66365.03,Down,True,66445.9,0.6,True,66431.88,0.62,True,True,66420.75,0.62,True,66444.05,0.42000000000000004,True,True,66442.8,0.54,True
1774656600,66365.03,66293.35,Down,False,66372.99,0.5,True,66325.4,0.76,False,True,66323.66,0.77,True,66334.18,0.6599999999999999,True,True,66319.59,0.8,True
1774656900,66306.23,66334.63,Up,True,66330.72,0.63,True,66334.18,0.72,False,True,66338.19,0.78,True,66340.18,0.82,False,True,66390.84,0.96,False
1774657200,66334.64,66365.53,Up,False,66334.64,0.48,True,66345.89,0.63,True,True,66347.87,0.66,True,66360.28,0.66,True,True,66346.75,0.6,True
1774657500,66365.53,66375.01,Up,False,66353.02,0.56,False,66346.92,0.64,True,False,66351.05,0.51,False,66354.99,0.49,True,False,66358.39,0.62,True
1774657800,66375.01,66436.99,Up,True,66432.12,0.74,True,66413.42,0.66,True,True,66442.12,0.85,True,66490.4,0.93,False,True,66466.64,0.94,False
1774658100,66436.0,66480.02,Up,True,66448.49,0.52,True,66460.6,0.59,True,True,66491.33,0.74,True,66505.22,0.84,False,True,66502.66,0.87,False
1774658400,66480.02,66489.13,Up,False,66480.02,0.55,False,66449.18,0.76,False,False,66436.88,0.8,False,66422.36,0.8200000000000001,False,False,66431.94,0.8,True
1774658700,66489.14,66442.58,Down,True,66471.93,0.6699999999999999,True,66480.85,0.64,True,True,66467.28,0.74,True,66475.13,0.6599999999999999,True,True,66464.95,0.81,True
1774659000,66442.59,66432.0,Down,True,66441.18,0.61,False,66445.36,0.47,True,False,66445.36,0.4,True,66426.74,0.79,False,True,66415.17,0.88,False
1774659300,66432.0,66431.55,Down,False,66458.96,0.6,False,66492.43,0.8,False,False,66461.69,0.65,False,66468.32,0.65,True,True,66428.93,0.55,True
1774659600,66431.54,66368.58,Down,True,66404.05,0.73,True,66394.86,0.77,False,True,66348.95,0.83,True,66360.99,0.8200000000000001,False,True,66383.79,0.8200000000000001,True
1774659900,66368.58,66305.93,Down,False,66375.73,0.5,False,66373.37,0.58,True,False,66391.49,0.67,False,66392.33,0.74,True,True,66342.25,0.75,True
1774660200,66305.93,66148.39,Down,True,66280.0,0.5900000000000001,True,66262.28,0.73,False,True,66227.35,0.85,True,66200.49,0.91,False,True,66220.08,0.94,False
1774660500,66154.54,66255.49,Up,False,66150.96,0.42000000000000004,True,66165.05,0.65,True,True,66174.22,0.7,True,66187.99,0.74,True,True,66224.74,0.88,False
1774660800,66255.49,66281.38,Up,True,66260.56,0.53,True,66256.16,0.56,True,True,66270.52,0.69,True,66275.22,0.7,True,True,66284.38,0.7,True
1774661100,66281.38,66217.09,Down,True,66256.63,0.6599999999999999,True,66270.0,0.5700000000000001,True,True,66269.97,0.55,True,66256.64,0.6699999999999999,True,True,66238.62,0.79,True
1774661400,66217.09,66216.31,Down,False,66224.6,0.6,False,66220.36,0.51,True,False,66258.68,0.81,False,66270.51,0.83,False,False,66275.38,0.84,False
1774661700,66216.31,66092.27,Down,True,66178.66,0.52,True,66142.54,0.6799999999999999,True,True,66130.54,0.81,True,66093.28,0.94,False,True,66069.99,0.98,False
1774662000,66108.39,66137.22,Up,False,66100.98,0.32999999999999996,False,66099.99,0.29000000000000004,True,False,66107.87,0.28,True,66139.57,0.87,False,True,66175.77,0.95,False
1774662300,66137.21,66152.45,Up,True,66153.35,0.69,True,66149.07,0.71,False,True,66159.64,0.76,True,66177.11,0.87,False,True,66188.34,0.91,False
1774662600,66160.49,66170.07,Up,True,66165.54,0.63,True,66165.54,0.62,True,False,66152.45,0.49,False,66134.96,0.44999999999999996,True,False,66127.03,0.61,True
1774662900,66146.74,66178.86,Up,False,66117.39,0.73,False,66127.07,0.62,True,False,66133.56,0.61,False,66117.34,0.72,True,False,66107.36,0.77,True
1774663200,66178.86,66234.48,Up,True,66187.99,0.52,True,66187.99,0.52,True,True,66186.2,0.54,True,66181.69,0.49,True,True,66239.8,0.87,False
1774663500,66234.48,66225.72,Down,True,66234.48,0.51,False,66238.99,0.5,True,False,66239.0,0.51,True,66204.47,0.69,True,True,66188.03,0.85,False
1774663800,66225.72,66197.3,Down,False,66238.53,0.61,False,66231.78,0.6,True,True,66208.32,0.61,True,66208.33,0.47,True,False,66228.93,0.53,True
1774664100,66197.31,66053.46,Down,False,66212.75,0.66,False,66226.38,0.71,False,False,66201.53,0.48,True,66184.8,0.6799999999999999,True,True,66048.6,0.98,False
1774664400,66053.45,66089.22,Up,False,66043.19,0.5700000000000001,False,66043.04,0.51,True,False,66043.04,0.55,False,66048.27,0.45999999999999996,True,True,66056.2,0.51,True
1774664700,66089.22,66052.62,Down,True,66089.22,0.48,True,66068.08,0.62,True,True,66062.3,0.52,True,66050.01,0.62,True,True,66043.04,0.77,True
1774665000,66052.62,65998.0,Down,False,66071.53,0.68,True,65964.44,0.8200000000000001,False,True,65989.18,0.79,True,65981.98,0.87,False,True,65986.27,0.89,False
1774665300,65993.38,65994.96,Up,True,66013.46,0.57,True,66034.05,0.66,True,True,66032.82,0.69,False,65984.21,0.52,True,False,65978.75,0.5800000000000001,True
1774665600,65994.97,66032.51,Up,False,65988.04,0.45999999999999996,True,66009.99,0.63,True,True,66010.0,0.57,True,66014.85,0.64,True,True,66020.0,0.65,True
1774665900,66032.52,66026.27,Down,False,66036.56,0.6,True,66026.41,0.53,True,True,65977.61,0.75,True,65991.72,0.74,True,True,66004.08,0.74,True
1774666200,66026.27,66018.0,Down,False,66028.77,0.6,False,66038.82,0.71,False,False,66051.18,0.69,False,66051.18,0.65,True,False,66068.02,0.83,False
1774666500,66018.0,66053.2,Up,True,66039.35,0.68,True,66033.34,0.69,True,True,66042.82,0.68,True,66042.82,0.75,True,True,66046.51,0.78,True
1774666800,66053.2,66090.12,Up,True,66069.84,0.73,True,66065.97,0.75,False,True,66087.41,0.86,True,66097.42,0.88,False,True,66108.12,0.94,False
1774667100,66090.12,66123.37,Up,True,66105.64,0.76,True,66146.71,0.89,False,True,66137.83,0.87,True,66139.06,0.92,False,True,66141.53,0.95,False
1774667400,66123.38,66130.14,Up,True,66125.74,0.57,True,66133.59,0.72,False,True,66142.57,0.82,True,66142.56,0.86,False,True,66149.69,0.9,False
1774667700,66130.13,66172.0,Up,True,66147.24,0.69,True,66147.24,0.71,False,True,66149.99,0.76,True,66142.88,0.72,True,True,66169.45,0.91,False
1774668000,66172.0,66180.12,Up,True,66174.5,0.67,True,66178.96,0.7,True,True,66180.0,0.76,True,66179.39,0.7,True,False,66161.29,0.43999999999999995,True
1774668300,66180.12,66179.39,Down,True,66179.38,0.43999999999999995,True,66174.03,0.49,True,False,66183.53,0.62,False,66182.64,0.64,True,True,66163.44,0.49,True
1774668600,66147.0,66166.27,Up,True,66170.96,0.45,True,66164.32,0.38,True,True,66159.07,0.35,True,66155.3,0.38,True,True,66152.97,0.27,True
1774668900,66166.27,66168.6,Up,True,66166.52,0.44,True,66171.48,0.38,True,False,66160.12,0.69,False,66160.11,0.6799999999999999,True,True,66199.99,0.68,True
1774669200,66160.6,66238.62,Up,True,66185.06,0.73,True,66201.88,0.79,False,True,66214.88,0.88,True,66225.04,0.91,False,True,66228.89,0.94,False
1774669500,66225.05,66241.82,Up,True,66230.15,0.63,True,66230.16,0.59,True,False,66224.28,0.41000000000000003,True,66238.92,0.76,True,True,66242.29,0.81,True
1774669800,66241.81,66201.91,Down,True,66206.59,0.75,True,66206.59,0.74,False,True,66193.61,0.78,True,66212.3,0.6599999999999999,True,True,66213.5,0.73,True
1774670100,66201.91,66240.0,Up,False,66201.91,0.54,False,66201.9,0.54,True,True,66209.07,0.62,False,66200.0,0.51,True,True,66215.99,0.78,True
1774670400,66240.0,66230.56,Down,True,66229.63,0.64,True,66219.28,0.73,False,True,66219.28,0.74,True,66174.85,0.9299999999999999,False,True,66190.43,0.92,False
1774670700,66230.55,66131.11,Down,True,66206.79,0.6599999999999999,True,66201.1,0.69,True,True,66192.73,0.78,True,66189.95,0.77,False,True,66166.52,0.9,False
1774671000,66131.1,66123.67,Down,False,66139.46,0.58,False,66132.94,0.46,True,True,66127.26,0.5900000000000001,True,66112.26,0.7,True,True,66123.26,0.5800000000000001,True
1774671300,66123.67,66260.46,Up,True,66127.01,0.52,True,66138.81,0.63,True,True,66138.82,0.68,True,66154.49,0.78,False,True,66204.38,0.96,False
1774671600,66260.75,66278.09,Up,True,66262.12,0.54,True,66269.44,0.61,True,True,66264.91,0.6,True,66278.09,0.73,True,True,66294.65,0.92,False
1774671900,66271.91,66266.53,Down,True,66262.63,0.63,True,66260.47,0.61,True,True,66261.46,0.6,True,66246.61,0.7,True,True,66263.31,0.65,True
1774672200,66256.32,66283.17,Up,True,66281.38,0.59,True,66280.58,0.62,True,True,66281.53,0.69,True,66281.53,0.72,True,True,66268.04,0.54,True
1774672500,66291.15,66295.0,Up,False,66270.67,0.65,False,66259.13,0.7,True,False,66270.68,0.53,False,66280.97,0.54,True,False,66284.34,0.54,True
1774672800,66295.0,66297.0,Up,False,66284.78,0.52,False,66278.1,0.75,False,False,66278.1,0.65,False,66278.09,0.6599999999999999,True,False,66260.25,0.84,False
1774673100,66297.01,66275.0,Down,True,66297.01,0.55,True,66297.01,0.5900000000000001,True,True,66297.0,0.51,False,66299.64,0.49,True,True,66284.03,0.78,True
1774673400,66275.0,66278.05,Up,True,66283.5,0.57,True,66285.68,0.53,True,True,66285.68,0.49,True,66279.46,0.4,True,True,66288.42,0.48,True
1774673700,66278.04,66285.0,Up,False,66262.04,0.6699999999999999,False,66262.04,0.69,True,False,66243.01,0.76,False,66248.33,0.72,True,False,66243.29,0.78,True
1774674000,66233.43,66233.41,Down,False,66293.38,0.46,False,66288.9,0.48,True,False,66268.91,0.32,False,66264.64,0.33,True,False,66260.96,0.37,True
1774674300,66233.41,66234.02,Up,True,66236.04,0.54,True,66236.04,0.54,True,True,66241.61,0.49,True,66238.62,0.54,True,True,66238.62,0.48,True
1774674600,66221.0,66250.54,Up,False,66202.01,0.73,True,66223.65,0.39,True,False,66215.6,0.74,True,66230.17,0.51,True,True,66240.31,0.55,True
1774674900,66250.54,66224.57,Down,False,66250.55,0.52,False,66250.55,0.48,True,False,66258.03,0.55,False,66258.02,0.52,True,True,66244.17,0.7,True
1774675200,66224.58,66362.13,Up,True,66224.6,0.43,True,66230.99,0.66,True,True,66250.47,0.81,True,66267.43,0.82,False,True,66297.04,0.95,False
1774675500,66362.13,66336.78,Down,True,66342.26,0.6,True,66335.05,0.62,True,True,66344.47,0.53,True,66344.47,0.54,True,True,66359.11,0.4,True
1774675800,66354.7,66362.0,Up,False,66345.18,0.43999999999999995,False,66334.34,0.5,True,False,66338.81,0.48,False,66352.95,0.33999999999999997,True,True,66366.98,0.7,True
1774676100,66361.99,66325.14,Down,True,66358.66,0.5700000000000001,True,66347.15,0.63,True,True,66342.26,0.65,True,66338.13,0.71,True,True,66330.01,0.8200000000000001,True
1774676400,66325.14,66345.01,Up,False,66311.91,0.6599999999999999,False,66311.9,0.5700000000000001,True,False,66300.38,0.71,False,66301.79,0.65,True,False,66289.4,0.77,True
1774676700,66345.01,66329.99,Down,True,66343.01,0.5,False,66353.13,0.64,True,False,66365.39,0.7,False,66356.08,0.53,True,False,66346.38,0.34,True
1774677000,66330.0,66340.5,Up,True,66350.58,0.54,True,66352.71,0.53,True,True,66350.66,0.48,True,66350.65,0.44,True,True,66363.51,0.52,True
1774677300,66340.5,66340.25,Down,True,66340.5,0.5900000000000001,False,66347.79,0.48,True,False,66345.94,0.43,True,66338.86,0.6699999999999999,True,False,66360.0,0.67,True
1774677600,66341.9,66329.85,Down,False,66383.39,0.72,False,66376.41,0.68,True,False,66395.96,0.83,False,66387.82,0.77,False,True,66322.01,0.69,True
1774677900,66329.85,66349.9,Up,True,66340.17,0.58,True,66353.52,0.65,True,True,66364.14,0.72,True,66364.14,0.75,True,True,66384.59,0.84,False
1774678200,66349.9,66367.47,Up,False,66334.84,0.63,False,66336.48,0.61,True,False,66345.42,0.54,False,66345.42,0.5900000000000001,True,False,66320.32,0.84,False
1774678500,66367.47,66477.81,Up,True,66367.48,0.5,False,66362.43,0.5900000000000001,True,True,66382.48,0.68,True,66388.2,0.76,True,True,66447.97,0.95,False
1774678800,66477.81,66490.13,Up,False,66461.01,0.5700000000000001,False,66451.52,0.6,True,False,66453.13,0.61,False,66448.52,0.69,True,False,66431.3,0.78,True
1774679100,66490.13,66461.72,Down,True,66467.1,0.6599999999999999,True,66452.7,0.79,False,True,66452.69,0.81,True,66452.69,0.81,False,True,66445.89,0.89,False
1774679400,66461.72,66446.15,Down,False,66475.51,0.44,False,66468.69,0.37,True,False,66470.82,0.45,False,66475.14,0.37,True,False,66474.9,0.42,True
1774679700,66446.16,66435.95,Down,True,66431.5,0.71,True,66445.89,0.62,True,True,66445.88,0.64,True,66433.67,0.73,True,True,66428.56,0.78,True
1774680000,66445.89,66425.99,Down,True,66429.36,0.6,True,66434.01,0.54,True,True,66434.01,0.56,True,66434.0,0.63,True,False,66458.38,0.48,True
1774680300,66426.0,66365.37,Down,True,66426.0,0.45999999999999996,False,66445.51,0.62,True,False,66445.5,0.6,False,66445.5,0.54,True,True,66405.2,0.89,False
1774680600,66413.55,66387.11,Down,True,66360.2,0.55,True,66360.2,0.55,True,True,66360.2,0.51,True,66369.26,0.49,True,True,66363.29,0.49,True
1774680900,66387.11,66382.0,Down,False,66388.07,0.54,False,66395.31,0.62,True,False,66400.0,0.69,False,66389.87,0.52,True,False,66405.88,0.73,True
1774681200,66413.73,66395.02,Down,False,66414.32,0.7,False,66414.32,0.72,False,True,66398.09,0.36,True,66398.08,0.39,True,True,66404.5,0.19999999999999996,True
1774681500,66398.08,66420.74,Up,True,66398.09,0.52,False,66392.51,0.56,True,False,66392.5,0.5,False,66392.51,0.53,True,False,66380.0,0.52,True
1774681800,66420.74,66437.73,Up,False,66420.74,0.49,True,66420.75,0.53,True,False,66420.74,0.41000000000000003,False,66420.74,0.43000000000000005,True,False,66416.45,0.37,True
1774682100,66430.66,66472.31,Up,True,66431.71,0.49,False,66430.26,0.43999999999999995,True,True,66438.11,0.58,False,66430.27,0.54,True,True,66439.65,0.61,True
1774682400,66472.31,66476.82,Up,False,66472.31,0.53,False,66470.43,0.52,True,False,66470.43,0.48,False,66470.43,0.47,True,False,66462.37,0.48,True
1774682700,66476.82,66471.16,Down,True,66474.97,0.5700000000000001,True,66473.75,0.5700000000000001,True,True,66465.71,0.6699999999999999,True,66450.0,0.6699999999999999,True,True,66457.67,0.69,True
1774683000,66471.16,66451.0,Down,True,66461.01,0.5900000000000001,True,66461.02,0.62,True,True,66461.01,0.6,True,66450.01,0.72,True,True,66461.66,0.63,True
1774683300,66447.93,66439.6,Down,True,66446.51,0.53,False,66454.02,0.36,True,True,66446.86,0.6799999999999999,True,66445.89,0.71,True,True,66437.65,0.74,True
1774683600,66439.6,66430.0,Down,False,66451.76,0.53,False,66451.14,0.38,True,False,66451.78,0.42,False,66453.03,0.4,True,False,66453.0,0.45,True
1774683900,66430.0,66483.68,Up,True,66446.63,0.57,True,66453.89,0.56,True,True,66445.0,0.52,True,66453.56,0.66,True,True,66462.52,0.79,True
1774684200,66483.68,66502.43,Up,True,66489.97,0.58,False,66483.61,0.38,True,True,66499.97,0.68,True,66493.12,0.71,True,True,66495.98,0.69,True
1774684500,66502.43,66561.48,Up,True,66509.29,0.53,True,66504.06,0.59,True,True,66505.41,0.61,True,66509.92,0.75,True,True,66570.38,0.95,False
1774684800,66560.81,66570.0,Up,False,66524.51,0.72,False,66500.01,0.8200000000000001,False,False,66504.55,0.81,False,66493.05,0.86,False,False,66519.79,0.6699999999999999,True
1774685100,66570.0,66499.76,Down,True,66560.03,0.5800000000000001,True,66550.02,0.6799999999999999,True,True,66548.3,0.7,True,66530.0,0.84,False,True,66537.7,0.8,True
1774685400,66519.5,66492.74,Down,True,66514.56,0.56,False,66520.68,0.42,True,False,66520.68,0.4,True,66499.08,0.76,True,True,66505.26,0.63,True
1774685700,66500.17,66517.23,Up,True,66505.25,0.48,True,66505.25,0.48,True,True,66505.25,0.5,True,66505.25,0.53,True,True,66517.23,0.73,True
1774686000,66517.23,66545.04,Up,True,66517.24,0.51,True,66517.24,0.51,True,True,66523.88,0.61,True,66523.88,0.61,True,True,66533.66,0.85,False
1774686300,66545.04,66552.27,Up,True,66559.6,0.67,True,66559.6,0.66,True,True,66559.59,0.63,False,66542.51,0.5900000000000001,True,True,66556.9,0.69,True
1774686600,66552.28,66511.72,Down,True,66545.68,0.6,True,66539.41,0.64,True,True,66541.06,0.6,True,66541.07,0.55,True,True,66545.65,0.5700000000000001,True
1774686900,66511.71,66455.67,Down,False,66514.42,0.5,False,66526.74,0.58,True,False,66526.74,0.57,True,66508.48,0.63,True,True,66483.37,0.86,False
1774687200,66455.67,66421.62,Down,True,66449.74,0.55,False,66478.46,0.71,False,False,66477.82,0.61,False,66468.56,0.63,True,True,66453.01,0.61,True
1774687500,66421.62,66457.5,Up,False,66417.96,0.47,False,66417.96,0.5,True,True,66431.11,0.66,True,66436.09,0.59,True,True,66441.96,0.55,True
1774687800,66457.49,66403.91,Down,True,66422.99,0.7,True,66414.1,0.72,False,True,66421.34,0.78,True,66411.07,0.78,False,True,66406.21,0.85,False
1774688100,66403.01,66406.7,Up,True,66403.91,0.49,False,66392.72,0.62,True,False,66392.71,0.76,False,66392.72,0.6599999999999999,True,False,66392.72,0.6,True
1774688400,66396.37,66370.01,Down,False,66399.19,0.43,False,66399.19,0.45,True,False,66399.19,0.44,False,66399.17,0.36,True,True,66384.41,0.83,False
1774688700,66370.0,66365.64,Down,False,66375.56,0.61,True,66366.09,0.48,True,True,66351.0,0.71,True,66351.0,0.71,True,True,66345.66,0.78,True
1774689000,66365.63,66349.91,Down,True,66346.92,0.65,True,66346.92,0.62,True,True,66346.92,0.7,True,66346.92,0.7,True,True,66349.91,0.7,True
1774689300,66349.92,66359.64,Up,False,66306.71,0.74,False,66294.85,0.8200000000000001,False,False,66328.0,0.64,False,66329.0,0.75,True,False,66339.58,0.5900000000000001,True
1774689600,66360.06,66361.55,Up,True,66375.22,0.71,True,66378.39,0.74,False,True,66389.58,0.76,True,66389.57,0.72,True,True,66389.57,0.68,True
1774689900,66361.55,66358.99,Down,True,66356.61,0.52,True,66360.83,0.43999999999999995,True,False,66373.99,0.63,False,66373.99,0.61,True,False,66373.99,0.63,True
1774690200,66354.07,66290.01,Down,False,66358.98,0.49,False,66358.99,0.51,True,False,66358.99,0.47,False,66359.05,0.49,True,True,66334.75,0.8200000000000001,True
1774690500,66290.01,66266.66,Down,True,66290.01,0.51,False,66290.02,0.54,True,False,66290.02,0.47,False,66307.27,0.48,True,False,66303.42,0.42,True
1774690800,66297.29,66259.5,Down,True,66282.87,0.44999999999999996,True,66295.99,0.33999999999999997,True,True,66289.17,0.48,True,66289.17,0.5,True,True,66292.15,0.52,True
1774691100,66300.0,66251.89,Down,True,66271.0,0.44999999999999996,True,66266.33,0.53,True,True,66264.49,0.51,True,66279.81,0.4,True,True,66279.97,0.53,True
1774691400,66251.89,66292.57,Up,False,66249.92,0.49,False,66248.96,0.5,True,True,66252.29,0.38,True,66267.22,0.46,True,True,66285.6,0.55,True
1774691700,66292.58,66311.32,Up,True,66298.99,0.63,True,66306.99,0.75,False,True,66315.74,0.75,True,66315.74,0.68,True,True,66297.54,0.59,True
1774692000,66311.32,66379.82,Up,False,66290.39,0.5900000000000001,False,66296.76,0.5700000000000001,True,False,66296.76,0.6,False,66299.82,0.55,True,False,66308.54,0.31000000000000005,True
1774692300,66379.83,66383.63,Up,True,66394.41,0.56,True,66411.79,0.7,True,True,66411.79,0.76,True,66388.65,0.56,True,True,66383.42,0.51,True
1774692600,66383.63,66323.76,Down,True,66367.37,0.71,True,66359.33,0.7,True,True,66359.32,0.75,True,66359.33,0.74,True,True,66356.54,0.86,False
1774692900,66323.76,66293.07,Down,False,66323.77,0.57,False,66333.4,0.69,True,False,66343.47,0.75,False,66339.95,0.71,True,True,66319.34,0.6599999999999999,True
1774693200,66318.01,66254.3,Down,True,66270.01,0.75,True,66270.01,0.75,False,True,66270.01,0.79,True,66265.06,0.85,False,True,66259.44,0.9,False
1774693500,66254.31,66169.67,Down,False,66259.9,0.55,True,66249.01,0.56,True,True,66233.97,0.64,True,66204.5,0.78,False,True,66166.51,0.98,False
1774693800,66169.68,66195.01,Up,True,66175.44,0.61,True,66183.48,0.59,True,True,66179.38,0.59,True,66197.54,0.64,True,True,66210.93,0.92,False
1774694100,66195.01,66137.44,Down,False,66205.72,0.64,False,66200.22,0.54,True,False,66200.22,0.64,True,66190.11,0.55,True,True,66158.88,0.62,True
1774694400,66137.45,66192.19,Up,True,66164.0,0.68,True,66166.43,0.65,True,True,66166.42,0.7,True,66174.84,0.82,False,True,66190.11,0.89,False
1774694700,66192.19,66179.61,Down,True,66179.68,0.48,True,66185.97,0.44999999999999996,True,True,66191.65,0.35,True,66191.65,0.4,True,True,66189.39,0.5,True
1774695000,66174.75,66208.09,Up,True,66189.93,0.67,True,66189.93,0.64,True,True,66182.5,0.54,True,66187.76,0.68,True,True,66195.94,0.7,True
1774695300,66208.1,66221.37,Up,False,66208.1,0.49,True,66211.05,0.55,True,False,66206.67,0.48,True,66209.37,0.58,True,True,66219.4,0.76,True
1774695600,66221.37,66227.39,Up,True,66221.38,0.51,True,66221.38,0.49,True,True,66221.38,0.53,True,66227.03,0.58,True,False,66205.75,0.72,True
1774695900,66227.39,66250.01,Up,True,66228.93,0.52,True,66231.97,0.52,True,True,66238.61,0.69,True,66241.42,0.74,True,True,66262.0,0.91,False
1774696200,66250.01,66253.99,Up,False,66246.56,0.62,True,66252.01,0.54,True,True,66252.3,0.49,False,66236.22,0.43000000000000005,True,False,66205.76,0.88,False
1774696500,66221.01,66246.15,Up,True,66246.14,0.4,True,66246.14,0.4,True,True,66246.16,0.4,True,66246.16,0.38,True,True,66254.2,0.52,True
1774696800,66240.86,66287.7,Up,True,66240.87,0.52,True,66240.87,0.5,True,True,66249.1,0.63,True,66253.69,0.66,True,True,66267.04,0.79,True
1774697100,66287.7,66325.92,Up,False,66285.64,0.61,False,66285.64,0.47,True,True,66303.58,0.78,True,66298.01,0.62,True,True,66302.18,0.77,True
1774697400,66325.93,66325.29,Down,True,66315.77,0.65,True,66319.02,0.49,True,True,66319.03,0.49,True,66319.03,0.51,True,True,66308.76,0.75,True
1774697700,66325.28,66304.52,Down,True,66302.19,0.8,True,66314.05,0.65,True,True,66314.05,0.6799999999999999,True,66306.52,0.74,True,True,66313.17,0.6799999999999999,True
1774698000,66333.0,66323.92,Down,True,66312.84,0.72,True,66317.72,0.71,False,True,66317.72,0.69,True,66317.72,0.71,True,True,66326.91,0.6699999999999999,True
1774698300,66323.92,66316.93,Down,True,66317.72,0.69,True,66314.1,0.65,True,True,66304.53,0.83,True,66308.45,0.78,False,True,66305.96,0.74,True
1774698600,66352.84,66346.93,Down,True,66345.8,0.29000000000000004,False,66355.06,0.82,False,False,66354.34,0.77,False,66354.35,0.76,True,True,66337.1,0.27,True
1774698900,66346.93,66329.79,Down,True,66338.67,0.5800000000000001,True,66338.67,0.6,True,True,66338.66,0.63,True,66342.25,0.53,True,True,66342.26,0.47,True
1774699200,66319.47,66300.01,Down,False,66342.26,0.56,False,66342.26,0.62,True,False,66342.26,0.65,False,66342.26,0.7,True,False,66329.63,0.39,True
1774699500,66300.0,66332.98,Up,False,66268.77,0.78,False,66264.0,0.84,False,False,66243.41,0.89,False,66257.7,0.84,False,False,66281.39,0.64,True
1774699800,66334.9,66408.03,Up,False,66334.9,0.44999999999999996,True,66339.1,0.56,True,True,66349.99,0.7,True,66337.04,0.49,True,True,66354.66,0.83,False
1774700100,66406.28,66500.87,Up,True,66459.22,0.68,True,66449.22,0.72,False,True,66438.28,0.73,True,66436.89,0.73,True,True,66524.99,0.98,False
1774700400,66507.5,66446.02,Down,True,66503.71,0.5700000000000001,True,66503.71,0.56,True,True,66503.7,0.54,True,66502.04,0.62,True,True,66475.56,0.78,True
1774700700,66446.03,66440.7,Down,False,66449.0,0.41,True,66437.17,0.6699999999999999,True,True,66437.17,0.65,True,66441.78,0.61,True,True,66435.94,0.81,True
1774701000,66440.7,66383.44,Down,True,66434.47,0.65,True,66432.28,0.65,True,True,66439.32,0.51,True,66402.02,0.87,False,True,66381.44,0.92,False
1774701300,66383.44,66344.84,Down,False,66396.04,0.66,True,66354.61,0.6599999999999999,True,True,66315.86,0.89,True,66327.59,0.87,False,True,66339.43,0.86,False
1774701600,66344.83,66368.23,Up,True,66344.84,0.55,False,66342.84,0.51,True,False,66342.25,0.5800000000000001,False,66341.18,0.5700000000000001,True,True,66355.52,0.69,True
1774701900,66368.24,66393.48,Up,True,66372.0,0.59,False,66351.37,0.63,True,False,66351.36,0.63,True,66376.16,0.67,True,True,66372.89,0.67,True
1774702200,66393.48,66436.88,Up,True,66417.27,0.74,True,66446.47,0.81,False,True,66446.47,0.86,True,66442.11,0.82,False,True,66448.22,0.93,False
1774702500,66436.88,66455.1,Up,False,66436.88,0.43000000000000005,False,66430.38,0.5,True,False,66430.38,0.55,False,66430.38,0.56,True,True,66449.05,0.78,True
1774702800,66455.1,66473.74,Up,True,66461.74,0.5,True,66461.74,0.56,True,True,66472.65,0.71,True,66485.09,0.76,True,True,66478.65,0.82,True
1774703100,66455.11,66478.81,Up,True,66473.74,0.47,True,66457.9,0.29,True,False,66455.1,0.72,False,66450.0,0.76,True,False,66450.0,0.8,True
1774703400,66478.8,66485.0,Up,True,66500.0,0.6,True,66514.07,0.73,False,True,66513.09,0.79,True,66500.02,0.61,True,True,66500.01,0.8,True
1774703700,66477.16,66475.51,Down,True,66471.27,0.5800000000000001,False,66487.33,0.53,True,False,66483.55,0.44,False,66493.03,0.65,True,False,66485.02,0.5,True
1774704000,66477.27,66450.2,Down,False,66500.0,0.73,False,66493.36,0.67,True,False,66493.36,0.66,True,66475.92,0.65,True,True,66470.45,0.5800000000000001,True
1774704300,66454.66,66467.22,Up,False,66452.47,0.52,False,66413.19,0.74,False,False,66425.23,0.7,False,66438.35,0.56,True,False,66438.36,0.75,True
1774704600,66436.89,66622.26,Up,True,66467.94,0.49,True,66477.37,0.61,True,True,66534.1,0.9,True,66506.72,0.79,False,True,66635.82,0.99,False
1774704900,66611.08,66678.82,Up,True,66614.3,0.41,True,66634.8,0.51,True,True,66645.64,0.62,True,66682.22,0.76,True,True,66654.71,0.71,True
1774705200,66672.93,66940.95,Up,True,67115.02,0.79,True,66963.65,0.91,False,True,67000.06,0.93,True,67100.15,0.98,False,True,66958.92,0.98,False
1774705500,66970.01,66851.1,Down,True,66918.07,0.6,True,66894.17,0.7,True,True,66871.35,0.77,True,66949.84,0.54,True,True,66936.72,0.5700000000000001,True
1774705800,66851.1,66862.28,Up,False,66827.21,0.6699999999999999,False,66846.33,0.56,True,False,66819.86,0.72,False,66799.63,0.75,True,False,66796.69,0.85,False
1774706100,66862.27,66833.99,Down,True,66805.93,0.77,True,66782.5,0.83,False,True,66771.22,0.84,True,66790.0,0.86,False,True,66812.1,0.86,False
1774706400,66835.1,66812.47,Down,True,66816.72,0.6599999999999999,True,66789.97,0.78,False,True,66766.55,0.83,True,66746.35,0.87,False,True,66760.92,0.92,False
1774706700,66797.37,66808.33,Up,True,66838.78,0.67,True,66860.46,0.76,False,True,66900.01,0.89,True,66887.51,0.87,False,True,66838.46,0.85,False
1774707000,66808.33,66775.92,Down,True,66799.34,0.5800000000000001,True,66799.39,0.5900000000000001,True,False,66831.21,0.59,True,66786.64,0.72,True,True,66779.11,0.83,False
1774707300,66764.21,66814.91,Up,True,66771.63,0.45,False,66748.69,0.72,False,False,66740.17,0.73,False,66756.26,0.62,True,False,66752.76,0.7,True
1774707600,66814.91,66839.0,Up,True,66814.92,0.51,True,66846.24,0.69,True,True,66820.55,0.51,True,66816.07,0.49,True,False,66808.22,0.56,True
1774707900,66839.0,66832.39,Down,True,66824.99,0.64,True,66804.64,0.7,True,True,66814.0,0.65,True,66805.83,0.78,False,True,66814.07,0.81,True
1774708200,66816.01,66796.67,Down,False,66832.62,0.57,True,66812.06,0.5800000000000001,True,True,66812.08,0.5900000000000001,True,66812.07,0.62,True,True,66802.01,0.74,True
1774708500,66796.67,66779.58,Down,True,66757.26,0.77,True,66748.98,0.84,False,True,66719.99,0.91,True,66720.0,0.9299999999999999,False,True,66747.29,0.9299999999999999,False
1774708800,66779.59,66887.5,Up,True,66805.97,0.63,True,66808.15,0.63,True,True,66796.41,0.62,True,66793.86,0.53,True,True,66901.18,0.97,False
1774709100,66887.5,66905.61,Up,True,66942.87,0.71,True,66931.77,0.67,True,True,66915.36,0.66,True,66924.14,0.73,True,True,66895.8,0.65,True
1774709400,66905.61,66709.23,Down,False,66911.13,0.48,True,66868.5,0.75,False,True,66845.87,0.88,True,66839.49,0.87,False,True,66827.68,0.96,False
1774709700,66709.24,66742.09,Up,False,66698.52,0.55,False,66707.26,0.49,True,True,66719.5,0.57,True,66721.65,0.51,True,True,66760.0,0.93,False
1774710000,66742.09,66738.35,Down,True,66738.35,0.55,True,66738.35,0.5700000000000001,True,True,66735.53,0.62,True,66721.65,0.6699999999999999,True,True,66736.0,0.5700000000000001,True
1774710300,66738.35,66785.69,Up,True,66763.71,0.68,True,66757.87,0.62,True,True,66797.36,0.89,True,66790.6,0.88,False,True,66797.37,0.94,False
1774710600,66785.69,66875.38,Up,False,66785.69,0.47,True,66799.41,0.67,True,True,66821.99,0.83,True,66826.6,0.83,False,True,66879.98,0.97,False
1774710900,66877.71,67031.64,Up,True,66888.17,0.56,True,66893.65,0.58,True,True,66959.52,0.86,True,67042.98,0.98,False,True,67050.19,0.99,False
1774711200,67031.63,67242.89,Up,True,67224.35,0.86,True,67169.55,0.84,False,True,67166.46,0.91,True,67202.55,0.93,False,True,67199.99,0.98,False
1774711500,67242.88,67028.68,Down,True,67206.09,0.6599999999999999,True,67122.65,0.86,False,True,67116.1,0.95,True,67127.31,0.9299999999999999,False,True,67038.64,0.99,False
1774711800,67022.99,67128.96,Up,True,67029.28,0.48,True,67057.43,0.65,True,True,67036.22,0.55,True,67032.0,0.5,True,True,67023.81,0.47,True
1774712100,67091.23,67073.96,Down,True,67082.34,0.72,True,67050.0,0.84,False,True,67055.83,0.87,True,67041.74,0.94,False,True,67052.11,0.96,False
1774712400,67073.96,67051.88,Down,True,67052.12,0.6699999999999999,True,66998.28,0.86,False,True,67006.0,0.85,True,66986.09,0.9,False,True,67013.38,0.91,False
1774712700,67051.88,67007.68,Down,True,67042.18,0.62,False,67054.81,0.44,True,False,67058.24,0.44,True,67038.25,0.6699999999999999,True,True,67021.8,0.83,False
1774713000,67007.68,66997.9,Down,True,67003.15,0.5700000000000001,True,66986.7,0.63,True,True,66975.99,0.73,True,66979.1,0.75,True,True,66982.95,0.75,True
1774713300,66997.91,67014.91,Up,True,67021.32,0.67,False,66997.31,0.55,True,False,66972.02,0.74,False,66972.02,0.77,False,False,66970.49,0.77,True
1774713600,67014.92,67016.45,Up,True,67026.36,0.58,True,67026.36,0.58,True,False,67010.12,0.62,False,66995.52,0.69,True,False,66984.32,0.73,True
1774713900,67016.45,67077.24,Up,True,67018.6,0.49,False,67008.0,0.5900000000000001,True,True,67018.28,0.5,True,67024.75,0.52,True,True,67067.75,0.87,False
1774714200,67080.09,67026.77,Down,True,67025.14,0.76,True,67043.08,0.64,True,True,67059.07,0.5700000000000001,True,67038.2,0.72,True,True,67053.58,0.61,True
1774714500,67022.01,67087.13,Up,True,67052.45,0.69,True,67055.45,0.7,True,True,67049.77,0.67,True,67039.34,0.59,True,True,67060.56,0.82,True
1774714800,67087.14,67084.97,Down,True,67074.01,0.63,True,67067.76,0.6799999999999999,True,True,67062.79,0.73,True,67050.0,0.83,False,True,67069.24,0.6799999999999999,True
1774715100,67084.98,67074.07,Down,False,67086.31,0.47,True,67067.74,0.62,True,True,67079.38,0.44999999999999996,True,67080.34,0.55,True,True,67075.63,0.64,True
1774715400,67081.08,67016.73,Down,True,67057.06,0.65,True,67039.23,0.77,False,True,67032.17,0.81,True,67032.18,0.84,False,True,66994.0,0.98,False
1774715700,67016.73,66950.73,Down,True,66987.46,0.64,True,66980.84,0.71,False,True,66983.05,0.74,True,66986.6,0.78,False,True,66989.66,0.78,True
1774716000,66944.0,66899.4,Down,True,66936.31,0.5800000000000001,True,66932.69,0.63,True,True,66930.61,0.61,True,66927.48,0.71,True,True,66893.38,0.95,False
1774716300,66901.69,66879.91,Down,True,66895.67,0.6,True,66895.66,0.53,True,False,66904.85,0.44,False,66912.86,0.64,True,False,66929.18,0.85,False
1774716600,66879.9,66869.76,Down,True,66868.35,0.56,False,66892.07,0.67,True,False,66911.86,0.82,False,66903.35,0.77,False,False,66883.63,0.6,True
1774716900,66870.34,66926.94,Up,True,66876.45,0.7,True,66888.21,0.77,False,True,66901.41,0.86,True,66894.11,0.81,False,True,66927.87,0.97,False
1774717200,66926.94,66969.04,Up,True,66931.81,0.58,False,66926.8,0.44999999999999996,True,True,66928.92,0.58,True,66935.59,0.67,True,True,66930.77,0.51,True
1774717500,66969.04,66901.84,Down,False,66988.22,0.61,False,66985.38,0.65,True,True,66956.42,0.51,True,66930.08,0.79,False,True,66896.51,0.96,False
1774717800,66899.02,66920.69,Up,False,66882.8,0.65,True,66911.6,0.52,True,True,66904.15,0.45,True,66904.16,0.53,True,True,66914.88,0.65,True
1774718100,66900.8,66864.05,Down,False,66918.67,0.44,True,66899.99,0.72,False,True,66895.57,0.8,True,66883.53,0.88,False,True,66855.98,0.94,False
1774718400,66864.05,66831.33,Down,True,66848.84,0.7,True,66830.0,0.75,False,True,66825.85,0.76,True,66824.31,0.84,False,True,66855.45,0.62,True
1774718700,66856.26,66778.49,Down,True,66841.59,0.39,True,66827.72,0.47,True,True,66812.06,0.5800000000000001,True,66810.0,0.6799999999999999,True,True,66780.95,0.92,False
1774719000,66797.25,66783.95,Down,False,66799.72,0.64,True,66782.0,0.45999999999999996,True,True,66747.1,0.73,True,66765.31,0.5700000000000001,True,True,66728.95,0.89,False
1774719300,66783.94,66862.01,Up,True,66788.01,0.53,True,66798.94,0.65,True,True,66826.76,0.77,True,66859.39,0.89,False,True,66873.12,0.97,False
1774719600,66862.0,66812.71,Down,True,66841.01,0.61,True,66850.47,0.51,True,True,66838.33,0.69,True,66838.33,0.71,True,True,66835.07,0.77,True
1774719900,66812.71,66804.29,Down,True,66797.37,0.6599999999999999,True,66799.98,0.5900000000000001,True,True,66775.01,0.79,True,66776.08,0.76,True,False,66815.67,0.52,True
1774720200,66800.5,66814.32,Up,True,66800.51,0.49,True,66801.36,0.51,True,False,66797.37,0.54,True,66807.44,0.58,True,True,66808.97,0.71,True
1774720500,66814.31,66846.21,Up,False,66803.57,0.5700000000000001,True,66822.57,0.64,True,True,66863.64,0.88,True,66860.47,0.86,False,True,66864.01,0.89,False
1774720800,66846.2,66921.05,Up,True,66847.66,0.54,True,66852.74,0.59,True,True,66859.42,0.66,True,66849.52,0.57,True,True,66878.03,0.85,False
1774721100,66921.04,66923.99,Up,False,66910.66,0.5900000000000001,False,66905.68,0.65,True,False,66905.68,0.64,False,66898.28,0.76,True,False,66900.12,0.77,True
1774721400,66924.0,66936.83,Up,True,66930.45,0.43,True,66930.46,0.38,True,False,66924.0,0.62,False,66924.0,0.54,True,True,66933.33,0.59,True
1774721700,66933.32,66912.02,Down,False,66939.22,0.41,False,66939.21,0.4,True,False,66939.22,0.41,False,66934.87,0.33,True,True,66905.34,0.9,False
1774722000,66912.02,66898.71,Down,False,66918.71,0.5,True,66900.93,0.6799999999999999,True,False,66913.76,0.4,False,66913.76,0.49,True,True,66900.14,0.78,True
1774722300,66898.71,66881.21,Down,True,66896.0,0.63,True,66896.96,0.38,True,False,66900.77,0.52,False,66904.43,0.6,True,False,66911.11,0.67,True
1774722600,66912.29,66884.52,Down,True,66881.21,0.48,True,66895.57,0.43000000000000005,True,True,66899.76,0.4,True,66899.75,0.37,True,True,66900.85,0.33999999999999997,True
1774722900,66884.04,66880.12,Down,False,66886.9,0.52,False,66884.96,0.45,True,False,66887.44,0.57,False,66891.77,0.76,True,True,66842.19,0.6,True
1774723200,66880.12,66949.35,Up,True,66895.99,0.67,True,66898.49,0.69,True,True,66920.86,0.83,True,66928.99,0.84,False,True,66935.01,0.9,False
1774723500,66949.34,66911.92,Down,True,66929.0,0.65,True,66924.01,0.74,False,True,66913.83,0.78,True,66908.74,0.8,False,True,66904.71,0.89,False
1774723800,66911.92,66907.99,Down,True,66911.92,0.51,True,66911.92,0.52,True,True,66911.91,0.55,True,66911.92,0.54,True,True,66903.32,0.5800000000000001,True
1774724100,66907.99,66911.91,Up,False,66907.99,0.49,False,66907.98,0.47,True,True,66910.0,0.58,True,66911.92,0.56,True,True,66932.43,0.72,True
1774724400,66908.03,66910.79,Up,False,66896.89,0.61,False,66892.66,0.6,True,False,66888.0,0.69,False,66899.17,0.5900000000000001,True,True,66916.99,0.52,True
1774724700,66910.8,66932.69,Up,False,66907.88,0.54,False,66907.89,0.52,True,True,66914.57,0.63,True,66920.36,0.66,True,True,66926.67,0.83,False
1774725000,66932.69,66844.16,Down,True,66883.07,0.84,True,66883.01,0.85,False,True,66883.0,0.88,True,66830.37,0.97,False,True,66825.37,1.0,False
1774725300,66844.16,66846.56,Up,True,66847.62,0.5,False,66826.39,0.6799999999999999,True,False,66837.98,0.5,False,66837.98,0.53,True,False,66839.2,0.48,True
1774725600,66850.49,66867.91,Up,False,66850.49,0.49,False,66833.8,0.5900000000000001,True,False,66833.8,0.5700000000000001,False,66833.79,0.54,True,False,66838.4,0.61,True
1774725900,66867.91,66860.09,Down,True,66867.91,0.51,True,66861.87,0.62,True,True,66855.06,0.6699999999999999,True,66855.07,0.65,True,True,66848.26,0.62,True
1774726200,66848.25,66874.99,Up,True,66861.88,0.53,True,66861.88,0.56,True,True,66861.89,0.6,True,66874.05,0.71,True,True,66874.05,0.76,True
1774726500,66867.79,66882.99,Up,True,66874.99,0.51,True,66874.99,0.52,True,True,66871.39,0.46,True,66871.39,0.49,True,True,66871.38,0.56,True
1774726800,66883.0,66841.82,Down,True,66876.18,0.62,True,66876.17,0.62,True,False,66896.95,0.67,False,66903.55,0.66,True,False,66889.09,0.48,True
1774727100,66845.11,66828.87,Down,True,66844.99,0.4,True,66845.05,0.43999999999999995,True,True,66845.04,0.47,False,66851.26,0.58,True,False,66860.47,0.54,True
1774727400,66863.98,66861.64,Down,True,66840.47,0.38,True,66852.57,0.33999999999999997,True,True,66852.57,0.36,True,66852.56,0.32999999999999996,True,True,66852.83,0.31000000000000005,True
1774727700,66854.95,66916.53,Up,True,66858.47,0.47,False,66854.75,0.52,True,True,66878.68,0.67,True,66885.04,0.71,True,True,66888.33,0.84,False
1774728000,66916.52,66979.27,Up,True,66924.74,0.61,True,66954.0,0.74,False,True,66965.49,0.81,True,66977.63,0.87,False,True,66968.89,0.93,False
1774728300,66979.27,66997.65,Up,True,66987.0,0.51,False,66969.05,0.64,True,False,66965.11,0.72,False,66964.1,0.74,True,True,66979.59,0.43,True
1774728600,66997.66,66995.99,Down,True,66985.65,0.5800000000000001,False,67006.72,0.46,True,False,67008.54,0.58,True,66990.0,0.62,True,True,66977.63,0.63,True
1774728900,66999.84,66952.0,Down,False,67004.26,0.46,False,67004.26,0.47,True,False,67009.99,0.51,False,67010.0,0.48,True,False,67007.62,0.44,True
1774729200,66952.0,66945.65,Down,False,66965.51,0.6,False,66978.63,0.68,True,False,66978.64,0.67,False,66989.47,0.78,False,False,66964.98,0.57,True
1774729500,66945.64,66919.07,Down,True,66936.24,0.64,True,66939.55,0.5700000000000001,True,True,66939.56,0.5,False,66946.23,0.53,True,True,66934.01,0.6799999999999999,True
1774729800,66919.07,66947.67,Up,True,66935.05,0.67,True,66940.0,0.67,True,True,66939.26,0.7,True,66932.79,0.59,True,True,66949.79,0.62,True
1774730100,66964.11,66938.17,Down,True,66942.35,0.55,True,66942.35,0.49,True,True,66942.36,0.49,False,66964.14,0.69,True,False,66970.57,0.54,True
1774730400,66938.18,66911.69,Down,True,66937.34,0.47,True,66937.34,0.54,True,True,66930.79,0.5900000000000001,True,66930.8,0.5800000000000001,True,True,66915.55,0.8,True
1774730700,66911.7,66924.01,Up,True,66928.0,0.59,True,66936.25,0.67,True,True,66936.25,0.69,True,66954.58,0.84,False,True,66958.23,0.89,False
1774731000,66931.07,66964.41,Up,True,66931.56,0.63,True,66943.41,0.64,True,True,66953.53,0.75,True,66948.86,0.7,True,True,66956.54,0.82,True
1774731300,66964.4,66906.01,Down,True,66960.65,0.56,True,66952.07,0.73,False,True,66952.06,0.6799999999999999,True,66952.06,0.73,True,True,66943.3,0.78,True
1774731600,66943.31,66926.3,Down,True,66920.79,0.4,True,66923.98,0.38,True,True,66916.92,0.45999999999999996,True,66916.92,0.55,True,True,66916.91,0.45999999999999996,True
1774731900,66926.3,66824.68,Down,True,66918.11,0.61,True,66918.1,0.5900000000000001,True,True,66892.32,0.78,True,66892.33,0.84,False,True,66887.5,0.83,False
1774732200,66824.09,66836.09,Up,False,66824.08,0.49,False,66818.01,0.54,True,False,66810.0,0.5800000000000001,False,66813.14,0.5700000000000001,True,False,66789.58,0.6599999999999999,True
1774732500,66836.1,66845.65,Up,True,66847.6,0.68,True,66847.6,0.66,True,True,66839.24,0.52,False,66829.41,0.6,True,False,66823.49,0.51,True
1774732800,66845.65,66855.12,Up,False,66812.99,0.6799999999999999,False,66828.58,0.53,True,False,66817.93,0.63,False,66820.96,0.65,True,False,66817.82,0.5700000000000001,True
1774733100,66855.13,66850.54,Down,True,66838.92,0.5700000000000001,True,66838.93,0.5700000000000001,True,True,66830.27,0.6799999999999999,True,66830.26,0.6599999999999999,True,True,66830.26,0.55,True
1774733400,66822.43,66828.0,Up,True,66841.07,0.35,True,66841.07,0.33,True,True,66840.15,0.31,True,66840.01,0.3,True,True,66828.0,0.17,True
1774733700,66828.01,66854.92,Up,False,66828.0,0.49,False,66828.01,0.49,True,False,66810.0,0.74,False,66815.78,0.61,True,True,66835.73,0.64,True
1774734000,66870.33,66862.03,Down,True,66844.88,0.5800000000000001,True,66851.01,0.54,True,True,66851.0,0.5800000000000001,True,66851.0,0.5900000000000001,True,True,66860.47,0.48,True
1774734300,66862.03,66780.01,Down,True,66820.54,0.75,True,66800.0,0.83,False,True,66799.3,0.79,True,66799.18,0.85,False,True,66790.94,0.92,False
1774734600,66810.88,66690.0,Down,True,66768.68,0.54,True,66769.5,0.49,True,True,66769.49,0.5,True,66784.0,0.28,True,True,66778.01,0.45999999999999996,True
1774734900,66690.0,66685.53,Down,False,66708.65,0.64,False,66693.15,0.56,True,False,66696.09,0.6,False,66726.06,0.78,False,True,66685.2,0.56,True
1774735200,66696.07,66686.95,Down,False,66707.26,0.6,True,66676.36,0.49,True,True,66640.86,0.6799999999999999,True,66631.57,0.75,True,True,66640.0,0.78,True
1774735500,66678.61,66628.07,Down,False,66720.07,0.71,False,66713.57,0.65,True,False,66710.73,0.6,False,66700.36,0.59,True,False,66708.32,0.75,True
1774735800,66713.51,66605.93,Down,True,66637.46,0.45999999999999996,True,66613.25,0.56,True,True,66627.06,0.36,True,66643.74,0.38,True,True,66639.09,0.47,True
1774736100,66661.27,66728.86,Up,False,66603.48,0.48,False,66628.79,0.37,True,False,66601.76,0.53,False,66620.34,0.31999999999999995,True,False,66660.32,0.13,True
1774736400,66725.44,66787.49,Up,True,66742.9,0.63,True,66784.43,0.81,False,True,66771.0,0.76,True,66759.98,0.73,True,True,66759.98,0.76,True
1774736700,66771.63,66778.81,Up,False,66769.82,0.54,False,66769.82,0.53,True,True,66778.29,0.58,True,66773.12,0.45,True,False,66753.9,0.5700000000000001,True
1774737000,66778.8,66758.51,Down,True,66775.94,0.61,True,66775.93,0.6,True,True,66775.94,0.5700000000000001,True,66765.4,0.5900000000000001,True,True,66756.83,0.75,True
1774737300,66758.51,66764.33,Up,False,66756.82,0.56,False,66756.82,0.5,True,False,66756.83,0.55,False,66756.83,0.5900000000000001,True,False,66756.83,0.65,True
1774737600,66764.33,66704.0,Down,True,66736.01,0.6799999999999999,True,66744.95,0.6,True,True,66726.29,0.79,True,66726.29,0.8200000000000001,False,True,66726.3,0.79,True
1774737900,66717.21,66749.77,Up,True,66739.76,0.61,True,66749.25,0.8,False,True,66760.41,0.82,True,66770.95,0.79,False,True,66765.59,0.87,False
1774738200,66749.77,66767.08,Up,False,66735.26,0.6,False,66739.01,0.5800000000000001,True,False,66745.89,0.44999999999999996,True,66750.72,0.5,True,False,66733.36,0.6599999999999999,True
1774738500,66767.07,66755.89,Down,True,66734.45,0.6599999999999999,True,66745.25,0.65,True,True,66745.25,0.71,True,66745.25,0.75,True,True,66752.53,0.7,True
1774738800,66755.88,66659.56,Down,True,66737.01,0.62,True,66718.85,0.7,True,True,66718.86,0.78,True,66702.01,0.8,False,True,66713.79,0.8,True
1774739100,66664.16,66583.98,Down,False,66676.1,0.64,False,66684.65,0.64,True,False,66674.42,0.52,False,66666.46,0.49,True,True,66630.0,0.85,False
1774739400,66606.28,66400.75,Down,True,66468.01,0.73,True,66460.63,0.9,False,True,66423.39,0.98,True,66305.1,0.99,False,True,66378.0,0.98,False
1774739700,66400.74,66328.21,Down,True,66374.0,0.5700000000000001,True,66365.88,0.64,True,True,66366.64,0.64,True,66351.01,0.79,False,True,66331.98,0.91,False
1774740000,66328.21,66398.25,Up,True,66348.72,0.64,True,66337.4,0.58,True,True,66349.37,0.62,True,66358.09,0.66,True,True,66401.78,0.86,False
1774740300,66398.26,66393.62,Down,False,66422.82,0.59,False,66415.1,0.56,True,False,66436.89,0.7,False,66429.65,0.7,True,False,66435.0,0.71,True
1774740600,66411.99,66456.77,Up,True,66423.96,0.67,True,66427.28,0.73,False,True,66428.01,0.7,True,66454.16,0.83,False,True,66449.99,0.83,False
1774740900,66456.77,66429.72,Down,False,66465.05,0.53,True,66451.17,0.55,True,False,66458.45,0.56,False,66458.46,0.58,True,True,66449.09,0.52,True
1774741200,66429.72,66388.24,Down,False,66440.88,0.59,False,66464.92,0.71,False,False,66470.57,0.75,False,66479.99,0.84,False,False,66479.02,0.92,False
1774741500,66388.23,66379.04,Down,True,66378.33,0.49,False,66395.13,0.63,True,False,66395.13,0.61,True,66385.63,0.5700000000000001,True,True,66337.95,0.89,False
1774741800,66379.18,66359.3,Down,False,66395.46,0.61,False,66410.0,0.72,False,False,66410.09,0.7,False,66399.16,0.65,True,False,66386.69,0.63,True
1774742100,66359.31,66377.04,Up,True,66383.18,0.72,True,66394.35,0.76,False,True,66394.35,0.76,True,66393.25,0.81,False,True,66369.36,0.67,True
1774742400,66373.32,66459.55,Up,False,66362.88,0.56,True,66378.22,0.53,True,True,66415.28,0.83,True,66425.48,0.83,False,True,66455.98,0.91,False
1774742700,66461.76,66391.74,Down,False,66471.28,0.56,False,66467.78,0.59,True,True,66448.91,0.5700000000000001,True,66443.22,0.69,True,True,66429.06,0.85,False
1774743000,66391.57,66412.29,Up,False,66390.93,0.43999999999999995,True,66403.12,0.63,True,True,66454.08,0.85,True,66456.42,0.86,False,True,66445.89,0.86,False
1774743300,66412.28,66475.51,Up,False,66409.07,0.54,True,66416.83,0.59,True,True,66416.83,0.46,True,66413.4,0.57,True,True,66440.4,0.77,True
1774743600,66475.51,66344.44,Down,True,66450.75,0.61,True,66448.26,0.7,True,True,66401.27,0.92,True,66344.99,0.96,False,True,66308.71,0.97,False
1774743900,66344.44,66399.75,Up,True,66346.14,0.48,False,66335.99,0.51,True,True,66354.64,0.62,True,66350.64,0.59,True,True,66362.47,0.69,True
1774744200,66399.76,66429.86,Up,False,66395.89,0.44999999999999996,True,66404.68,0.57,True,True,66448.7,0.8,True,66441.33,0.78,False,True,66438.17,0.83,False
1774744500,66429.87,66414.85,Down,True,66409.69,0.61,False,66433.82,0.57,True,False,66440.04,0.66,True,66407.68,0.6799999999999999,True,True,66377.9,0.89,False
1774744800,66414.86,66400.82,Down,False,66423.25,0.68,False,66428.72,0.7,True,False,66431.96,0.72,True,66412.01,0.5,True,False,66417.33,0.73,True
1774745100,66400.82,66424.56,Up,True,66407.5,0.56,True,66410.08,0.56,True,True,66405.93,0.58,True,66405.93,0.6,True,True,66409.12,0.57,True
1774745400,66424.55,66414.37,Down,False,66447.31,0.71,False,66471.99,0.84,False,False,66471.99,0.85,False,66492.42,0.89,False,False,66480.77,0.9,False
1774745700,66414.37,66492.25,Up,True,66433.49,0.63,True,66444.6,0.71,False,True,66458.58,0.78,True,66433.5,0.64,True,True,66457.99,0.76,True
1774746000,66461.23,66529.4,Up,True,66486.33,0.42,True,66488.75,0.5,True,True,66497.01,0.51,True,66495.19,0.47,True,True,66490.49,0.33,True
1774746300,66529.4,66504.22,Down,False,66549.54,0.63,False,66556.47,0.66,True,False,66562.11,0.73,False,66546.45,0.61,True,False,66587.55,0.91,False
1774746600,66586.16,66555.6,Down,True,66525.33,0.33999999999999997,True,66528.56,0.35,True,True,66523.45,0.32999999999999996,True,66499.32,0.44999999999999996,True,True,66527.25,0.30000000000000004,True
1774746900,66555.61,66574.2,Up,True,66558.89,0.54,True,66569.99,0.64,True,True,66585.65,0.76,True,66575.72,0.68,True,False,66545.85,0.6599999999999999,True
1774747200,66574.21,66542.95,Down,False,66577.3,0.6,False,66586.15,0.68,True,False,66588.25,0.63,False,66594.64,0.71,True,False,66586.59,0.6,True
1774747500,66542.94,66550.33,Up,False,66528.95,0.65,False,66536.91,0.51,True,True,66564.52,0.71,True,66558.53,0.66,True,True,66559.95,0.59,True
1774747800,66550.33,66493.46,Down,True,66540.0,0.6,True,66527.01,0.64,True,True,66519.2,0.6799999999999999,True,66529.99,0.7,True,True,66513.25,0.81,True
1774748100,66508.91,66390.47,Down,True,66496.51,0.52,True,66468.62,0.75,False,True,66468.63,0.75,True,66456.12,0.84,False,True,66427.88,0.9299999999999999,False
1774748400,66390.48,66477.89,Up,False,66389.71,0.4,True,66394.57,0.58,True,True,66395.35,0.64,True,66425.04,0.82,False,True,66447.81,0.92,False
1774748700,66477.88,66490.03,Up,False,66467.99,0.47,False,66477.72,0.43999999999999995,True,False,66457.68,0.7,False,66457.68,0.63,True,False,66432.78,0.88,False
1774749000,66497.48,66502.24,Up,True,66525.33,0.7,True,66544.75,0.82,False,True,66551.25,0.87,True,66568.97,0.9,False,True,66584.93,0.96,False
1774749300,66502.24,66569.23,Up,True,66508.1,0.66,True,66519.53,0.71,False,True,66530.0,0.74,True,66527.0,0.71,True,True,66576.9,0.92,False
1774749600,66576.89,66587.41,Up,False,66547.46,0.4,True,66588.97,0.71,False,False,66570.69,0.36,False,66570.7,0.41000000000000003,True,True,66582.3,0.64,True
1774749900,66582.31,66596.97,Up,True,66591.75,0.57,True,66611.48,0.75,False,True,66588.27,0.64,True,66595.68,0.73,True,True,66597.26,0.68,True
1774750200,66596.97,nan,Unknown,,66601.74,0.66,,66603.32,0.65,True,,66598.91,0.62,,66613.35,0.74,True,,66614.99,0.73,True
1774750500,66643.31,66631.46,Down,False,66645.74,nan,True,66621.62,nan,False,True,66616.47,nan,True,66608.02,nan,False,True,66613.11,nan,False
1774750800,66631.45,66679.01,Up,False,66617.42,0.61,False,66617.41,0.6699999999999999,True,False,66629.62,0.55,False,66629.62,0.53,True,True,66656.99,0.77,True
1774751100,66679.01,66654.66,Down,True,66670.83,0.53,True,66661.47,0.6699999999999999,True,True,66656.0,0.69,True,66656.01,0.69,True,False,66681.04,0.49,True
1774751400,66654.65,66601.23,Down,False,66658.04,0.57,True,66633.9,0.71,False,True,66586.14,0.9,True,66592.39,0.89,False,True,66605.83,0.9,False
1774751700,66601.14,66683.53,Up,False,66586.01,0.65,False,66591.77,0.52,True,False,66591.76,0.5900000000000001,False,66589.81,0.6699999999999999,True,True,66608.65,0.66,True
1774752000,66683.53,66712.2,Up,True,66705.46,0.67,True,66746.2,0.82,False,True,66727.42,0.81,True,66735.2,0.86,False,True,66715.65,0.81,True
1774752300,66712.21,66728.03,Up,False,66700.01,0.5900000000000001,False,66712.19,0.51,True,True,66719.36,0.47,False,66711.2,0.53,True,False,66692.93,0.63,True
1774752600,66708.81,66808.73,Up,True,66775.51,0.81,True,66756.83,0.62,True,True,66794.55,0.82,True,66793.82,0.87,False,True,66791.65,0.92,False
1774752900,66808.73,66818.0,Up,False,66784.45,0.6599999999999999,False,66777.1,0.62,True,False,66777.94,0.65,False,66770.8,0.5800000000000001,True,False,66789.68,0.41000000000000003,True
1774753200,66818.0,66811.02,Down,True,66809.96,0.5900000000000001,True,66795.97,0.5700000000000001,True,True,66802.14,0.51,True,66802.13,0.49,True,True,66804.71,0.4,True
1774753500,66822.01,66812.75,Down,True,66805.33,0.52,True,66801.09,0.56,True,True,66782.09,0.75,True,66782.08,0.72,True,True,66771.63,0.73,True
1774753800,66812.75,66802.24,Down,True,66785.39,0.6599999999999999,True,66790.12,0.6699999999999999,True,True,66784.5,0.69,True,66771.62,0.78,False,True,66797.57,0.69,True
1774754100,66796.25,67054.57,Up,True,66893.55,0.82,True,66908.46,0.9,False,True,67059.74,0.98,True,67075.63,0.98,False,True,67041.74,0.992,False
1774754400,67054.57,67027.61,Down,True,67026.18,0.5800000000000001,False,67060.19,0.53,True,True,67040.01,0.56,True,67030.46,0.63,True,True,66989.89,0.86,False
1774754700,67027.61,66975.97,Down,True,67005.69,0.6599999999999999,True,67007.45,0.63,True,True,66986.19,0.79,True,66993.68,0.6799999999999999,True,True,66972.27,0.84,False
1774755000,66975.97,66928.72,Down,False,66977.62,0.55,False,66997.05,0.67,True,False,67007.73,0.75,False,66999.15,0.64,True,True,66969.04,0.65,True
1774755300,66928.72,66964.1,Up,False,66921.21,0.53,False,66918.95,0.5900000000000001,True,True,66942.18,0.59,True,66949.76,0.65,True,True,66959.82,0.71,True
1774755600,66958.66,66921.48,Down,True,66949.76,0.5900000000000001,True,66945.46,0.6599999999999999,True,True,66916.39,0.81,True,66910.71,0.83,False,True,66922.61,0.8200000000000001,True
1774755900,66921.48,66898.86,Down,True,66912.97,0.5900000000000001,True,66912.97,0.62,True,True,66903.31,0.72,True,66877.96,0.76,True,True,66884.93,0.83,False
1774756200,66889.61,66935.49,Up,False,66889.61,0.5800000000000001,False,66887.51,0.55,True,False,66878.03,0.5800000000000001,False,66877.97,0.6,True,True,66918.28,0.8,True
1774756500,66935.5,66912.0,Down,False,66949.75,0.66,True,66921.18,0.63,True,True,66921.17,0.6,True,66921.18,0.5700000000000001,True,True,66921.17,0.6599999999999999,True
1774756800,66912.07,66872.23,Down,False,66929.16,0.65,False,66936.59,0.73,False,False,66927.86,0.7,True,66895.34,0.6,True,True,66850.02,0.87,False
1774757100,66854.02,66918.31,Up,True,66871.87,0.47,True,66878.97,0.55,True,True,66898.06,0.64,True,66892.16,0.52,True,True,66922.57,0.88,False
1774757400,66918.32,66914.5,Down,True,66908.78,0.5900000000000001,True,66907.51,0.51,True,True,66907.51,0.55,True,66900.79,0.62,True,True,66908.92,0.6,True
1774757700,66914.5,66866.48,Down,True,66900.01,0.6,True,66880.87,0.77,False,True,66879.83,0.81,True,66879.83,0.85,False,True,66873.67,0.9,False
1774758000,66866.48,66829.22,Down,True,66835.23,0.74,True,66799.41,0.87,False,True,66789.23,0.9,True,66834.86,0.79,False,True,66862.32,0.71,True
1774758300,66829.23,66816.73,Down,False,66847.75,0.64,True,66829.22,0.44999999999999996,True,True,66816.9,0.52,True,66814.92,0.43000000000000005,True,True,66810.02,0.5800000000000001,True
1774758600,66823.12,66832.91,Up,True,66823.15,0.53,False,66822.57,0.41000000000000003,True,False,66799.21,0.71,False,66797.38,0.73,True,False,66780.0,0.79,True
1774758900,66832.91,66792.4,Down,True,66832.91,0.48,False,66834.69,0.53,True,True,66826.44,0.41000000000000003,True,66815.92,0.54,True,True,66811.28,0.49,True
1774759200,66792.41,66800.88,Up,True,66805.52,0.63,True,66806.66,0.63,True,True,66803.28,0.61,True,66821.35,0.81,False,True,66810.76,0.73,True
1774759500,66800.88,66788.15,Down,True,66797.45,0.56,True,66797.46,0.54,True,True,66774.96,0.77,True,66770.28,0.76,True,True,66797.37,0.54,True
1774759800,66774.96,66780.63,Up,True,66788.98,0.57,True,66780.69,0.45,True,True,66784.2,0.53,True,66780.64,0.4,True,True,66780.62,0.46,True
1774760100,66780.62,66735.14,Down,True,66778.66,0.43999999999999995,True,66771.63,0.62,True,True,66766.91,0.64,True,66761.99,0.6799999999999999,True,True,66740.38,0.76,True
1774760400,66735.14,66735.31,Up,False,66728.47,0.54,True,66743.25,0.58,True,True,66748.47,0.58,False,66731.9,0.61,True,False,66735.13,0.45999999999999996,True
1774760700,66735.32,66700.0,Down,True,66711.76,0.5800000000000001,True,66718.56,0.5900000000000001,True,True,66712.05,0.61,True,66714.12,0.65,True,True,66700.0,0.79,True
1774761000,66700.0,66690.0,Down,False,66717.22,0.57,False,66728.91,0.71,False,False,66709.76,0.58,False,66709.77,0.57,True,False,66708.06,0.58,True
1774761300,66690.0,66708.43,Up,True,66700.29,0.6,False,66653.19,0.76,False,False,66635.77,0.8200000000000001,False,66646.1,0.77,False,False,66662.2,0.73,True
1774761600,66708.43,66726.75,Up,False,66704.08,0.43000000000000005,True,66720.24,0.67,True,True,66734.51,0.78,False,66704.82,0.51,True,False,66684.01,0.71,True
1774761900,66687.87,66631.03,Down,False,66726.68,0.55,True,66653.18,0.63,True,True,66636.0,0.86,True,66617.03,0.91,False,True,66620.15,0.9299999999999999,False
1774762200,66631.03,66635.64,Up,True,66635.22,0.52,True,66643.54,0.59,True,True,66668.83,0.74,True,66674.27,0.69,True,True,66645.86,0.59,True
1774762500,66635.63,66673.9,Up,True,66635.64,0.51,False,66626.52,0.5700000000000001,True,False,66599.99,0.65,False,66611.99,0.56,True,True,66657.63,0.68,True
1774762800,66663.06,66672.93,Up,False,66661.82,0.48,False,66661.82,0.5,True,True,66672.55,0.6,True,66677.18,0.61,True,True,66677.18,0.6,True
1774763100,66672.92,66686.0,Up,True,66680.3,0.57,True,66684.97,0.57,True,True,66683.09,0.63,True,66676.6,0.49,True,False,66672.92,0.44999999999999996,True
1774763400,66688.0,66788.51,Up,True,66720.34,0.68,True,66750.37,0.82,False,True,66723.57,0.66,True,66728.61,0.62,True,True,66735.28,0.72,True
1774763700,66788.5,66771.95,Down,True,66783.51,0.56,False,66800.0,0.54,True,True,66788.4,0.5800000000000001,True,66788.39,0.52,True,False,66797.37,0.46,True
1774764000,66771.94,66852.41,Up,True,66797.38,0.43,True,66802.48,0.51,True,True,66815.24,0.62,True,66820.88,0.64,True,True,66820.05,0.69,True
1774764300,66852.41,66839.8,Down,False,66867.56,0.48,False,66872.0,0.5,True,False,66859.61,0.44,False,66859.62,0.48,True,True,66848.35,0.65,True
1774764600,66839.8,66817.01,Down,True,66827.15,0.62,True,66827.15,0.61,True,True,66837.17,0.62,True,66837.18,0.6599999999999999,True,True,66837.18,0.63,True
1774764900,66817.01,66811.59,Down,False,66834.49,0.53,False,66844.38,0.61,True,False,66844.39,0.56,False,66844.39,0.58,True,False,66855.78,0.48,True
1774765200,66811.59,66698.08,Down,False,66819.77,0.43,True,66808.11,0.6699999999999999,True,True,66802.48,0.7,True,66802.48,0.64,True,True,66811.51,0.53,True
1774765500,66692.86,66701.93,Up,False,66672.92,0.63,False,66660.43,0.72,False,False,66670.26,0.6,False,66653.18,0.6799999999999999,True,False,66643.93,0.79,True
1774765800,66665.5,66697.55,Up,True,66707.99,0.52,True,66706.93,0.47,True,True,66713.75,0.46,True,66727.48,0.66,True,True,66716.67,0.4,True
1774766100,66691.6,66682.67,Down,False,66694.2,0.4,True,66686.44,0.6799999999999999,True,True,66689.93,0.61,False,66701.17,0.4,True,True,66689.17,0.8200000000000001,True
1774766400,66697.19,66678.87,Down,True,66686.61,0.48,True,66688.68,0.52,True,True,66677.67,0.62,True,66690.26,0.5800000000000001,True,True,66690.27,0.5800000000000001,True
1774766700,66678.88,66692.4,Up,True,66694.74,0.56,False,66675.68,0.63,True,False,66672.25,0.54,False,66675.69,0.5,True,True,66695.8,0.43,True
1774767000,66692.41,66756.82,Up,True,66699.89,0.54,True,66699.89,0.51,True,True,66693.24,0.45,True,66699.89,0.6,True,True,66736.45,0.81,True
1774767300,66756.82,66738.5,Down,False,66771.62,0.62,True,66749.43,0.6,True,True,66734.1,0.71,True,66734.09,0.73,True,True,66733.95,0.83,False
1774767600,66738.5,66606.76,Down,True,66686.72,0.8200000000000001,True,66660.93,0.92,False,True,66663.56,0.85,True,66626.39,0.92,False,True,66605.42,0.99,False
1774767900,66606.76,66561.59,Down,False,66613.0,0.48,False,66616.04,0.52,True,False,66620.54,0.57,False,66620.54,0.57,True,True,66562.53,0.91,False
1774768200,66561.6,66602.45,Up,True,66565.89,0.58,True,66569.34,0.6,True,False,66559.37,0.47,False,66559.37,0.47,True,True,66567.99,0.69,True
1774768500,66602.46,66662.59,Up,False,66594.76,0.49,False,66594.78,0.38,True,False,66602.43,0.38,False,66602.43,0.38,True,False,66589.07,0.41000000000000003,True
1774768800,66662.6,66688.32,Up,False,66654.47,0.54,True,66662.72,0.51,True,False,66649.9,0.5700000000000001,False,66653.27,0.54,True,False,66641.69,0.6,True
1774769100,66688.32,66681.4,Down,True,66663.34,0.62,True,66663.34,0.61,True,True,66657.98,0.69,True,66657.98,0.6799999999999999,True,True,66660.67,0.79,True
1774769400,66660.67,66649.23,Down,False,66678.42,0.49,False,66707.26,0.62,True,False,66698.84,0.54,False,66695.06,0.55,True,False,66695.06,0.38,True
1774769700,66677.01,66630.12,Down,True,66647.61,0.52,True,66647.62,0.5,True,True,66647.62,0.48,True,66661.93,0.44999999999999996,True,False,66678.33,0.56,True
1774770000,66663.58,66637.99,Down,True,66617.83,0.6699999999999999,True,66622.69,0.63,True,True,66622.7,0.5700000000000001,True,66628.06,0.5800000000000001,True,True,66624.87,0.55,True
1774770300,66628.07,66660.0,Up,True,66637.98,0.5,True,66637.98,0.52,True,True,66637.98,0.51,False,66613.06,0.6599999999999999,True,True,66634.24,0.55,True
1774770600,66660.0,66717.9,Up,True,66694.26,0.72,True,66711.33,0.79,False,True,66703.16,0.81,True,66715.82,0.84,False,True,66694.62,0.74,True
1774770900,66717.9,66671.0,Down,True,66717.9,0.54,True,66717.9,0.54,True,True,66717.9,0.54,False,66718.73,0.5,True,False,66718.74,0.51,True
1774771200,66671.72,66681.31,Up,False,66658.96,0.5800000000000001,True,66682.65,0.63,True,False,66671.72,0.44999999999999996,True,66671.73,0.6,True,False,66653.62,0.6599999999999999,True
1774771500,66681.31,66676.31,Down,False,66689.56,0.59,False,66683.56,0.59,True,False,66695.16,0.71,False,66695.62,0.71,True,False,66749.34,0.92,False
1774771800,66676.31,66654.18,Down,True,66671.43,0.55,True,66662.37,0.61,True,True,66662.37,0.56,True,66662.37,0.47,True,True,66644.94,0.62,True
1774772100,66648.36,66633.5,Down,False,66650.22,0.53,False,66650.21,0.51,True,False,66656.57,0.6,False,66656.57,0.64,True,False,66658.27,0.69,True
1774772400,66633.51,66667.99,Up,True,66651.05,0.62,False,66633.51,0.49,True,False,66633.5,0.45999999999999996,False,66631.92,0.42000000000000004,True,False,66631.92,0.44999999999999996,True
1774772700,66668.0,66680.02,Up,True,66675.4,0.57,True,66680.01,0.66,True,True,66680.01,0.65,True,66680.01,0.67,True,True,66676.26,0.69,True
1774773000,66677.14,66710.57,Up,True,66680.01,0.51,True,66714.15,0.75,False,True,66699.74,0.69,True,66699.75,0.74,True,True,66728.0,0.91,False
1774773300,66710.57,66756.0,Up,False,66710.57,0.54,False,66710.57,0.52,True,True,66714.29,0.56,True,66727.58,0.72,True,True,66747.33,0.85,False
1774773600,66756.0,66741.82,Down,True,66730.56,0.72,True,66730.63,0.72,False,True,66733.34,0.64,True,66733.35,0.74,True,True,66728.35,0.54,True
1774773900,66741.81,66738.23,Down,True,66741.81,0.5,False,66741.82,0.48,True,True,66734.52,0.65,True,66718.9,0.6,True,True,66721.24,0.5900000000000001,True
1774774200,66738.23,66737.84,Down,False,66741.21,0.55,True,66724.3,0.5900000000000001,True,True,66709.99,0.69,True,66702.39,0.74,True,True,66717.39,0.63,True
1774774500,66737.84,66724.0,Down,True,66737.84,0.45999999999999996,True,66737.84,0.45999999999999996,True,True,66737.75,0.55,True,66729.18,0.64,True,True,66723.92,0.69,True
1774774800,66724.0,66728.98,Up,True,66728.01,0.43,True,66724.92,0.42,True,False,66710.71,0.64,True,66727.69,0.59,True,True,66743.5,0.46,True
1774775100,66728.97,66673.49,Down,True,66703.14,0.69,True,66675.09,0.79,False,True,66684.09,0.77,True,66680.01,0.87,False,True,66604.76,0.99,False
1774775400,66673.49,66696.24,Up,False,66673.49,0.48,True,66679.39,0.54,True,True,66679.4,0.51,True,66674.26,0.51,True,True,66693.43,0.69,True
1774775700,66696.24,66667.27,Down,True,66690.3,0.53,True,66681.75,0.64,True,True,66681.76,0.5700000000000001,True,66692.84,0.4,True,False,66718.3,0.83,False
1774776000,66667.26,66648.94,Down,True,66641.02,0.72,True,66646.29,0.62,True,True,66648.02,0.5800000000000001,True,66662.01,0.43999999999999995,True,True,66665.19,0.4,True
1774776300,66648.93,66673.6,Up,True,66651.15,0.53,True,66651.15,0.52,True,True,66651.15,0.5,True,66651.15,0.5,True,True,66664.62,0.75,True
1774776600,66664.63,66564.49,Down,False,66680.16,0.58,False,66684.44,0.65,True,False,66690.42,0.68,False,66697.25,0.68,True,False,66681.11,0.47,True
1774776900,66555.49,66598.42,Up,True,66570.77,0.61,True,66586.24,0.7,True,True,66586.23,0.66,False,66549.54,0.54,True,True,66564.76,0.58,True
1774777200,66598.42,66579.23,Down,False,66604.96,0.57,True,66586.95,0.53,True,True,66587.69,0.54,True,66597.68,0.43999999999999995,True,True,66598.27,0.39,True
1774777500,66595.78,66615.55,Up,False,66585.65,0.47,False,66585.65,0.43000000000000005,True,True,66610.52,0.76,True,66616.99,0.77,False,True,66622.84,0.87,False
1774777800,66615.54,66630.58,Up,True,66622.83,0.64,True,66622.83,0.55,True,True,66622.83,0.63,True,66622.82,0.61,True,True,66622.83,0.63,True
1774778100,66630.57,66634.01,Up,False,66630.57,0.55,False,66628.12,0.51,True,True,66634.73,0.62,True,66642.06,0.67,True,True,66634.81,0.51,True
1774778400,66634.01,66550.74,Down,True,66593.0,0.73,True,66585.65,0.79,False,True,66563.02,0.8200000000000001,True,66568.8,0.83,False,True,66586.86,0.87,False
1774778700,66564.19,66540.0,Down,True,66555.99,0.5,True,66557.47,0.43999999999999995,True,True,66559.93,0.47,True,66557.01,0.47,True,True,66537.22,0.72,True
1774779000,66540.0,66548.08,Up,True,66557.99,0.65,True,66543.16,0.46,True,False,66505.35,0.73,False,66513.63,0.76,True,False,66510.69,0.75,True
1774779300,66548.07,66469.39,Down,True,66540.01,0.53,False,66557.37,0.46,True,False,66557.38,0.45,False,66557.38,0.49,True,True,66533.05,0.77,True
1774779600,66469.96,66471.36,Up,True,66500.5,0.67,True,66479.37,0.51,True,False,66460.63,0.62,False,66465.02,0.51,True,False,66463.42,0.6599999999999999,True
1774779900,66478.01,66468.5,Down,True,66473.97,0.56,True,66467.26,0.56,True,True,66478.0,0.47,False,66489.64,0.54,True,True,66474.98,0.6,True
1774780200,66483.62,66422.29,Down,True,66460.01,0.53,True,66460.0,0.51,True,True,66479.99,0.35,False,66484.88,0.72,True,False,66486.55,0.76,True
1774780500,66422.29,66536.39,Up,True,66448.97,0.69,True,66450.97,0.7,True,True,66454.83,0.77,True,66455.11,0.75,True,True,66494.52,0.91,False
1774780800,66536.39,66545.09,Up,False,66517.23,0.5800000000000001,False,66517.23,0.5800000000000001,True,False,66514.65,0.62,False,66514.66,0.63,True,False,66513.57,0.53,True
1774781100,66545.95,66552.42,Up,True,66549.83,0.6,True,66549.83,0.57,True,True,66566.57,0.71,True,66573.41,0.78,False,True,66547.72,0.63,True
1774781400,66552.54,66538.31,Down,False,66573.39,0.64,False,66566.74,0.56,True,False,66570.3,0.62,False,66570.31,0.69,True,False,66555.67,0.53,True
1774781700,66538.31,66502.8,Down,False,66544.34,0.54,False,66551.67,0.66,True,False,66540.32,0.4,True,66535.33,0.61,True,True,66526.57,0.76,True
1774782000,66502.8,66658.43,Up,True,66511.9,0.51,True,66505.4,0.49,True,True,66518.81,0.63,True,66531.06,0.71,True,True,66541.39,0.85,False
1774782300,66682.0,66766.15,Up,True,66694.43,0.59,False,66666.57,0.49,True,False,66678.86,0.39,True,66811.86,0.94,False,True,66772.07,0.94,False
1774782600,66772.0,66767.95,Down,False,66781.62,0.54,False,66801.9,0.62,True,False,66820.54,0.79,False,66781.51,0.64,True,False,66801.9,0.83,False
1774782900,66762.97,66810.03,Up,True,66793.25,0.6,True,66785.49,0.55,True,True,66792.95,0.6,True,66777.09,0.51,True,False,66741.25,0.79,True
1774783200,66810.88,66821.95,Up,True,66821.99,0.5,True,66835.9,0.57,True,True,66818.17,0.44,True,66818.9,0.5,True,False,66789.33,0.51,True
1774783500,66779.0,66834.02,Up,True,66812.8,0.38,True,66812.8,0.37,True,True,66812.79,0.42,True,66816.89,0.39,True,True,66819.64,0.43,True
1774783800,66837.01,66810.99,Down,False,66849.87,0.49,False,66849.87,0.45,True,False,66855.36,0.53,False,66860.0,0.53,True,True,66818.16,0.77,True
1774784100,66777.0,66875.2,Up,True,66820.35,0.47,True,66816.86,0.41,True,True,66825.85,0.55,True,66829.71,0.62,True,True,66834.82,0.65,True
1774784400,66875.2,66905.2,Up,False,66870.34,0.6,False,66850.0,0.7,True,True,66881.62,0.49,True,66880.51,0.52,True,True,66887.43,0.49,True
1774784700,66903.97,66824.68,Down,True,66903.8,0.56,True,66903.79,0.5700000000000001,True,False,66958.11,0.53,False,66916.36,0.39,True,True,66883.76,0.78,True
1774785000,66850.24,66838.84,Down,True,66849.02,0.4,False,66853.29,0.62,True,False,66853.28,0.6,False,66860.46,0.61,True,True,66818.39,0.63,True
1774785300,66838.84,66816.28,Down,True,66818.01,0.7,True,66816.0,0.7,True,True,66816.01,0.6799999999999999,True,66824.95,0.63,True,True,66824.01,0.6699999999999999,True
1774785600,66816.28,66797.38,Down,False,66824.0,0.53,False,66839.61,0.58,True,False,66829.99,0.49,False,66822.81,0.33,True,False,66831.07,0.49,True
1774785900,66797.37,66781.33,Down,False,66810.09,0.62,False,66805.34,0.48,True,False,66807.18,0.46,False,66798.95,0.43,True,True,66793.42,0.7,True
1774786200,66781.33,66773.05,Down,False,66784.99,0.57,False,66792.57,0.5,True,False,66792.58,0.47,False,66791.61,0.49,True,False,66782.63,0.38,True
1774786500,66810.68,66782.75,Down,True,66729.74,0.5700000000000001,True,66760.39,0.49,True,True,66760.23,0.5900000000000001,True,66781.71,0.32999999999999996,True,True,66799.99,0.30000000000000004,True
1774786800,66782.74,66784.5,Up,False,66768.01,0.62,False,66768.0,0.5800000000000001,True,False,66771.63,0.6,False,66775.19,0.52,True,False,66760.56,0.61,True
1774787100,66784.5,66777.14,Down,True,66784.34,0.51,True,66784.35,0.55,True,True,66784.35,0.51,True,66784.34,0.5900000000000001,True,False,66787.66,0.36,True
1774787400,66781.63,66722.67,Down,False,66803.28,0.67,False,66800.0,0.65,True,False,66804.85,0.71,False,66801.37,0.67,True,False,66794.01,0.61,True
1774787700,66740.91,66746.02,Up,False,66726.06,0.36,False,66736.79,0.37,True,False,66737.74,0.36,True,66744.93,0.68,True,True,66742.26,0.78,True
1774788000,66755.39,66737.99,Down,True,66746.01,0.56,False,66786.7,0.72,False,False,66771.63,0.63,False,66780.0,0.73,True,False,66776.62,0.74,True
1774788300,66738.0,66803.91,Up,True,66740.71,0.57,True,66738.22,0.49,True,False,66729.27,0.56,True,66768.65,0.83,False,True,66787.46,0.88,False
1774788600,66803.91,66860.47,Up,True,66805.98,0.59,True,66813.28,0.62,True,True,66851.02,0.84,True,66847.31,0.84,False,True,66855.23,0.84,False
1774788900,66866.88,66849.88,Down,True,66856.03,0.51,True,66854.25,0.6,True,True,66845.63,0.62,True,66840.01,0.5700000000000001,True,True,66853.11,0.7,True
1774789200,66843.58,66823.96,Down,False,66852.83,0.49,False,66860.0,0.57,True,False,66856.0,0.49,True,66843.41,0.6599999999999999,True,True,66834.4,0.5800000000000001,True
1774789500,66823.97,66542.89,Down,True,66820.0,0.5800000000000001,True,66814.59,0.6799999999999999,True,True,66805.5,0.56,True,66805.51,0.6,True,True,66701.18,0.98,False
1774789800,66542.88,66606.38,Up,True,66576.0,0.62,True,66573.28,0.7,True,True,66597.42,0.76,True,66566.01,0.62,True,True,66605.94,0.89,False
1774790100,66606.38,66647.99,Up,False,66561.54,0.64,True,66617.94,0.59,True,True,66637.81,0.68,True,66642.0,0.68,True,True,66627.5,0.6,True
1774790400,66648.0,66639.73,Down,True,66632.64,0.5700000000000001,True,66634.98,0.45999999999999996,True,True,66647.47,0.37,False,66672.93,0.76,True,False,66699.74,0.89,False
1774790700,66646.39,66627.99,Down,False,66647.45,0.59,True,66634.98,0.52,True,True,66641.75,0.51,True,66626.46,0.64,True,True,66638.0,0.49,True
1774791000,66628.0,66636.86,Up,True,66648.01,0.61,False,66628.0,0.51,True,True,66639.65,0.55,True,66649.67,0.7,True,True,66669.09,0.82,True
1774791300,66636.86,66686.38,Up,False,66620.68,0.61,False,66625.36,0.53,True,False,66610.0,0.72,False,66635.75,0.5,True,True,66643.18,0.51,True
1774791600,66686.38,66669.95,Down,True,66675.61,0.52,True,66668.07,0.6,True,True,66664.69,0.5800000000000001,True,66680.84,0.52,True,True,66672.93,0.54,True
1774791900,66667.93,66606.66,Down,True,66665.9,0.52,False,66671.48,0.48,True,True,66654.73,0.5800000000000001,True,66660.64,0.53,True,True,66645.44,0.79,True
1774792200,66611.06,66620.36,Up,True,66612.25,0.46,True,66612.24,0.48,True,False,66608.45,0.43999999999999995,True,66613.4,0.55,True,True,66639.23,0.72,True
1774792500,66620.36,66580.37,Down,False,66633.26,0.62,True,66550.01,0.83,False,True,66576.65,0.77,True,66574.22,0.79,False,True,66574.22,0.9,False
1774792800,66580.36,66502.58,Down,True,66525.01,0.77,True,66557.3,0.6,True,True,66525.88,0.77,True,66539.47,0.75,True,True,66551.03,0.76,True
1774793100,66502.59,66527.56,Up,False,66494.24,0.47,True,66505.62,0.59,True,False,66493.4,0.47,False,66463.49,0.6799999999999999,True,True,66519.05,0.71,True
1774793400,66506.32,66672.93,Up,True,66539.6,0.66,True,66576.44,0.81,False,True,66613.14,0.93,True,66687.49,0.98,False,True,66689.77,0.99,False
1774793700,66703.08,66619.06,Down,True,66691.72,0.4,True,66649.71,0.62,True,True,66647.92,0.63,True,66657.1,0.5900000000000001,True,True,66624.39,0.86,False
1774794000,66617.14,66597.88,Down,False,66640.0,0.64,False,66639.99,0.63,True,False,66630.0,0.58,False,66622.39,0.51,True,True,66592.91,0.84,False
1774794300,66597.89,66538.5,Down,True,66574.21,0.62,True,66580.04,0.63,True,True,66574.3,0.6799999999999999,True,66550.0,0.85,False,True,66571.67,0.79,True
1774794600,66579.77,66588.9,Up,False,66539.93,0.43000000000000005,False,66533.4,0.51,True,False,66533.4,0.5,False,66527.99,0.52,True,False,66561.99,0.18000000000000005,True
1774794900,66588.9,66560.41,Down,True,66588.9,0.43999999999999995,False,66589.85,0.56,True,False,66591.87,0.58,False,66611.01,0.71,True,False,66608.99,0.78,True
1774795200,66560.42,66574.95,Up,True,66578.74,0.67,True,66574.22,0.56,True,False,66532.01,0.8,False,66527.52,0.74,True,False,66533.24,0.74,True
1774795500,66574.96,66551.25,Down,True,66565.82,0.51,True,66511.93,0.79,False,True,66514.01,0.81,True,66516.34,0.83,False,True,66517.86,0.9,False
1774795800,66551.24,66553.07,Up,True,66567.18,0.59,True,66579.2,0.69,True,True,66574.21,0.6,True,66557.65,0.55,True,True,66560.4,0.57,True
1774796100,66549.53,66589.63,Up,False,66544.4,0.5700000000000001,False,66545.18,0.49,True,True,66566.86,0.7,True,66559.88,0.63,True,True,66560.04,0.65,True
1774796400,66589.64,66633.09,Up,True,66689.88,0.86,True,66711.35,0.9,False,True,66670.85,0.86,True,66646.59,0.83,False,True,66681.03,0.95,False
1774796700,66630.54,66618.95,Down,False,66656.8,0.68,False,66650.76,0.65,True,False,66698.08,0.88,False,66669.12,0.8,False,False,66661.55,0.83,False
1774797000,66695.65,66590.64,Down,True,66632.27,0.43999999999999995,True,66629.45,0.47,True,True,66626.8,0.44999999999999996,True,66627.34,0.41000000000000003,True,True,66600.37,0.6599999999999999,True
1774797300,66597.96,66576.44,Down,False,66610.52,0.59,False,66619.54,0.61,True,False,66642.45,0.79,False,66662.01,0.85,False,False,66623.81,0.79,True
1774797600,66616.09,66516.84,Down,True,66571.76,0.55,True,66569.83,0.5900000000000001,True,True,66549.46,0.7,True,66555.18,0.7,True,True,66532.62,0.87,False
1774797900,66516.83,66420.74,Down,True,66462.45,0.8,True,66396.37,0.92,False,True,66419.49,0.91,True,66415.18,0.94,False,True,66385.88,0.99,False
1774798200,66420.74,66413.05,Down,True,66412.93,0.48,True,66369.42,0.71,False,True,66354.68,0.8,True,66368.43,0.79,False,True,66385.69,0.8,True
1774798500,66413.04,66392.72,Down,False,66418.38,0.58,True,66400.0,0.5,True,True,66411.96,0.4,False,66413.49,0.52,True,True,66350.0,0.86,False
1774798800,66392.73,66456.12,Up,True,66400.0,0.68,True,66409.84,0.65,True,True,66426.72,0.76,True,66428.36,0.77,False,True,66419.54,0.79,True
1774799100,66456.12,66446.4,Down,False,66476.68,0.66,True,66449.31,0.48,True,False,66459.31,0.61,False,66459.31,0.5,True,True,66436.89,0.71,True
1774799400,66436.9,66540.42,Up,False,66436.9,0.5,False,66423.61,0.5900000000000001,True,True,66438.1,0.6,True,66447.01,0.63,True,True,66463.34,0.82,True
1774799700,66521.13,66523.01,Up,True,66523.01,0.36,True,66523.01,0.4,True,True,66523.01,0.39,True,66523.0,0.42,True,False,66520.07,0.7,True
1774800000,66520.07,66495.62,Down,True,66508.77,0.61,True,66513.42,0.56,True,False,66523.2,0.5,False,66521.81,0.43,True,False,66546.19,0.68,True
1774800300,66492.27,66498.68,Up,False,66483.75,0.63,False,66462.05,0.69,True,False,66462.05,0.75,False,66455.39,0.8,False,False,66462.6,0.84,False
1774800600,66478.91,66447.22,Down,False,66523.32,0.67,False,66527.18,0.67,True,False,66526.71,0.7,False,66487.25,0.33,True,True,66470.92,0.79,True
1774800900,66465.76,66632.29,Up,False,66453.11,0.45999999999999996,False,66460.15,0.44999999999999996,True,True,66476.87,0.71,True,66470.6,0.7,True,True,66531.72,0.94,False
1774801200,66632.3,66604.57,Down,False,66642.03,0.48,True,66613.99,0.6799999999999999,True,False,66647.3,0.5,False,66648.61,0.53,True,True,66609.89,0.69,True
1774801500,66604.58,66617.19,Up,True,66610.0,0.5,True,66611.82,0.56,True,True,66631.22,0.66,True,66619.62,0.58,True,True,66624.95,0.68,True
1774801800,66615.1,66590.23,Down,True,66599.19,0.6799999999999999,True,66595.7,0.6599999999999999,True,True,66587.77,0.73,True,66602.95,0.63,True,True,66592.53,0.8,True
1774802100,66590.24,66559.8,Down,True,66538.53,0.76,True,66550.37,0.71,False,True,66566.33,0.62,True,66549.54,0.78,False,True,66539.14,0.89,False
1774802400,66549.54,66540.01,Down,False,66551.41,0.38,True,66546.58,0.6599999999999999,True,False,66567.7,0.56,False,66567.7,0.52,True,False,66555.05,0.35,True
1774802700,66544.85,66536.0,Down,True,66530.69,0.5,True,66537.89,0.48,True,True,66534.61,0.48,True,66524.55,0.62,True,True,66522.99,0.54,True
1774803000,66555.21,66493.08,Down,False,66567.93,0.69,True,66549.53,0.43999999999999995,True,True,66530.18,0.6,True,66514.92,0.69,True,True,66500.0,0.8200000000000001,True
1774803300,66493.08,66499.35,Up,True,66505.92,0.69,True,66514.61,0.62,True,True,66512.09,0.72,True,66512.11,0.71,True,True,66521.11,0.82,True
1774803600,66499.35,66482.15,Down,False,66517.84,0.66,False,66512.14,0.6,True,True,66492.78,0.65,True,66488.01,0.65,True,True,66494.2,0.54,True
1774803900,66482.15,66536.83,Up,True,66508.8,0.7,True,66518.84,0.77,False,True,66504.25,0.65,True,66519.99,0.82,False,True,66521.22,0.86,False
1774804200,66536.83,66422.36,Down,True,66508.53,0.71,True,66511.26,0.65,True,True,66510.08,0.7,True,66512.67,0.64,True,True,66491.47,0.88,False
1774804500,66451.14,66349.14,Down,True,66390.07,0.6699999999999999,True,66390.06,0.65,True,True,66387.14,0.71,True,66356.9,0.86,False,True,66405.51,0.5700000000000001,True
1774804800,66349.14,66193.64,Down,True,66339.02,0.54,True,66322.55,0.5900000000000001,True,True,66328.4,0.5800000000000001,True,66299.01,0.8,False,True,66229.54,0.96,False
1774805100,66256.83,66262.4,Up,False,66191.67,0.45999999999999996,False,66189.84,0.49,True,False,66240.2,0.20999999999999996,False,66223.67,0.26,True,False,66225.5,0.24,True
1774805400,66250.34,66295.77,Up,True,66253.46,0.52,True,66277.74,0.68,True,False,66245.8,0.56,False,66249.61,0.48,True,True,66258.38,0.53,True
1774805700,66295.76,66300.3,Up,False,66275.92,0.6,False,66274.76,0.61,True,False,66288.61,0.53,False,66280.98,0.61,True,True,66321.17,0.8,True
1774806000,66304.16,66401.93,Up,True,66304.61,0.52,True,66319.77,0.62,True,True,66317.64,0.6,True,66331.46,0.66,True,True,66377.42,0.9,False
1774806300,66392.26,66376.8,Down,True,66382.42,0.5800000000000001,True,66364.7,0.69,True,True,66367.05,0.7,True,66366.67,0.74,True,True,66379.46,0.69,True
1774806600,66376.8,66390.45,Up,True,66389.06,0.59,True,66425.41,0.85,False,True,66407.5,0.74,True,66407.51,0.7,True,True,66411.45,0.75,True
1774806900,66390.44,66385.84,Down,True,66389.64,0.48,True,66383.93,0.54,True,False,66392.86,0.51,False,66398.62,0.59,True,True,66385.84,0.61,True
1774807200,66385.84,66338.38,Down,False,66393.78,0.57,False,66408.98,0.71,False,True,66376.87,0.28,True,66357.62,0.28,True,True,66371.28,0.28,True
1774807500,66338.38,66349.84,Up,True,66353.29,0.59,False,66335.62,0.5,True,True,66352.0,0.62,True,66354.28,0.66,True,True,66354.29,0.7,True
1774807800,66349.84,66403.32,Up,True,66354.95,0.56,True,66378.34,0.74,False,True,66393.61,0.84,True,66385.99,0.8,False,True,66400.81,0.94,False
1774808100,66405.07,66438.93,Up,False,66397.32,0.51,True,66417.0,0.66,True,True,66436.9,0.8,True,66428.91,0.75,True,True,66445.89,0.92,False
1774808400,66438.94,66391.34,Down,True,66427.1,0.61,True,66435.66,0.54,True,True,66435.65,0.53,False,66445.9,0.59,True,True,66400.0,0.92,False
1774808700,66391.34,66397.51,Up,True,66402.4,0.56,True,66414.85,0.65,True,True,66424.43,0.72,True,66409.3,0.63,True,True,66405.37,0.69,True
1774809000,66397.51,66409.63,Up,True,66410.76,0.59,True,66417.42,0.69,True,True,66406.33,0.57,True,66406.33,0.63,True,True,66406.32,0.68,True
1774809300,66409.63,66486.44,Up,True,66427.57,0.67,True,66427.58,0.7,True,True,66443.78,0.81,True,66446.0,0.8,False,True,66446.0,0.91,False
1774809600,66486.44,66430.59,Down,True,66480.57,0.62,True,66480.39,0.61,True,True,66480.39,0.5800000000000001,True,66477.77,0.65,True,True,66462.86,0.81,True
1774809900,66449.0,66439.87,Down,True,66406.0,0.69,True,66390.98,0.69,True,True,66426.3,0.44999999999999996,True,66429.44,0.5,True,True,66425.79,0.49,True
1774810200,66439.88,66450.15,Up,True,66448.0,0.57,True,66444.81,0.5,True,True,66449.33,0.66,True,66454.63,0.68,True,True,66454.64,0.71,True
1774810500,66450.89,66427.27,Down,True,66449.29,0.52,True,66449.29,0.51,True,True,66450.0,0.4,True,66450.0,0.4,True,True,66432.96,0.77,True
1774810800,66427.26,66428.02,Up,True,66427.27,0.48,False,66414.61,0.65,True,False,66406.01,0.73,False,66406.0,0.75,True,False,66407.73,0.74,True
1774811100,66428.02,66412.25,Down,False,66433.22,0.58,False,66440.65,0.66,True,False,66436.88,0.55,False,66449.99,0.61,True,False,66445.89,0.6,True
1774811400,66412.24,66436.89,Up,True,66420.07,0.6,True,66420.07,0.56,True,True,66420.07,0.6,True,66420.08,0.53,True,True,66425.84,0.45,True
1774811700,66436.9,66449.06,Up,False,66426.0,0.65,False,66425.99,0.64,True,False,66415.34,0.6599999999999999,False,66423.99,0.6599999999999999,True,True,66440.33,0.34,True
1774812000,66449.05,66407.39,Down,True,66443.31,0.5700000000000001,True,66423.43,0.71,False,True,66426.41,0.6799999999999999,True,66433.34,0.63,True,False,66449.62,0.59,True
1774812300,66407.39,66432.6,Up,False,66407.01,0.51,True,66423.33,0.64,True,True,66430.66,0.64,True,66437.75,0.73,True,True,66421.35,0.71,True
1774812600,66425.94,66477.81,Up,True,66431.9,0.5,True,66447.69,0.61,True,True,66460.59,0.75,True,66455.21,0.69,True,True,66454.17,0.65,True
1774812900,66477.81,66386.53,Down,True,66430.74,0.77,True,66435.39,0.75,False,True,66430.74,0.8,True,66407.99,0.94,False,True,66390.89,0.98,False
1774813200,66386.53,66391.73,Up,True,66386.54,0.45,True,66390.42,0.53,True,True,66394.28,0.55,False,66343.67,0.89,False,False,66379.03,0.63,True
1774813500,66391.74,66378.45,Down,True,66390.57,0.5,False,66394.28,0.53,True,False,66426.05,0.86,False,66391.99,0.52,True,False,66410.07,0.78,True
1774813800,66378.45,66364.8,Down,True,66366.29,0.5900000000000001,True,66367.82,0.5900000000000001,True,True,66369.8,0.5800000000000001,True,66355.29,0.77,False,True,66355.17,0.77,True
1774814100,66364.8,66348.61,Down,False,66364.81,0.53,True,66354.99,0.5700000000000001,True,True,66349.47,0.7,True,66338.39,0.8,False,True,66342.0,0.83,False
1774814400,66348.62,66431.53,Up,True,66366.97,0.61,True,66372.01,0.71,False,True,66375.72,0.74,True,66385.03,0.83,False,True,66407.7,0.92,False
1774814700,66431.52,66471.33,Up,False,66417.25,0.62,False,66417.25,0.65,True,False,66417.26,0.65,True,66440.68,0.63,True,True,66474.92,0.89,False
1774815000,66478.52,66461.17,Down,True,66470.62,0.5900000000000001,True,66475.74,0.49,True,True,66475.75,0.48,True,66462.72,0.5800000000000001,True,True,66453.48,0.78,True
1774815300,66462.35,66554.01,Up,True,66485.99,0.66,True,66482.1,0.66,True,True,66499.9,0.78,True,66485.18,0.72,True,True,66506.95,0.77,True
1774815600,66554.0,66721.52,Up,True,66571.69,0.57,True,66642.16,0.88,False,True,66650.13,0.88,True,66649.53,0.92,False,True,66642.34,0.96,False
1774815900,66721.52,66705.64,Down,True,66711.11,0.6599999999999999,False,66724.86,0.47,True,False,66759.33,0.68,False,66753.78,0.65,True,True,66719.56,0.6599999999999999,True
1774816200,66689.85,66681.1,Down,False,66716.54,0.48,False,66707.97,0.44,True,False,66707.26,0.44,False,66702.16,0.38,True,False,66710.87,0.42,True
1774816500,66681.1,66653.18,Down,True,66681.09,0.5800000000000001,True,66678.11,0.5800000000000001,True,True,66678.11,0.55,True,66678.11,0.55,True,True,66678.68,0.6,True
1774816800,66653.18,66596.27,Down,False,66659.93,0.56,True,66649.58,0.49,True,True,66646.87,0.5900000000000001,True,66646.01,0.56,True,True,66629.48,0.8200000000000001,True
1774817100,66596.27,66580.39,Down,True,66581.85,0.5700000000000001,True,66575.58,0.6,True,True,66594.98,0.5800000000000001,False,66596.42,0.33,True,False,66600.63,0.35,True
1774817400,66580.38,66586.68,Up,True,66586.82,0.6,True,66586.82,0.56,True,True,66593.77,0.57,True,66583.9,0.45,True,True,66583.57,0.48,True
1774817700,66586.68,66614.05,Up,True,66600.0,0.7,True,66600.0,0.69,True,True,66599.99,0.61,True,66593.77,0.57,True,False,66585.51,0.5800000000000001,True
1774818000,66614.04,66601.69,Down,False,66626.68,0.67,False,66649.86,0.83,False,False,66658.0,0.87,False,66628.43,0.73,True,False,66617.14,0.63,True
1774818300,66601.7,66558.3,Down,False,66611.45,0.56,False,66611.9,0.59,True,False,66611.06,0.58,False,66611.9,0.6,True,True,66600.18,0.51,True
1774818600,66558.3,66554.62,Down,True,66556.58,0.47,True,66556.57,0.5,True,True,66556.57,0.53,True,66549.54,0.64,True,True,66537.0,0.77,True
1774818900,66554.62,66543.4,Down,True,66549.53,0.5700000000000001,True,66550.53,0.53,True,True,66540.45,0.63,True,66540.44,0.65,True,True,66549.53,0.6,True
1774819200,66543.4,66595.09,Up,True,66556.71,0.63,True,66563.28,0.7,True,True,66574.21,0.72,True,66574.21,0.79,False,True,66585.45,0.87,False
1774819500,66595.1,66653.88,Up,True,66609.27,0.66,True,66617.12,0.73,False,True,66643.24,0.83,True,66651.92,0.87,False,True,66653.18,0.9,False
1774819800,66653.87,66653.28,Down,True,66646.13,0.63,False,66670.65,0.63,True,False,66673.98,0.69,False,66679.56,0.76,True,False,66686.35,0.83,False
1774820100,66649.88,66638.98,Down,False,66672.02,0.62,False,66672.02,0.62,True,False,66670.01,0.61,False,66667.7,0.6,True,False,66657.37,0.59,True
1774820400,66638.98,66640.33,Up,True,66638.99,0.55,False,66638.9,0.55,True,False,66602.62,0.8200000000000001,False,66604.0,0.83,False,False,66634.16,0.49,True
1774820700,66640.32,66690.37,Up,True,66649.81,0.56,True,66654.06,0.65,True,True,66678.15,0.73,True,66672.92,0.79,False,True,66676.9,0.77,True
1774821000,66688.41,66697.41,Up,False,66676.9,0.62,False,66676.91,0.64,True,False,66676.91,0.65,False,66676.91,0.6599999999999999,True,False,66676.9,0.51,True
1774821300,66697.42,66710.12,Up,True,66734.23,0.71,True,66707.26,0.51,True,True,66735.15,0.77,True,66730.66,0.71,True,True,66754.99,0.86,False
1774821600,66725.22,66413.55,Down,True,66602.99,0.87,True,66574.22,0.92,False,True,66538.54,0.97,True,66457.44,1.0,False,True,66415.54,1.0,False
1774821900,66397.06,66402.25,Up,False,66374.0,0.5900000000000001,False,66334.04,0.77,False,False,66269.35,0.94,False,66286.68,0.91,False,False,66374.84,0.6799999999999999,True
1774822200,66402.08,66309.05,Down,False,66437.12,0.68,True,66376.8,0.49,True,True,66333.2,0.69,True,66230.94,0.92,False,True,66235.12,0.97,False
1774822500,66306.34,66327.42,Up,False,66287.61,0.48,False,66291.8,0.52,True,True,66322.1,0.62,True,66329.17,0.65,True,False,66286.04,0.55,True
1774822800,66327.42,66418.0,Up,False,66326.93,0.52,True,66387.75,0.81,False,True,66427.2,0.91,True,66414.79,0.93,False,True,66409.28,0.92,False
1774823100,66416.84,66384.51,Down,True,66400.96,0.54,True,66355.77,0.76,False,True,66383.99,0.6,True,66376.79,0.73,True,True,66365.52,0.85,False
1774823400,66398.11,66379.38,Down,True,66396.53,0.37,False,66402.85,0.59,True,True,66376.79,0.52,True,66349.61,0.6799999999999999,True,True,66380.0,0.48,True
1774823700,66379.38,66255.08,Down,True,66368.69,0.56,True,66334.36,0.73,False,True,66311.13,0.84,True,66278.09,0.92,False,True,66218.8,0.99,False
1774824000,66268.53,65680.67,Down,False,66268.9,0.63,True,66201.91,0.72,False,True,65863.7,0.96,True,65840.76,0.99,False,True,65682.11,1.0,False
1774824300,65684.24,65064.78,Down,True,65069.91,0.94,True,65267.07,0.91,False,True,65345.32,0.94,True,65342.78,0.94,False,True,65296.01,0.99,False
1774824600,65159.23,65465.48,Up,False,65107.56,0.29000000000000004,False,65106.64,0.31000000000000005,True,True,65280.2,0.94,True,65223.84,0.93,False,True,65396.42,0.98,False
1774824900,65465.47,65855.24,Up,True,65511.99,0.64,True,65660.11,0.9,False,True,65870.44,0.97,True,65816.87,0.97,False,True,65936.34,0.98,False
1774825200,65860.31,66035.69,Up,True,65928.68,0.65,True,66207.2,0.94,False,True,66176.84,0.93,True,66191.02,0.94,False,True,66080.77,0.94,False
1774825500,66035.69,66055.45,Up,True,66130.56,0.7,True,66115.39,0.66,True,True,66046.76,0.57,False,65981.98,0.71,True,False,65988.49,0.76,True
1774825800,66064.43,66095.5,Up,False,66057.82,0.61,False,66023.59,0.7,True,False,66027.76,0.69,False,66062.42,0.5700000000000001,True,True,66111.48,0.69,True
1774826100,66102.12,66124.22,Up,False,66087.19,0.61,False,66089.45,0.63,True,True,66133.48,0.53,True,66205.65,0.81,False,True,66183.16,0.84,False
1774826400,66124.23,66071.1,Down,False,66170.94,0.62,False,66204.14,0.7,True,False,66245.22,0.87,False,66203.38,0.82,False,False,66228.61,0.9,False
1774826700,66080.24,66010.01,Down,True,66057.31,0.61,True,66048.13,0.63,True,True,66000.01,0.81,True,65968.07,0.9,False,True,65967.42,0.92,False
1774827000,65991.16,65971.06,Down,False,66027.5,0.58,False,66010.16,0.53,True,False,66060.5,0.72,False,66091.8,0.87,False,True,65944.18,0.81,True
1774827300,66000.01,65934.45,Down,True,65944.66,0.52,True,65900.01,0.74,False,True,65916.59,0.69,True,65907.62,0.74,True,True,65871.77,0.92,False
1774827600,65934.46,66029.23,Up,True,65997.27,0.72,True,65976.59,0.63,True,True,65961.22,0.59,False,65916.36,0.6,True,True,66010.58,0.87,False
1774827900,66029.24,66033.06,Up,True,66168.41,0.89,True,66108.39,0.79,False,True,66104.08,0.82,True,66074.72,0.72,True,True,66076.77,0.79,True
1774828200,66094.54,66059.39,Down,True,65940.65,0.79,True,65940.0,0.79,False,True,65949.96,0.8,True,65912.0,0.91,False,True,65939.19,0.9299999999999999,False
1774828500,66059.38,66009.1,Down,True,66044.39,0.55,True,66044.38,0.56,True,True,66047.25,0.54,True,66050.55,0.55,True,True,66031.33,0.6699999999999999,True
1774828800,66027.24,65871.26,Down,False,66059.35,0.63,False,66059.31,0.66,True,True,65975.74,0.69,True,65966.01,0.7,True,True,65917.59,0.9,False
1774829100,65866.66,65876.0,Up,False,65816.15,0.6799999999999999,False,65859.21,0.54,True,True,65884.98,0.54,True,65876.52,0.54,True,True,65942.01,0.82,True
1774829400,65880.57,65853.46,Down,True,65876.38,0.54,False,65909.0,0.62,True,False,65909.0,0.62,False,65881.65,0.51,True,True,65846.29,0.69,True
1774829700,65853.46,66913.49,Up,True,65872.03,0.54,False,65830.8,0.5800000000000001,True,False,65826.52,0.63,False,65811.75,0.7,True,True,65998.39,0.95,False
1774830000,66209.69,66609.55,Up,True,66854.0,0.46,True,66943.0,0.62,True,True,66887.58,0.42,True,66748.01,0.21,True,True,66797.99,0.27,True
1774830300,66609.54,66574.22,Down,True,66601.82,0.52,True,66582.93,0.5900000000000001,True,True,66600.39,0.54,False,66684.07,0.69,True,False,66743.18,0.8,True
1774830600,66574.21,66507.64,Down,False,66615.27,0.57,False,66664.61,0.64,True,False,66622.0,0.64,False,66653.32,0.72,True,False,66689.4,0.83,False
1774830900,66507.64,66285.48,Down,True,66419.52,0.69,True,66496.52,0.55,True,False,66546.25,0.59,False,66529.37,0.6,True,True,66382.02,0.9,False
1774831200,66326.95,66328.64,Up,False,66270.96,0.55,False,66325.25,0.41000000000000003,True,False,66245.36,0.6699999999999999,False,66241.62,0.6699999999999999,True,False,66253.69,0.6799999999999999,True
1774831500,66303.38,66342.26,Up,True,66304.17,0.44,True,66346.76,0.55,True,True,66390.08,0.67,True,66405.68,0.71,True,True,66330.27,0.46,True
1774831800,66328.39,66170.63,Down,True,66315.55,0.5700000000000001,True,66285.69,0.64,True,True,66210.0,0.84,True,66173.37,0.88,False,True,66190.26,0.9,False
1774832100,66183.46,66278.1,Up,False,66170.64,0.53,False,66176.01,0.53,True,True,66219.86,0.67,True,66210.72,0.59,True,True,66311.27,0.92,False
1774832400,66280.24,66422.75,Up,True,66352.71,0.72,True,66348.97,0.69,True,True,66376.8,0.77,True,66441.28,0.92,False,True,66460.97,0.96,False
1774832700,66429.25,66371.81,Down,False,66455.41,0.59,False,66491.93,0.68,True,False,66496.11,0.72,False,66521.05,0.82,False,False,66475.66,0.72,True
1774833000,66371.82,66396.0,Up,True,66382.33,0.53,True,66384.71,0.54,True,True,66448.16,0.74,True,66450.15,0.78,False,True,66462.35,0.87,False
1774833300,66391.86,66517.99,Up,False,66370.04,0.62,False,66346.76,0.6799999999999999,True,True,66457.27,0.68,True,66460.62,0.73,True,True,66453.99,0.74,True
1774833600,66498.62,66480.56,Down,False,66524.08,0.48,False,66502.71,0.45,True,False,66526.15,0.53,True,66483.78,0.6599999999999999,True,True,66474.79,0.69,True
1774833900,66480.56,66603.24,Up,True,66532.03,0.65,True,66528.77,0.68,True,True,66549.53,0.73,True,66540.43,0.72,True,True,66560.01,0.84,False
1774834200,66603.24,66718.01,Up,False,66587.28,0.5800000000000001,False,66600.34,0.56,True,True,66646.8,0.66,True,66690.66,0.79,False,True,66608.44,0.52,True
1774834500,66703.07,66634.85,Down,False,66731.64,0.57,True,66691.47,0.56,True,True,66620.35,0.78,True,66658.23,0.6599999999999999,True,True,66643.95,0.8,True
1774834800,66643.84,66655.49,Up,False,66637.68,0.5,False,66602.0,0.6799999999999999,True,False,66591.52,0.71,False,66553.1,0.84,False,False,66567.62,0.89,False
1774835100,66668.0,66764.68,Up,True,66675.34,0.55,True,66695.81,0.61,True,True,66705.04,0.67,True,66728.32,0.74,True,True,66797.38,0.94,False
1774835400,66800.7,66642.24,Down,True,66731.58,0.64,True,66741.8,0.61,True,True,66735.14,0.6599999999999999,True,66678.11,0.8200000000000001,False,True,66672.93,0.91,False
1774835700,66642.24,66640.72,Down,False,66653.19,0.51,False,66662.08,0.56,True,False,66681.91,0.66,False,66664.0,0.61,True,False,66664.84,0.68,True
1774836000,66653.74,66642.7,Down,False,66682.19,0.64,False,66702.0,0.72,False,False,66713.65,0.76,False,66731.3,0.84,False,False,66722.0,0.85,False
1774836300,66642.69,66729.6,Up,False,66610.01,0.5700000000000001,False,66610.93,0.61,True,False,66582.38,0.75,False,66630.1,0.56,True,True,66802.85,0.96,False
1774836600,66729.6,66840.59,Up,True,66741.37,0.56,True,66759.59,0.61,True,True,66762.56,0.65,False,66724.53,0.47,True,False,66717.42,0.43000000000000005,True
1774836900,66840.58,66771.62,Down,True,66824.13,0.6,True,66811.41,0.61,True,True,66822.59,0.5900000000000001,True,66822.59,0.63,True,True,66787.24,0.8200000000000001,True
1774837200,66771.63,66740.31,Down,True,66707.26,0.74,True,66690.21,0.77,False,True,66708.72,0.72,True,66733.51,0.6699999999999999,True,True,66729.38,0.71,True
1774837500,66740.31,66755.66,Up,True,66771.47,0.62,True,66762.87,0.58,True,True,66742.0,0.5,False,66735.78,0.48,True,False,66692.26,0.79,True
1774837800,66755.66,66654.75,Down,False,66761.6,0.49,True,66720.38,0.6799999999999999,True,True,66745.61,0.54,True,66753.17,0.52,True,True,66717.7,0.71,True
1774838100,66654.75,66670.71,Up,True,66676.13,0.56,False,66608.97,0.7,True,False,66620.58,0.6799999999999999,False,66625.14,0.6599999999999999,True,False,66649.43,0.55,True
1774838400,66670.71,67016.22,Up,False,66637.77,0.73,False,66666.08,0.55,True,False,66659.63,0.5900000000000001,True,66691.73,0.55,True,True,66805.3,0.96,False
1774838700,67038.75,67333.43,Up,False,67013.58,0.56,True,67236.12,0.86,False,True,67372.01,0.94,True,67221.28,0.91,False,True,67290.32,0.98,False
1774839000,67330.01,67161.02,Down,True,67231.02,0.8,True,67186.41,0.86,False,True,67191.59,0.85,True,67146.34,0.95,False,True,67176.66,0.94,False
1774839300,67161.03,67124.48,Down,True,67143.79,0.61,True,67132.8,0.64,True,True,67094.4,0.8,True,67092.48,0.81,False,True,67111.31,0.79,True
1774839600,67121.01,67004.92,Down,False,67125.18,0.51,False,67142.08,0.58,True,False,67124.55,0.53,False,67124.55,0.48,True,True,67049.91,0.8200000000000001,True
1774839900,67004.92,67054.34,Up,False,66983.43,0.62,False,66983.11,0.5800000000000001,True,False,67002.68,0.49,True,67063.87,0.74,True,True,67040.27,0.65,True
1774840200,67058.84,67001.92,Down,True,67044.33,0.54,False,67059.98,0.54,True,True,67042.46,0.53,True,67001.23,0.69,True,True,67027.15,0.65,True
1774840500,67001.36,67102.01,Up,True,67012.7,0.49,True,67015.0,0.49,True,True,67010.98,0.48,True,67072.0,0.74,True,True,67074.24,0.8,True
1774840800,67102.0,67278.48,Up,True,67117.49,0.57,True,67134.68,0.65,True,True,67106.16,0.53,False,67084.98,0.5900000000000001,True,False,67094.65,0.5700000000000001,True
1774841100,67271.14,67242.74,Down,True,67243.08,0.6699999999999999,True,67215.94,0.74,False,True,67248.89,0.61,True,67171.4,0.94,False,True,67206.27,0.88,False
1774841400,67242.73,67227.33,Down,False,67275.04,0.63,False,67282.27,0.65,True,False,67248.7,0.53,True,67236.54,0.54,True,True,67224.28,0.6,True
1774841700,67227.33,67175.5,Down,True,67226.35,0.51,True,67217.33,0.5800000000000001,True,False,67250.0,0.59,True,67220.91,0.56,True,True,67227.15,0.52,True
1774842000,67175.51,67196.13,Up,False,67142.11,0.6799999999999999,False,67151.78,0.6,True,True,67197.05,0.61,True,67184.64,0.54,True,True,67191.9,0.56,True
1774842300,67196.14,67194.09,Down,True,67157.87,0.71,True,67171.39,0.64,True,True,67157.87,0.73,True,67142.0,0.81,False,True,67127.3,0.91,False
1774842600,67194.09,67229.95,Up,False,67177.03,0.62,False,67177.9,0.63,True,True,67200.0,0.48,False,67182.62,0.5900000000000001,True,True,67204.62,0.61,True
1774842900,67229.96,67164.25,Down,True,67191.72,0.7,True,67157.88,0.84,False,True,67148.38,0.88,True,67136.68,0.94,False,True,67150.33,0.96,False
1774843200,67179.18,67230.78,Up,False,67175.01,0.53,False,67177.1,0.51,True,True,67214.97,0.71,True,67209.3,0.69,True,True,67227.85,0.8,True
1774843500,67234.45,67410.0,Up,True,67243.12,0.53,True,67260.32,0.64,True,True,67350.64,0.88,True,67384.9,0.93,False,True,67358.63,0.96,False
1774843800,67409.99,67432.49,Up,False,67380.1,0.64,True,67458.55,0.71,False,True,67479.46,0.77,False,67404.92,0.52,True,False,67396.84,0.5700000000000001,True
1774844100,67432.48,67398.74,Down,False,67474.95,0.62,False,67492.92,0.66,True,False,67439.86,0.51,True,67429.59,0.56,True,False,67495.26,0.8,True
1774844400,67411.67,67398.6,Down,True,67401.58,0.5700000000000001,True,67409.47,0.49,True,False,67473.39,0.77,False,67467.06,0.77,False,False,67413.0,0.51,True
1774844700,67393.89,67449.19,Up,True,67428.25,0.65,True,67436.77,0.65,True,True,67465.79,0.8,True,67468.18,0.78,False,True,67467.58,0.84,False
1774845000,67602.2,67482.32,Down,True,67508.58,0.25,True,67489.77,0.31999999999999995,True,True,67522.03,0.19999999999999996,True,67532.41,0.15000000000000002,True,True,67490.03,0.21999999999999997,True
1774845300,67479.68,67515.29,Up,False,67462.52,0.55,False,67434.0,0.64,True,False,67414.33,0.64,False,67421.57,0.7,True,False,67448.0,0.61,True
1774845600,67515.3,67419.77,Down,True,67460.26,0.76,True,67428.25,0.81,False,True,67402.6,0.89,True,67409.01,0.88,False,True,67407.53,0.9299999999999999,False
1774845900,67419.77,67530.0,Up,True,67427.43,0.47,True,67420.53,0.5,True,True,67460.65,0.71,True,67495.5,0.83,False,True,67485.44,0.88,False
1774846200,67530.01,67612.13,Up,True,67558.09,0.64,True,67546.2,0.59,True,False,67521.24,0.61,True,67546.0,0.6,True,True,67609.18,0.86,False
1774846500,67612.12,67620.97,Up,True,67616.06,0.52,True,67613.26,0.49,True,False,67611.68,0.52,False,67561.28,0.75,True,False,67585.96,0.65,True
1774846800,67616.29,67622.6,Up,True,67663.4,0.68,True,67673.6,0.69,True,True,67670.18,0.75,True,67705.99,0.81,False,True,67669.69,0.8,True
1774847100,67627.26,67730.0,Up,False,67601.99,0.62,False,67606.96,0.63,True,False,67621.03,0.53,True,67641.67,0.58,True,False,67613.74,0.5900000000000001,True
1774847400,67752.94,67646.15,Down,True,67697.64,0.6699999999999999,True,67652.08,0.8,False,True,67652.09,0.87,True,67694.01,0.79,False,True,67661.3,0.9299999999999999,False
1774847700,67660.0,67663.77,Up,False,67629.93,0.49,False,67599.01,0.6,True,False,67604.84,0.5900000000000001,False,67608.49,0.5700000000000001,True,False,67648.61,0.39,True
1774848000,67663.78,67667.46,Up,False,67648.77,0.5800000000000001,False,67647.43,0.5800000000000001,True,False,67647.09,0.62,True,67667.91,0.39,True,False,67643.47,0.55,True
1774848300,67667.46,67689.6,Up,True,67670.2,0.45,True,67672.97,0.45,True,True,67682.25,0.57,True,67682.0,0.59,True,True,67717.3,0.84,False
1774848600,67665.0,67641.08,Down,False,67684.62,0.53,False,67678.91,0.48,True,False,67665.61,0.39,False,67683.62,0.53,True,True,67655.5,0.65,True
1774848900,67648.04,67549.71,Down,True,67644.24,0.49,True,67621.96,0.62,True,False,67649.99,0.47,True,67638.85,0.5800000000000001,True,True,67582.28,0.77,True
1774849200,67549.7,67500.01,Down,True,67542.18,0.56,True,67539.05,0.5700000000000001,True,True,67536.73,0.5700000000000001,True,67545.31,0.52,True,True,67529.07,0.6599999999999999,True
1774849500,67515.01,67547.43,Up,True,67525.63,0.65,False,67508.65,0.44999999999999996,True,False,67482.32,0.61,False,67462.57,0.71,True,False,67455.82,0.8,True
1774849800,67542.39,67527.5,Down,True,67527.05,0.6,True,67511.06,0.73,False,True,67519.41,0.6599999999999999,True,67512.93,0.72,True,True,67507.31,0.79,True
1774850100,67527.5,67492.46,Down,True,67507.32,0.63,True,67492.47,0.76,False,True,67520.0,0.6,True,67518.37,0.6,True,False,67530.55,0.33,True
1774850400,67492.46,67558.9,Up,True,67503.09,0.49,True,67525.89,0.54,True,True,67520.87,0.58,True,67516.49,0.57,True,True,67580.01,0.91,False
1774850700,67560.74,67503.72,Down,True,67547.15,0.5700000000000001,False,67567.86,0.44,True,False,67567.86,0.41,True,67530.39,0.74,True,True,67535.67,0.73,True
1774851000,67503.71,67441.34,Down,True,67460.61,0.71,True,67457.87,0.71,False,True,67449.32,0.8,True,67434.14,0.88,False,True,67450.43,0.91,False
1774851300,67447.09,67328.01,Down,False,67462.33,0.51,True,67430.23,0.73,False,True,67390.9,0.83,True,67427.77,0.6799999999999999,True,True,67372.98,0.96,False
1774851600,67328.01,67320.0,Down,False,67337.87,0.48,False,67350.0,0.52,True,False,67347.63,0.55,True,67317.35,0.5800000000000001,True,False,67343.63,0.42,True
1774851900,67307.19,67310.0,Up,True,67324.01,0.47,True,67341.79,0.58,True,True,67346.23,0.57,True,67331.95,0.54,True,True,67350.4,0.55,True
1774852200,67332.89,67316.15,Down,True,67314.72,0.55,True,67317.95,0.51,True,True,67320.22,0.55,True,67309.53,0.63,True,True,67327.93,0.63,True
1774852500,67316.16,67303.38,Down,False,67321.22,0.55,True,67301.83,0.5800000000000001,True,True,67291.72,0.61,True,67291.71,0.6699999999999999,True,True,67302.0,0.64,True
1774852800,67322.55,67365.11,Up,False,67319.98,0.41000000000000003,True,67343.24,0.79,False,True,67333.36,0.76,True,67365.08,0.88,False,True,67348.99,0.91,False
1774853100,67362.13,67375.91,Up,True,67365.99,0.61,True,67364.94,0.59,True,True,67364.93,0.63,True,67400.66,0.88,False,True,67402.75,0.87,False
1774853400,67381.27,67333.88,Down,False,67394.15,0.65,False,67412.43,0.71,False,False,67426.79,0.75,False,67392.57,0.56,True,False,67405.13,0.61,True
1774853700,67333.88,67305.14,Down,True,67333.45,0.47,False,67338.58,0.52,True,False,67358.87,0.63,False,67338.23,0.46,True,True,67329.28,0.6799999999999999,True
1774854000,67305.14,67272.82,Down,True,67274.61,0.6699999999999999,True,67277.46,0.61,True,True,67280.36,0.61,True,67280.35,0.61,True,True,67263.09,0.7,True
1774854300,67238.42,67399.03,Up,True,67289.79,0.58,True,67309.17,0.67,True,True,67336.2,0.78,True,67338.13,0.79,False,True,67369.36,0.95,False
1774854600,67399.04,67383.03,Down,False,67403.79,0.54,False,67428.24,0.62,True,False,67458.37,0.73,False,67440.77,0.73,True,False,67413.47,0.58,True
1774854900,67383.02,67397.34,Up,True,67385.11,0.52,True,67392.12,0.5,True,True,67387.46,0.51,True,67385.24,0.47,True,True,67413.6,0.64,True
1774855200,67418.0,67307.71,Down,True,67370.51,0.56,True,67367.12,0.6,True,True,67392.25,0.4,True,67381.75,0.54,True,True,67363.88,0.69,True
1774855500,67307.71,67327.28,Up,True,67337.97,0.64,True,67328.77,0.58,True,True,67320.66,0.56,True,67314.29,0.48,True,True,67344.0,0.74,True
1774855800,67328.0,67335.69,Up,True,67400.0,0.82,True,67394.09,0.78,False,True,67400.92,0.84,True,67417.99,0.88,False,True,67388.59,0.76,True
1774856100,67335.7,67309.29,Down,True,67327.32,0.55,False,67379.91,0.71,False,False,67384.89,0.74,False,67409.63,0.83,False,False,67359.59,0.61,True
1774856400,67309.3,67318.24,Up,True,67309.31,0.51,True,67320.8,0.54,True,True,67318.31,0.56,True,67331.41,0.61,True,True,67333.11,0.65,True
1774856700,67318.24,67451.51,Up,False,67315.47,0.4,False,67303.77,0.49,True,True,67326.18,0.71,True,67348.31,0.85,False,True,67432.5,0.97,False
1774857000,67404.51,67485.99,Up,True,67428.25,0.47,True,67434.45,0.56,True,True,67559.88,0.92,True,67561.26,0.93,False,True,67503.22,0.9,False
1774857300,67479.01,67624.38,Up,True,67541.2,0.71,True,67541.21,0.73,False,True,67545.14,0.7,True,67573.24,0.84,False,True,67554.0,0.93,False
1774857600,67624.39,67779.44,Up,True,67657.14,0.66,True,67670.73,0.74,False,True,67641.98,0.61,True,67665.9,0.73,True,True,67786.15,0.97,False
1774857900,67770.71,67797.01,Up,True,67881.15,0.77,True,67850.19,0.74,False,True,67862.73,0.79,True,67845.52,0.71,True,False,67735.2,0.64,True
1774858200,67761.36,67900.49,Up,True,67817.5,0.45,True,67832.1,0.44,True,True,67795.47,0.32,True,67787.59,0.25,True,True,67815.51,0.4,True
1774858500,67893.92,67884.51,Down,False,67908.7,0.55,False,67901.99,0.55,True,False,67896.07,0.48,True,67840.03,0.75,True,True,67790.01,0.85,False
1774858800,67900.0,67772.87,Down,True,67834.92,0.7,True,67800.0,0.83,False,True,67776.0,0.92,True,67813.62,0.84,False,True,67784.22,0.95,False
1774859100,67763.73,67765.16,Up,False,67740.0,0.7,False,67749.02,0.6599999999999999,True,False,67759.99,0.61,False,67754.96,0.6699999999999999,True,True,67765.15,0.34,True
1774859400,67765.16,67754.89,Down,False,67778.31,0.46,False,67785.95,0.49,True,False,67798.94,0.45,False,67818.0,0.58,True,True,67762.86,0.64,True
1774859700,67754.88,67801.37,Up,False,67743.0,0.64,True,67754.89,0.45,True,True,67768.17,0.42,True,67772.09,0.42,True,True,67787.39,0.43,True
1774860000,67801.37,67762.8,Down,False,67804.34,0.44,False,67809.4,0.46,True,True,67760.0,0.6799999999999999,True,67751.37,0.88,False,True,67750.84,0.9,False
1774860300,67761.0,67745.53,Down,True,67758.7,0.53,False,67769.96,0.54,True,False,67791.04,0.68,False,67776.1,0.56,True,True,67737.87,0.7,True
1774860600,67745.53,67763.5,Up,True,67781.79,0.69,True,67791.99,0.71,False,True,67789.5,0.7,True,67808.78,0.84,False,True,67804.07,0.87,False
1774860900,67763.51,67666.45,Down,True,67749.95,0.5800000000000001,True,67736.05,0.6799999999999999,True,True,67689.26,0.9,True,67681.65,0.9299999999999999,False,True,67673.91,0.98,False
1774861200,67666.44,67616.93,Down,True,67655.83,0.61,True,67640.78,0.6799999999999999,True,True,67631.22,0.72,True,67632.29,0.73,True,True,67629.8,0.88,False
1774861500,67616.93,67602.71,Down,False,67649.99,0.7,False,67634.01,0.59,True,False,67653.1,0.69,False,67652.99,0.72,True,False,67658.82,0.86,False
1774861800,67602.71,67580.59,Down,False,67631.2,0.7,False,67631.19,0.69,True,False,67659.99,0.87,False,67684.33,0.92,False,False,67630.15,0.72,True
1774862100,67580.6,67623.94,Up,False,67567.94,0.5900000000000001,False,67566.69,0.62,True,False,67561.28,0.6799999999999999,False,67576.74,0.5700000000000001,True,True,67627.33,0.76,True
1774862400,67650.42,67530.12,Down,True,67619.01,0.54,True,67610.99,0.5700000000000001,True,True,67610.98,0.5700000000000001,True,67619.81,0.5700000000000001,True,True,67561.28,0.92,False
1774862700,67530.12,67518.36,Down,True,67523.69,0.51,False,67543.89,0.65,True,False,67532.19,0.53,True,67521.98,0.54,True,True,67512.97,0.62,True
1774863000,67518.37,67484.95,Down,True,67515.3,0.5,True,67497.24,0.69,True,True,67501.2,0.62,True,67490.15,0.72,True,True,67463.54,0.89,False
1774863300,67484.94,67535.2,Up,False,67473.45,0.52,False,67460.01,0.5900000000000001,True,False,67474.34,0.51,True,67497.76,0.7,True,True,67497.61,0.66,True
1774863600,67535.2,67556.95,Up,False,67500.41,0.73,False,67490.24,0.79,False,False,67483.77,0.86,False,67475.33,0.89,False,False,67520.01,0.6699999999999999,True
1774863900,67556.95,67572.3,Up,True,67556.96,0.48,False,67543.0,0.64,True,False,67555.95,0.54,True,67571.25,0.62,True,True,67561.29,0.58,True
1774864200,67572.3,67540.1,Down,True,67571.64,0.47,True,67561.29,0.62,True,True,67556.09,0.65,True,67567.78,0.45999999999999996,True,True,67570.58,0.5900000000000001,True
1774864500,67540.1,67495.45,Down,True,67532.76,0.5800000000000001,True,67519.5,0.72,False,True,67518.36,0.74,True,67505.0,0.85,False,True,67475.76,0.97,False
1774864800,67495.46,67471.39,Down,True,67476.88,0.69,True,67442.44,0.84,False,True,67461.32,0.77,True,67466.31,0.81,False,True,67466.09,0.8200000000000001,True
1774865100,67471.4,67468.44,Down,True,67469.7,0.44999999999999996,False,67473.89,0.56,True,True,67462.58,0.5700000000000001,True,67465.16,0.45999999999999996,True,True,67460.0,0.55,True
1774865400,67468.44,67440.5,Down,False,67478.0,0.55,False,67475.01,0.55,True,True,67459.14,0.64,True,67450.0,0.71,True,True,67418.79,0.94,False
1774865700,67440.51,67477.0,Up,True,67442.41,0.52,False,67428.25,0.63,True,False,67421.14,0.71,True,67455.55,0.74,True,True,67455.55,0.7,True
1774866000,67477.0,67430.33,Down,False,67480.0,0.56,False,67492.91,0.63,True,True,67474.78,0.55,True,67475.78,0.42000000000000004,True,True,67444.0,0.8200000000000001,True
1774866300,67441.97,67424.0,Down,True,67430.32,0.52,False,67452.3,0.69,True,True,67437.11,0.53,True,67424.73,0.6799999999999999,True,True,67431.03,0.6799999999999999,True
1774866600,67429.17,67413.0,Down,True,67424.43,0.43999999999999995,True,67419.94,0.44999999999999996,True,True,67419.93,0.54,True,67418.0,0.52,True,False,67437.52,0.78,True
1774866900,67413.01,67404.0,Down,False,67413.42,0.54,True,67412.53,0.48,True,True,67412.53,0.55,False,67415.0,0.6,True,True,67395.49,0.7,True
1774867200,67404.0,67433.31,Up,False,67398.9,0.5,False,67398.88,0.53,True,False,67389.42,0.64,False,67385.38,0.64,True,True,67415.0,0.79,True
1774867500,67433.32,67476.34,Up,False,67431.19,0.52,True,67437.5,0.55,True,False,67431.19,0.54,False,67425.62,0.64,True,False,67433.0,0.53,True
1774867800,67453.31,67497.99,Up,True,67508.37,0.72,True,67499.95,0.64,True,True,67511.94,0.78,True,67518.36,0.82,False,True,67468.93,0.31,True
1774868100,67497.99,67484.15,Down,True,67490.66,0.56,True,67490.67,0.54,True,True,67490.67,0.56,True,67487.01,0.63,True,True,67493.68,0.42000000000000004,True
1774868400,67488.88,67512.69,Up,True,67511.25,0.69,True,67509.01,0.63,True,True,67550.89,0.88,True,67534.01,0.82,False,True,67560.01,0.96,False
1774868700,67512.7,67562.78,Up,True,67513.1,0.5,True,67520.5,0.57,True,True,67520.49,0.56,True,67530.4,0.62,True,True,67546.79,0.75,True
1774869000,67579.98,67585.96,Up,False,67550.51,0.61,False,67533.5,0.75,False,False,67546.23,0.69,False,67546.22,0.62,True,False,67568.4,0.5,True
1774869300,67585.96,67553.56,Down,True,67578.35,0.65,True,67562.48,0.76,False,True,67550.34,0.86,True,67572.35,0.6699999999999999,True,False,67587.43,0.45,True
1774869600,67553.57,67604.0,Up,False,67542.16,0.64,True,67556.89,0.49,True,True,67560.99,0.5,True,67579.99,0.67,True,True,67620.99,0.94,False
1774869900,67604.0,67690.49,Up,True,67609.2,0.54,False,67602.98,0.54,True,True,67642.3,0.78,True,67735.86,0.86,False,True,67716.68,0.92,False
1774870200,67679.51,67593.72,Down,False,67742.2,0.63,False,67694.38,0.49,True,True,67628.05,0.76,True,67616.94,0.8200000000000001,False,True,67654.73,0.8200000000000001,True
1774870500,67594.24,67545.86,Down,True,67584.68,0.52,False,67610.01,0.55,True,False,67634.78,0.66,False,67657.48,0.81,False,True,67582.82,0.55,True
1774870800,67539.5,67594.85,Up,False,67534.97,0.52,True,67603.76,0.8,False,True,67575.0,0.69,True,67563.97,0.68,True,True,67611.71,0.95,False
1774871100,67598.45,67703.6,Up,False,67594.85,0.52,False,67587.52,0.6,True,True,67605.27,0.52,True,67626.89,0.7,True,True,67649.77,0.93,False
1774871400,67703.61,67660.0,Down,False,67709.46,0.52,True,67698.61,0.54,True,False,67736.44,0.68,False,67721.12,0.6,True,True,67700.07,0.62,True
1774871700,67660.0,67678.61,Up,False,67647.44,0.5800000000000001,False,67642.3,0.65,True,False,67619.22,0.79,False,67635.43,0.71,True,False,67647.27,0.73,True
1774872000,67680.44,67788.75,Up,False,67678.01,0.54,False,67676.0,0.5700000000000001,True,True,67687.84,0.58,True,67715.93,0.75,True,True,67728.86,0.89,False
1774872300,67743.27,67797.45,Up,True,67776.91,0.45,True,67797.62,0.55,True,True,67841.96,0.81,True,67822.68,0.73,True,True,67793.24,0.66,True
1774872600,67797.45,67850.18,Up,True,67826.23,0.6,True,67841.98,0.68,True,True,67837.28,0.7,True,67839.93,0.74,True,True,67840.75,0.82,True
1774872900,67850.19,67900.11,Up,True,67865.79,0.58,True,67864.49,0.52,True,True,67852.01,0.44,False,67838.58,0.62,True,False,67849.49,0.55,True
1774873200,67900.11,67892.79,Down,True,67880.01,0.69,True,67887.95,0.64,True,True,67887.61,0.6799999999999999,False,67929.97,0.57,True,False,67922.19,0.5,True
1774873500,67892.8,67861.24,Down,True,67865.1,0.6799999999999999,True,67833.74,0.84,False,True,67868.56,0.6599999999999999,True,67884.0,0.61,True,True,67888.3,0.6699999999999999,True
1774873800,67857.4,67925.79,Up,True,67867.63,0.48,True,67928.66,0.78,False,True,67949.05,0.84,True,67955.31,0.91,False,True,67938.0,0.9,False
1774874100,67925.8,67864.0,Down,True,67911.58,0.56,True,67923.97,0.54,True,True,67917.83,0.6,True,67918.05,0.6599999999999999,True,True,67925.21,0.61,True
1774874400,67858.97,67883.35,Up,False,67850.01,0.61,False,67856.1,0.5700000000000001,True,True,67870.27,0.54,False,67840.2,0.74,True,False,67830.81,0.89,False
1774874700,67883.36,67866.23,Down,True,67878.88,0.6,False,67888.92,0.52,True,False,67927.76,0.71,False,67934.97,0.83,False,False,67908.2,0.66,True
1774875000,67868.69,67879.82,Up,True,67894.21,0.62,False,67862.41,0.61,True,True,67888.68,0.59,True,67881.53,0.57,True,True,67906.86,0.84,False
1774875300,67879.82,67899.59,Up,False,67870.28,0.56,True,67888.34,0.56,True,True,67915.27,0.71,True,67921.6,0.75,True,True,67900.65,0.65,True
1774875600,67899.59,67911.22,Up,True,67924.18,0.58,False,67895.35,0.6,True,False,67888.18,0.6699999999999999,False,67842.03,0.88,False,False,67871.19,0.8200000000000001,True
1774875900,67911.23,67884.71,Down,False,67949.98,0.69,False,67930.0,0.59,True,False,67918.0,0.53,True,67891.99,0.6599999999999999,True,False,67926.99,0.69,True
1774876200,67878.95,67915.0,Up,True,67901.63,0.5,True,67912.04,0.67,True,True,67921.21,0.75,True,67954.06,0.89,False,True,67919.95,0.82,True
1774876500,67915.01,67949.38,Up,False,67888.01,0.6599999999999999,False,67901.88,0.56,True,True,67931.99,0.64,True,67959.25,0.75,True,True,67951.01,0.73,True
1774876800,67939.23,68032.52,Up,False,67923.87,0.62,True,67948.16,0.54,True,True,68010.0,0.81,True,68137.99,0.95,False,True,68057.59,0.98,False
1774877100,68030.02,67878.86,Down,True,67898.0,0.89,True,67927.65,0.8200000000000001,False,True,67969.21,0.75,True,67980.0,0.75,True,True,67926.95,0.95,False
1774877400,67878.85,67911.93,Up,False,67828.36,0.6699999999999999,False,67837.42,0.62,True,True,67938.0,0.68,True,67938.66,0.68,True,True,67943.0,0.75,True
1774877700,67980.41,67887.81,Down,True,67872.3,0.61,True,67899.73,0.52,True,True,67907.99,0.49,True,67911.21,0.5,True,True,67935.92,0.33999999999999997,True
1774878000,67880.04,67714.37,Down,True,67872.5,0.56,True,67829.18,0.72,False,True,67783.51,0.86,True,67760.0,0.9299999999999999,False,True,67782.17,0.9299999999999999,False
1774878300,67714.36,67637.97,Down,False,67814.01,0.76,False,67816.95,0.79,False,False,67812.11,0.81,False,67762.0,0.68,True,False,67788.74,0.82,True
1774878600,67627.43,67684.49,Up,True,67658.0,0.62,True,67685.57,0.7,True,True,67708.89,0.79,True,67709.29,0.83,False,True,67724.03,0.94,False
1774878900,67743.36,67529.52,Down,True,67629.24,0.69,True,67608.49,0.74,False,True,67576.78,0.8,True,67577.42,0.89,False,True,67542.39,0.98,False
1774879200,67556.69,67604.41,Up,True,67574.65,0.63,True,67557.45,0.61,True,False,67518.14,0.53,False,67528.0,0.5,True,True,67599.59,0.8,True
1774879500,67604.41,67631.36,Up,False,67500.01,0.79,False,67557.43,0.65,True,False,67475.05,0.89,False,67531.99,0.8,False,False,67525.26,0.87,False
1774879800,67631.36,67683.96,Up,True,67658.14,0.6,False,67586.8,0.65,True,True,67646.77,0.61,True,67657.57,0.68,True,True,67687.18,0.84,False
1774880100,67733.29,67419.88,Down,True,67674.59,0.5,True,67620.93,0.7,True,True,67646.43,0.61,True,67607.31,0.79,False,True,67603.51,0.88,False
1774880400,67421.87,67478.0,Up,True,67482.18,0.69,True,67490.0,0.72,False,False,67416.01,0.48,False,67384.3,0.6,True,True,67457.64,0.74,True
1774880700,67478.0,67315.19,Down,True,67450.65,0.55,True,67459.7,0.5800000000000001,True,False,67482.33,0.54,True,67413.43,0.75,True,True,67363.51,0.94,False
1774881000,67313.59,67350.51,Up,True,67356.74,0.7,True,67342.13,0.6,True,True,67379.12,0.74,True,67364.15,0.73,True,True,67356.6,0.75,True
1774881300,67350.51,67322.61,Down,True,67335.58,0.54,True,67168.58,0.89,False,True,67171.77,0.95,True,67151.4,0.97,False,True,67179.18,0.99,False
1774881600,67321.3,67123.89,Down,False,67356.42,0.64,False,67324.47,0.52,True,True,67281.99,0.65,True,67248.03,0.79,False,True,67228.21,0.9,False
1774881900,67163.6,67246.03,Up,False,67089.58,0.5800000000000001,False,67157.86,0.31000000000000005,True,True,67196.16,0.77,True,67240.64,0.87,False,True,67275.04,0.94,False
1774882200,67234.26,67526.0,Up,True,67248.02,0.54,True,67289.87,0.68,True,True,67322.57,0.82,True,67292.0,0.75,True,True,67365.75,0.96,False
1774882500,67529.51,67799.14,Up,True,67531.74,0.48,False,67507.44,0.6,True,True,67544.6,0.59,True,67698.1,0.95,False,True,67839.93,0.99,False
1774882800,67799.54,67780.41,Down,False,67821.99,0.53,False,67818.51,0.51,True,False,67806.12,0.48,True,67771.84,0.6699999999999999,True,True,67788.75,0.61,True
1774883100,67794.29,67608.5,Down,True,67763.18,0.6,True,67729.58,0.74,False,True,67713.33,0.81,True,67712.22,0.83,False,True,67624.14,0.99,False
1774883400,67608.5,67561.68,Down,False,67609.2,0.51,True,67608.49,0.52,True,False,67619.99,0.55,False,67633.67,0.64,True,False,67665.41,0.84,False
1774883700,67684.63,67452.48,Down,True,67509.73,0.72,True,67480.8,0.78,False,True,67431.37,0.95,True,67452.37,0.92,False,True,67439.17,0.98,False
1774884000,67452.82,67436.79,Down,True,67444.9,0.53,False,67455.32,0.51,True,False,67474.3,0.63,False,67467.27,0.58,True,True,67431.75,0.63,True
1774884300,67436.79,67522.79,Up,True,67485.43,0.71,True,67471.45,0.65,True,True,67489.68,0.77,True,67513.66,0.85,False,True,67581.8,0.97,False
1774884600,67522.8,67766.0,Up,False,67485.96,0.6599999999999999,False,67497.59,0.62,True,True,67530.14,0.53,True,67542.0,0.6,True,True,67631.26,0.94,False
1774884900,67763.67,67818.96,Up,True,67777.84,0.53,True,67783.62,0.56,True,True,67808.14,0.69,True,67834.79,0.8,False,True,67858.34,0.89,False
1774885200,67818.96,67751.59,Down,True,67806.56,0.56,True,67801.07,0.5800000000000001,True,False,67853.82,0.65,True,67793.25,0.6599999999999999,True,False,67822.0,0.57,True
1774885500,67751.6,67695.32,Down,False,67758.7,0.51,True,67750.06,0.5,True,True,67750.05,0.52,True,67750.29,0.51,True,True,67710.5,0.83,False
1774885800,67695.33,67733.97,Up,True,67712.22,0.57,True,67751.28,0.78,False,True,67762.38,0.83,True,67778.07,0.86,False,True,67714.0,0.66,True
1774886100,67732.02,67629.4,Down,True,67692.72,0.7,True,67697.48,0.63,True,True,67649.54,0.86,True,67644.34,0.91,False,True,67627.32,0.94,False
1774886400,67629.4,67424.29,Down,True,67615.86,0.6,True,67583.37,0.69,True,True,67562.0,0.8,True,67549.31,0.89,False,True,67502.57,0.99,False
1774886700,67426.59,67432.15,Up,False,67371.86,0.72,False,67356.93,0.78,False,False,67410.02,0.55,False,67402.53,0.61,True,False,67405.67,0.64,True
1774887000,67432.14,67441.4,Up,True,67450.29,0.61,True,67452.92,0.62,True,True,67459.64,0.66,True,67439.41,0.6,True,True,67457.63,0.78,True
1774887300,67441.4,67399.17,Down,True,67432.32,0.5800000000000001,True,67382.37,0.8,False,True,67407.88,0.74,True,67386.69,0.84,False,False,67444.98,0.43,True
1774887600,67394.44,67340.23,Down,False,67402.55,0.48,True,67382.52,0.6,True,True,67324.53,0.86,True,67305.1,0.91,False,True,67317.89,0.95,False
1774887900,67340.22,67351.12,Up,True,67355.11,0.61,True,67369.22,0.69,True,False,67324.0,0.55,False,67338.12,0.43000000000000005,True,True,67353.08,0.66,True
1774888200,67351.12,67396.07,Up,False,67311.67,0.7,False,67330.0,0.56,True,True,67382.0,0.74,True,67374.98,0.68,True,True,67389.3,0.78,True
1774888500,67396.08,67439.82,Up,True,67413.53,0.61,True,67413.52,0.61,True,True,67400.0,0.53,True,67453.26,0.86,False,True,67474.7,0.95,False
1774888800,67439.81,67372.33,Down,True,67386.65,0.79,True,67364.3,0.86,False,True,67361.97,0.9299999999999999,True,67368.17,0.89,False,True,67331.45,0.97,False
1774889100,67372.33,67348.14,Down,True,67338.5,0.6699999999999999,False,67383.51,0.62,True,False,67408.05,0.79,False,67412.89,0.78,False,False,67420.01,0.87,False
1774889400,67348.14,67262.69,Down,False,67365.4,0.56,True,67338.85,0.63,True,False,67371.01,0.66,False,67371.6,0.63,True,False,67350.4,0.47,True
1774889700,67250.5,67368.09,Up,False,67246.32,0.51,False,67242.88,0.55,True,False,67246.0,0.54,True,67262.99,0.53,True,True,67269.35,0.63,True
1774890000,67368.1,67270.44,Down,True,67359.95,0.51,False,67398.0,0.66,True,False,67420.0,0.79,False,67404.34,0.71,True,True,67335.92,0.71,True
1774890300,67270.43,67299.87,Up,False,67235.44,0.61,True,67277.03,0.55,True,True,67323.99,0.79,True,67330.92,0.81,False,True,67322.74,0.83,False
1774890600,67295.32,67185.24,Down,True,67283.46,0.5800000000000001,True,67230.8,0.8,False,True,67228.15,0.8,True,67237.99,0.8200000000000001,False,True,67248.48,0.87,False
1774890900,67185.24,67132.59,Down,True,67171.39,0.5800000000000001,True,67154.44,0.6599999999999999,True,True,67114.24,0.83,True,67112.82,0.89,False,True,67134.26,0.86,False
1774891200,67122.81,66828.24,Down,False,67144.3,0.57,False,67130.96,0.5,True,True,67084.57,0.78,True,67006.45,0.95,False,True,66981.63,0.99,False
1774891500,66846.03,66808.58,Down,True,66826.99,0.48,True,66822.13,0.53,True,True,66783.71,0.7,True,66736.0,0.86,False,True,66723.45,0.95,False
1774891800,66773.26,66860.8,Up,True,66804.7,0.58,True,66880.52,0.82,False,True,66867.46,0.78,True,66813.43,0.61,True,False,66769.53,0.6599999999999999,True
1774892100,66860.81,66931.06,Up,False,66796.52,0.71,False,66816.3,0.65,True,False,66847.17,0.54,True,66873.62,0.59,True,True,66886.38,0.69,True
1774892400,66922.12,66958.04,Up,False,66901.65,0.62,False,66920.08,0.49,True,False,66896.6,0.6799999999999999,False,66882.0,0.77,False,False,66888.99,0.8200000000000001,True
1774892700,66958.03,66887.51,Down,False,66968.08,0.52,False,66980.97,0.6,True,True,66954.18,0.52,True,66924.53,0.74,True,True,66920.86,0.6799999999999999,True
1774893000,66895.47,66810.01,Down,True,66870.0,0.5900000000000001,True,66876.82,0.52,True,True,66882.42,0.5,True,66893.69,0.4,True,True,66893.05,0.44999999999999996,True
1774893300,66801.24,66828.02,Up,True,66811.01,0.59,True,66849.51,0.78,False,True,66841.19,0.73,True,66832.1,0.67,True,False,66797.93,0.5700000000000001,True
1774893600,66828.02,66836.44,Up,False,66820.01,0.5,True,66833.9,0.56,True,False,66826.42,0.5,False,66826.0,0.51,True,True,66890.88,0.93,False
1774893900,66836.44,66723.99,Down,True,66828.77,0.53,True,66817.1,0.5900000000000001,True,True,66803.18,0.74,True,66805.31,0.6799999999999999,True,True,66807.03,0.71,True
1774894200,66725.87,66832.34,Up,True,66743.99,0.61,True,66769.52,0.72,False,True,66771.63,0.72,True,66742.97,0.63,True,True,66798.74,0.94,False
1774894500,66825.05,66789.88,Down,True,66813.89,0.54,True,66788.85,0.6599999999999999,True,True,66779.81,0.75,True,66756.98,0.8,False,True,66776.3,0.85,False
1774894800,66783.2,66681.25,Down,False,66819.43,0.67,False,66853.03,0.84,False,False,66827.96,0.72,False,66784.2,0.52,True,True,66772.67,0.62,True
1774895100,66685.83,66699.32,Up,True,66691.9,0.55,False,66612.52,0.75,False,False,66590.42,0.83,False,66621.43,0.75,True,True,66690.08,0.47,True
1774895400,66700.12,66762.63,Up,True,66705.43,0.53,False,66683.88,0.55,True,False,66619.83,0.8,False,66585.86,0.97,False,False,66653.19,0.86,False
1774895700,66762.62,66710.28,Down,False,66773.76,0.54,True,66760.74,0.49,True,False,66773.26,0.55,False,66788.81,0.64,True,False,66801.85,0.76,True
1774896000,66700.37,66739.54,Up,True,66719.22,0.61,True,66723.37,0.64,True,True,66717.34,0.65,True,66727.2,0.69,True,True,66723.2,0.71,True
1774896300,66739.53,66643.47,Down,False,66763.17,0.68,False,66787.02,0.77,False,False,66766.32,0.68,False,66756.83,0.58,True,True,66719.88,0.69,True
1774896600,66718.92,66612.71,Down,True,66581.44,0.78,True,66523.66,0.88,False,True,66567.6,0.76,True,66593.53,0.73,True,True,66611.11,0.69,True
1774896900,66612.7,66659.26,Up,True,66635.84,0.67,True,66617.06,0.54,True,True,66629.65,0.7,True,66632.02,0.73,True,False,66557.48,0.8200000000000001,True
1774897200,66653.46,66602.95,Down,True,66642.98,0.56,True,66634.32,0.5700000000000001,True,True,66646.23,0.5,False,66656.19,0.54,True,True,66611.7,0.81,True
1774897500,66602.95,66440.39,Down,True,66570.77,0.65,True,66515.01,0.8200000000000001,False,True,66518.17,0.86,True,66495.08,0.9299999999999999,False,True,66395.37,1.0,False
1774897800,66440.4,66424.9,Down,True,66369.26,0.75,True,66342.46,0.85,False,True,66300.01,0.94,True,66379.72,0.8,False,True,66318.0,0.97,False
1774898100,66425.62,66383.11,Down,True,66420.17,0.47,True,66416.3,0.5,True,True,66404.35,0.5700000000000001,False,66453.94,0.7,True,False,66427.08,0.54,True
1774898400,66389.18,66246.71,Down,True,66382.46,0.48,False,66436.0,0.83,False,False,66400.01,0.6,True,66388.39,0.42000000000000004,True,True,66370.54,0.64,True
1774898700,66246.72,66310.09,Up,True,66324.98,0.88,True,66323.63,0.84,False,True,66342.11,0.9,True,66354.0,0.94,False,True,66360.55,0.95,False
1774899000,66310.1,66346.75,Up,True,66323.2,0.61,True,66314.0,0.5,True,False,66305.62,0.49,False,66296.55,0.49,True,False,66285.9,0.62,True
1774899300,66346.76,66338.3,Down,True,66345.01,0.5,True,66326.29,0.64,True,False,66368.44,0.65,False,66381.49,0.74,True,False,66369.89,0.72,True
1774899600,66338.3,66339.0,Up,True,66342.26,0.47,True,66359.93,0.61,True,False,66301.01,0.73,False,66298.27,0.71,True,False,66317.65,0.64,True
1774899900,66339.0,66453.44,Up,False,66324.4,0.54,False,66335.55,0.5,True,False,66310.25,0.75,False,66332.87,0.52,True,True,66428.56,0.94,False
1774900200,66439.84,66518.0,Up,False,66431.92,0.62,True,66484.47,0.67,True,True,66470.66,0.58,True,66500.15,0.75,True,True,66462.98,0.5,True
1774900500,66518.01,66554.4,Up,True,66524.49,0.55,True,66552.03,0.65,True,True,66549.54,0.66,True,66546.85,0.66,True,True,66536.44,0.63,True
1774900800,66550.05,66554.83,Up,True,66557.47,0.47,False,66530.09,0.6799999999999999,True,True,66583.32,0.65,True,66589.99,0.71,True,True,66581.58,0.67,True
1774901100,66553.83,66637.81,Up,True,66635.5,0.79,True,66635.99,0.78,False,True,66653.17,0.92,True,66655.91,0.92,False,True,66617.13,0.88,False
1774901400,66637.81,66598.34,Down,False,66657.03,0.52,True,66634.34,0.6699999999999999,True,False,66652.55,0.53,False,66663.21,0.6,True,False,66642.01,0.39,True
1774901700,66598.34,66600.57,Up,False,66596.82,0.54,False,66579.48,0.6699999999999999,True,False,66573.29,0.6799999999999999,True,66616.01,0.64,True,False,66566.69,0.79,True
1774902000,66600.57,66666.29,Up,True,66627.83,0.7,True,66659.52,0.8,False,True,66646.52,0.75,True,66660.34,0.83,False,True,66651.12,0.85,False
1774902300,66666.28,66655.94,Down,True,66640.33,0.63,True,66653.44,0.5900000000000001,True,True,66653.9,0.53,True,66665.94,0.51,True,True,66656.38,0.5800000000000001,True
1774902600,66652.87,66568.97,Down,True,66650.23,0.51,False,66657.38,0.52,True,False,66671.72,0.65,False,66671.72,0.59,True,True,66626.62,0.84,False
1774902900,66592.79,66660.74,Up,False,66568.11,0.6,False,66564.01,0.63,True,False,66555.13,0.69,False,66566.69,0.56,True,False,66586.7,0.31000000000000005,True
1774903200,66660.74,66664.65,Up,True,66673.99,0.53,False,66653.18,0.62,True,False,66651.7,0.5800000000000001,False,66659.95,0.54,True,False,66647.98,0.65,True
1774903500,66664.66,66636.95,Down,True,66657.48,0.5800000000000001,True,66643.98,0.62,True,True,66652.19,0.53,True,66659.87,0.5,True,True,66640.37,0.8200000000000001,True
1774903800,66629.88,66662.17,Up,False,66621.98,0.5700000000000001,False,66628.82,0.45999999999999996,True,False,66625.14,0.5700000000000001,True,66633.82,0.59,True,False,66624.16,0.62,True
1774904100,66662.18,66651.4,Down,False,66663.25,0.6,False,66666.59,0.55,True,False,66668.22,0.58,False,66664.72,0.5,True,True,66646.61,0.75,True
1774904400,66665.59,66607.39,Down,True,66640.32,0.55,True,66647.48,0.48,True,True,66657.25,0.37,True,66637.13,0.63,True,True,66645.54,0.54,True
1774904700,66607.4,66716.8,Up,False,66607.39,0.48,False,66607.38,0.5,True,False,66607.39,0.49,False,66607.38,0.44999999999999996,True,False,66607.38,0.53,True
1774905000,66652.6,66792.82,Up,True,66726.01,0.52,True,66757.55,0.76,False,True,66745.0,0.71,True,66721.35,0.56,True,True,66749.33,0.85,False
1774905300,66786.13,66850.0,Up,True,66786.15,0.48,True,66792.82,0.47,True,True,66850.77,0.76,True,66870.33,0.88,False,True,66853.13,0.89,False
1774905600,66859.52,66972.96,Up,True,66887.51,0.62,True,66900.11,0.67,True,True,66901.89,0.75,True,66898.37,0.74,True,True,66950.0,0.96,False
1774905900,66972.96,66860.46,Down,True,66912.8,0.8,True,66865.53,0.9299999999999999,False,True,66867.64,0.9299999999999999,True,66873.77,0.9299999999999999,False,True,66860.47,0.98,False
1774906200,66868.94,66880.71,Up,True,66870.06,0.58,False,66852.03,0.55,True,False,66821.66,0.78,False,66839.63,0.61,True,False,66845.72,0.6799999999999999,True
1774906500,66880.71,66921.08,Up,True,66882.38,0.57,False,66870.33,0.62,True,True,66889.71,0.61,True,66892.01,0.58,True,False,66874.27,0.5800000000000001,True
1774906800,66921.07,66923.17,Up,False,66900.01,0.6699999999999999,False,66870.33,0.83,False,False,66861.72,0.87,False,66876.36,0.77,False,True,66964.1,0.83,False
1774907100,66929.46,66895.12,Down,False,66945.0,0.59,True,66887.5,0.72,False,True,66870.33,0.84,True,66870.34,0.86,False,True,66867.07,0.9,False
1774907400,66895.12,66863.51,Down,False,66895.13,0.5,False,66909.89,0.62,True,False,66920.5,0.73,False,66921.98,0.66,True,False,66896.99,0.52,True
1774907700,66862.46,66809.31,Down,True,66848.91,0.64,True,66855.39,0.64,True,True,66807.39,0.84,True,66833.41,0.75,True,True,66840.66,0.77,True
1774908000,66809.3,66982.96,Up,True,66821.15,0.57,True,66848.81,0.77,False,True,66842.01,0.71,True,66872.43,0.87,False,True,66862.33,0.85,False
1774908300,66982.95,66739.33,Down,False,66989.1,0.58,True,66933.0,0.8,False,True,66912.0,0.9,True,66900.81,0.89,False,True,66767.1,1.0,False
1774908600,66739.33,66771.62,Up,False,66732.32,0.5700000000000001,True,66765.77,0.6,True,False,66732.33,0.61,False,66724.97,0.6599999999999999,True,False,66738.66,0.6,True
1774908900,66771.62,66795.06,Up,False,66745.66,0.62,True,66780.43,0.55,True,True,66787.99,0.58,True,66780.99,0.57,True,True,66817.1,0.88,False
1774909200,66790.66,66844.56,Up,True,66790.67,0.46,True,66790.67,0.49,True,False,66783.14,0.54,True,66803.76,0.57,True,True,66837.68,0.9,False
1774909500,66852.0,66820.26,Down,False,66893.61,0.78,False,66863.07,0.53,True,True,66845.17,0.55,False,66856.9,0.57,True,True,66830.48,0.8,True
1774909800,66820.25,66804.34,Down,True,66768.86,0.86,True,66768.86,0.8,False,True,66768.71,0.8,True,66769.48,0.81,False,True,66793.13,0.72,True
1774910100,66804.34,66801.63,Down,True,66791.12,0.6,True,66789.23,0.51,True,False,66805.0,0.57,False,66809.14,0.65,True,False,66817.37,0.76,True
1774910400,66801.62,66832.0,Up,True,66816.0,0.69,True,66837.21,0.78,False,True,66847.06,0.84,True,66856.41,0.9,False,True,66843.86,0.91,False
1774910700,66831.69,66736.9,Down,False,66840.95,0.62,False,66834.19,0.47,True,True,66830.09,0.55,True,66830.09,0.51,True,True,66760.43,0.97,False
1774911000,66695.99,66743.8,Up,True,66730.01,0.44,True,66730.01,0.44,True,True,66766.5,0.78,True,66760.82,0.72,True,True,66761.39,0.76,True
1774911300,66762.92,66784.97,Up,True,66778.73,0.69,True,66778.72,0.64,True,True,66774.18,0.62,True,66771.63,0.68,True,True,66783.14,0.85,False
1774911600,66792.7,66500.1,Down,True,66767.73,0.5800000000000001,True,66730.01,0.84,False,True,66714.21,0.89,True,66651.6,0.98,False,True,66521.86,1.0,False
1774911900,66492.19,66465.99,Down,True,66474.84,0.54,True,66427.55,0.78,False,True,66448.66,0.71,True,66456.01,0.71,True,False,66497.31,0.47,True
1774912200,66463.88,66550.32,Up,False,66456.01,0.49,True,66500.5,0.71,False,True,66480.0,0.62,True,66480.0,0.63,True,True,66480.54,0.73,True
1774912500,66550.32,66591.64,Up,False,66540.92,0.53,True,66552.42,0.55,True,True,66577.86,0.7,True,66577.01,0.67,True,True,66577.0,0.7,True
1774912800,66591.64,66667.16,Up,True,66605.04,0.58,True,66629.28,0.69,True,True,66618.01,0.66,True,66610.0,0.57,True,True,66621.36,0.82,True
1774913100,66667.16,66707.57,Up,False,66646.28,0.6799999999999999,True,66673.81,0.61,True,True,66681.04,0.62,True,66692.07,0.75,True,True,66716.46,0.89,False
1774913400,66709.19,66750.57,Up,False,66703.16,0.5700000000000001,False,66699.28,0.64,True,False,66690.79,0.63,False,66693.24,0.5900000000000001,True,False,66702.0,0.63,True
1774913700,66750.56,66696.31,Down,False,66751.57,0.49,False,66751.56,0.49,True,False,66778.28,0.71,False,66771.63,0.73,True,True,66740.93,0.6699999999999999,True
1774914000,66740.39,66765.9,Up,False,66696.32,0.52,False,66689.01,0.61,True,False,66663.24,0.77,False,66691.5,0.53,True,False,66684.28,0.61,True
1774914300,66761.46,66734.88,Down,True,66724.24,0.76,True,66741.01,0.6699999999999999,True,True,66755.95,0.53,True,66757.05,0.5900000000000001,True,True,66720.38,0.88,False
1774914600,66734.88,66750.1,Up,True,66746.0,0.63,True,66756.52,0.63,True,True,66754.95,0.67,True,66748.43,0.63,True,True,66758.83,0.81,True
1774914900,66750.1,66793.66,Up,True,66752.91,0.45,True,66751.88,0.45,True,True,66751.89,0.49,True,66762.85,0.66,True,True,66750.61,0.65,True
1774915200,66750.61,66817.89,Up,True,66774.88,0.43,False,66722.35,0.85,False,False,66730.0,0.85,False,66719.05,0.92,False,False,66736.0,0.9,False
1774915500,66817.9,66715.53,Down,True,66761.12,0.79,True,66756.83,0.83,False,True,66749.53,0.85,True,66745.55,0.88,False,True,66733.41,0.94,False
1774915800,66713.85,66653.18,Down,True,66700.01,0.65,True,66690.63,0.6699999999999999,True,True,66686.61,0.76,True,66606.28,0.96,False,True,66592.17,0.98,False
1774916100,66653.19,66600.0,Down,True,66648.02,0.5700000000000001,True,66649.69,0.5900000000000001,True,True,66633.11,0.72,True,66623.2,0.81,False,True,66589.2,0.9299999999999999,False
1774916400,66614.08,66707.27,Up,True,66646.61,0.64,True,66658.91,0.64,True,True,66653.18,0.67,True,66644.22,0.6,True,True,66662.55,0.69,True
1774916700,66707.26,66815.48,Up,True,66707.97,0.46,True,66720.37,0.48,True,True,66745.45,0.6,True,66786.9,0.76,True,True,66780.39,0.82,True
1774917000,66796.98,66800.51,Up,True,66800.5,0.31,True,66838.94,0.47,True,True,66846.76,0.5,True,66824.72,0.37,True,True,66800.76,0.38,True
1774917300,66800.5,66923.02,Up,True,66841.5,0.66,True,66853.08,0.72,False,True,66870.33,0.7,True,66874.16,0.79,False,True,66825.46,0.68,True
1774917600,66929.0,66940.96,Up,False,66876.9,0.6799999999999999,False,66841.76,0.83,False,False,66839.32,0.85,False,66822.84,0.9,False,False,66832.0,0.95,False
1774917900,66873.55,67263.48,Up,True,67071.04,0.8,True,67136.13,0.93,False,True,67128.3,0.95,True,67120.22,0.95,False,True,67156.93,0.98,False
1774918200,67263.09,67142.79,Down,True,67193.37,0.78,True,67145.31,0.88,False,True,67119.99,0.88,True,67022.8,0.97,False,True,67055.15,0.97,False
1774918500,67134.39,67199.32,Up,False,67100.66,0.7,False,67102.94,0.6699999999999999,True,True,67146.17,0.5,True,67148.66,0.48,True,False,67133.07,0.54,True
1774918800,67208.74,67142.2,Down,False,67220.71,0.53,False,67237.88,0.61,True,False,67235.64,0.66,False,67276.38,0.79,False,False,67237.24,0.7,True
1774919100,67142.2,67096.59,Down,True,67130.33,0.61,True,67115.78,0.5900000000000001,True,True,67104.8,0.6699999999999999,True,67104.8,0.6599999999999999,True,True,67082.0,0.85,False
1774919400,67096.6,67241.65,Up,True,67187.98,0.81,True,67213.56,0.84,False,True,67269.99,0.96,True,67191.82,0.89,False,True,67214.39,0.96,False
1774919700,67234.97,67418.3,Up,True,67288.44,0.68,True,67359.38,0.82,False,True,67333.81,0.77,True,67336.17,0.82,False,True,67299.39,0.82,True
1774920000,67418.3,67815.78,Up,False,67384.75,0.6699999999999999,True,67422.55,0.48,True,True,67427.22,0.48,True,67487.03,0.75,True,True,67489.99,0.86,False
1774920300,67805.45,67772.0,Down,False,67807.99,0.42,True,67776.04,0.7,True,False,67813.48,0.45,True,67732.19,0.8200000000000001,False,True,67677.9,0.95,False
1774920600,67775.48,68338.18,Up,False,67772.86,0.55,False,67770.33,0.54,True,True,67785.2,0.49,True,67800.25,0.55,True,True,67957.27,0.96,False
1774920900,68338.18,68178.38,Down,True,68204.2,0.8,True,68232.35,0.76,False,True,68150.0,0.9299999999999999,True,68146.0,0.9299999999999999,False,True,68218.95,0.87,False
1774921200,68189.92,67946.61,Down,True,68184.24,0.51,True,68130.05,0.6599999999999999,True,True,68122.94,0.72,True,68085.51,0.83,False,True,67977.01,0.98,False
1774921500,67933.31,67908.9,Down,False,67968.5,0.57,False,67980.07,0.58,True,True,67928.22,0.62,True,67827.8,0.87,False,True,67906.25,0.69,True
1774921800,67944.57,67952.76,Up,False,67862.58,0.6699999999999999,False,67862.13,0.6699999999999999,True,False,67901.97,0.51,True,67945.49,0.69,True,False,67933.97,0.33999999999999997,True
1774922100,67958.0,67942.06,Down,False,68027.99,0.7,False,68014.45,0.7,True,False,68047.73,0.79,False,68030.77,0.79,False,False,67984.6,0.63,True
1774922400,67938.05,67880.64,Down,False,67943.66,0.48,False,67941.96,0.47,True,True,67907.92,0.6699999999999999,True,67869.46,0.81,False,True,67810.01,0.96,False
1774922700,67880.64,67882.39,Up,True,67896.9,0.54,True,67892.13,0.54,True,True,67916.0,0.66,True,67961.99,0.83,False,True,67911.06,0.65,True
1774923000,67882.4,67916.6,Up,True,67914.99,0.62,True,67914.99,0.59,True,True,67916.82,0.64,True,67896.89,0.56,True,True,67912.95,0.62,True
1774923300,67916.6,68029.85,Up,True,67966.58,0.68,True,67988.75,0.74,False,True,67984.71,0.77,True,68005.55,0.84,False,True,68061.62,0.96,False
1774923600,68029.84,68054.0,Up,False,68027.36,0.52,True,68049.28,0.58,True,False,68028.03,0.5800000000000001,False,68009.99,0.5900000000000001,True,False,68023.92,0.51,True
1774923900,68054.0,68039.99,Down,True,68031.99,0.6,True,68020.97,0.6799999999999999,True,True,68016.22,0.71,True,68000.0,0.84,False,True,68049.99,0.49,True
1774924200,68049.05,67928.4,Down,True,68032.58,0.56,True,68029.72,0.6,True,True,68048.54,0.49,True,67968.98,0.85,False,True,67979.39,0.86,False
1774924500,67933.14,67912.11,Down,False,67944.92,0.52,False,67947.32,0.54,True,False,67943.2,0.56,False,67961.29,0.63,True,False,67990.02,0.81,True
1774924800,67912.11,67999.99,Up,False,67908.18,0.53,True,67919.99,0.52,True,True,67925.18,0.55,True,67937.48,0.62,True,True,67962.21,0.77,True
1774925100,67932.8,67932.05,Down,False,67997.04,0.52,False,67997.03,0.55,True,False,67985.84,0.45,False,67970.01,0.39,True,False,67970.01,0.34,True
1774925400,67932.06,68001.35,Up,True,67982.45,0.73,True,67986.69,0.76,False,True,68006.19,0.83,True,67983.77,0.77,False,True,68080.75,0.97,False
1774925700,68001.34,67943.42,Down,True,67988.97,0.56,True,67968.98,0.65,True,True,67969.0,0.6699999999999999,True,67977.47,0.64,True,True,67995.04,0.54,True
1774926000,67943.43,67865.35,Down,True,67880.01,0.72,True,67861.2,0.83,False,True,67845.43,0.87,True,67841.17,0.9,False,True,67859.28,0.91,False
1774926300,67865.36,67961.28,Up,False,67848.75,0.5700000000000001,True,67866.89,0.55,True,True,67929.57,0.69,True,67917.07,0.68,True,True,67999.86,0.97,False
1774926600,67959.48,67916.86,Down,True,67948.81,0.54,False,67962.83,0.54,True,False,67968.98,0.53,False,67964.72,0.52,True,True,67951.95,0.5900000000000001,True
1774926900,67916.86,67857.41,Down,False,67962.17,0.71,False,67932.41,0.55,True,False,67924.3,0.54,True,67906.46,0.51,True,True,67910.21,0.61,True
1774927200,67883.23,67814.01,Down,True,67834.94,0.61,True,67821.54,0.64,True,True,67847.28,0.56,True,67844.0,0.5800000000000001,True,True,67867.3,0.42000000000000004,True
1774927500,67814.0,67845.34,Up,True,67831.56,0.66,True,67870.77,0.82,False,True,67857.4,0.76,True,67864.29,0.81,False,True,67866.72,0.9,False
1774927800,67845.34,67898.3,Up,False,67831.62,0.54,False,67804.82,0.72,False,False,67802.83,0.7,False,67829.33,0.5800000000000001,True,False,67838.0,0.5800000000000001,True
1774928100,67898.3,67696.5,Down,True,67884.64,0.54,True,67863.07,0.69,True,True,67834.69,0.86,True,67800.25,0.9299999999999999,False,True,67777.9,0.98,False
1774928400,67696.51,67724.38,Up,False,67672.0,0.5900000000000001,False,67679.56,0.55,True,False,67679.48,0.56,True,67705.49,0.61,True,False,67691.58,0.47,True
1774928700,67728.91,67652.23,Down,False,67730.0,0.53,True,67725.57,0.54,True,True,67727.75,0.47,False,67741.89,0.59,True,True,67698.62,0.79,True
1774929000,67653.53,67727.45,Up,True,67684.55,0.67,True,67719.98,0.85,False,True,67702.0,0.75,True,67731.99,0.88,False,True,67738.48,0.94,False
1774929300,67727.46,67704.74,Down,True,67698.61,0.6699999999999999,True,67698.59,0.64,True,True,67711.59,0.5800000000000001,True,67711.59,0.62,True,True,67698.61,0.79,True
1774929600,67704.74,67658.12,Down,False,67758.0,0.8,False,67775.48,0.85,False,False,67754.95,0.8,False,67709.94,0.52,True,True,67662.49,0.77,True
1774929900,67658.11,67670.0,Up,False,67646.52,0.55,True,67661.5,0.57,True,True,67713.6,0.84,True,67710.0,0.76,True,True,67740.87,0.9,False
1774930200,67666.16,67673.78,Up,False,67636.66,0.6799999999999999,False,67654.36,0.55,True,True,67670.45,0.57,False,67631.62,0.53,True,False,67599.08,0.6599999999999999,True
1774930500,67673.78,67745.2,Up,False,67667.33,0.51,True,67687.76,0.6,True,True,67703.85,0.64,True,67732.59,0.8,False,True,67715.28,0.79,True
1774930800,67745.2,67760.22,Up,True,67810.85,0.79,True,67834.7,0.85,False,True,67791.57,0.76,True,67802.89,0.82,False,True,67759.28,0.72,True
1774931100,67760.22,67599.84,Down,True,67731.36,0.6699999999999999,True,67690.01,0.8,False,True,67696.78,0.79,True,67660.0,0.9,False,True,67550.66,0.96,False
1774931400,67577.81,67593.56,Up,True,67588.06,0.43,True,67633.9,0.67,True,True,67608.48,0.55,True,67613.67,0.55,True,True,67655.87,0.81,True
1774931700,67626.36,67600.0,Down,True,67550.24,0.7,True,67536.57,0.76,False,True,67560.04,0.63,True,67566.47,0.6599999999999999,True,True,67566.95,0.6599999999999999,True
1774932000,67600.01,67600.93,Up,False,67576.01,0.5800000000000001,False,67566.14,0.7,True,False,67589.71,0.5900000000000001,False,67591.85,0.64,True,True,67618.74,0.47,True
1774932300,67600.93,67647.64,Up,True,67623.79,0.66,True,67627.32,0.69,True,True,67643.2,0.78,True,67639.0,0.73,True,True,67675.18,0.92,False
1774932600,67647.64,67602.58,Down,False,67664.0,0.62,True,67640.93,0.52,True,False,67682.75,0.62,False,67669.81,0.62,True,True,67635.63,0.5700000000000001,True
1774932900,67589.38,67544.01,Down,True,67559.79,0.65,True,67574.42,0.54,True,True,67566.17,0.6699999999999999,True,67526.81,0.83,False,True,67532.38,0.84,False
1774933200,67542.3,67594.85,Up,False,67524.58,0.64,False,67519.43,0.6,True,False,67539.29,0.52,False,67506.19,0.72,True,False,67462.4,0.92,False
1774933500,67594.86,67505.7,Down,True,67591.73,0.5,True,67566.5,0.63,True,True,67557.87,0.6,True,67556.6,0.6799999999999999,True,True,67541.29,0.81,True
1774933800,67505.7,67437.75,Down,True,67504.53,0.47,True,67465.86,0.6699999999999999,True,True,67504.84,0.47,False,67510.01,0.53,True,False,67518.38,0.56,True
1774934100,67428.24,67467.04,Up,False,67427.22,0.47,True,67428.96,0.51,True,False,67425.75,0.5,False,67422.57,0.49,True,True,67444.97,0.53,True
1774934400,67468.12,67624.07,Up,True,67475.83,0.56,True,67496.92,0.63,True,True,67476.62,0.51,True,67511.86,0.74,True,True,67552.43,0.88,False
1774934700,67624.06,67614.0,Down,True,67618.27,0.54,False,67642.84,0.59,True,True,67616.21,0.51,True,67599.84,0.65,True,True,67618.61,0.54,True
1774935000,67614.0,67682.97,Up,True,67622.31,0.53,True,67620.43,0.54,True,True,67648.56,0.64,False,67612.3,0.54,True,False,67572.28,0.84,False
1774935300,67682.96,67701.96,Up,True,67700.0,0.63,True,67687.07,0.57,True,True,67696.08,0.62,False,67679.67,0.49,True,False,67660.0,0.65,True
1774935600,67699.68,67673.56,Down,True,67692.6,0.43000000000000005,False,67707.3,0.6,True,True,67663.49,0.6,True,67667.36,0.62,True,True,67664.18,0.5900000000000001,True
1774935900,67673.56,67729.13,Up,True,67703.42,0.76,True,67706.75,0.68,True,True,67716.15,0.77,True,67740.59,0.85,False,True,67755.0,0.89,False
1774936200,67729.13,67732.19,Up,True,67731.4,0.58,True,67733.48,0.58,True,True,67739.58,0.63,True,67765.17,0.74,True,False,67718.35,0.51,True
1774936500,67714.01,67681.68,Down,False,67726.35,0.44,False,67727.0,0.45,True,False,67720.75,0.4,True,67692.0,0.8200000000000001,False,True,67664.01,0.79,True
1774936800,67669.99,67702.0,Up,True,67681.71,0.46,False,67662.45,0.65,True,False,67653.65,0.69,False,67621.84,0.84,False,False,67607.84,0.9299999999999999,False
1774937100,67705.27,67552.11,Down,True,67628.02,0.85,True,67621.76,0.84,False,True,67579.85,0.91,True,67579.02,0.9299999999999999,False,True,67598.1,0.96,False
1774937400,67546.38,67476.14,Down,True,67510.01,0.69,True,67500.0,0.73,False,True,67512.42,0.6599999999999999,True,67506.58,0.69,True,True,67494.01,0.81,True
1774937700,67476.14,67436.12,Down,True,67460.21,0.61,False,67505.68,0.62,True,False,67485.25,0.46,True,67458.74,0.63,True,True,67441.92,0.69,True
1774938000,67453.67,67430.0,Down,True,67424.74,0.5800000000000001,True,67425.14,0.56,True,True,67435.27,0.56,False,67472.95,0.69,True,False,67504.19,0.86,False
1774938300,67430.0,67408.07,Down,False,67448.3,0.56,False,67437.61,0.51,True,True,67428.25,0.51,True,67366.76,0.76,True,True,67390.9,0.78,True
1774938600,67414.55,67406.02,Down,False,67423.14,0.64,True,67400.28,0.43999999999999995,True,False,67415.85,0.63,False,67417.81,0.6,True,False,67415.15,0.57,True
1774938900,67406.01,67403.11,Down,True,67378.68,0.5800000000000001,True,67362.19,0.62,True,True,67389.39,0.5,True,67386.33,0.5900000000000001,True,True,67376.24,0.7,True
1774939200,67406.54,67410.7,Up,True,67424.71,0.65,True,67463.24,0.81,False,True,67422.03,0.64,True,67416.18,0.6,True,True,67411.22,0.6,True
1774939500,67410.71,67459.12,Up,True,67418.43,0.59,True,67465.01,0.78,False,True,67468.01,0.78,True,67462.57,0.78,False,True,67475.28,0.88,False
1774939800,67459.13,67503.87,Up,True,67463.61,0.55,False,67459.0,0.48,True,True,67482.32,0.73,True,67521.71,0.89,False,True,67469.0,0.67,True
1774940100,67503.62,67492.85,Down,False,67506.06,0.51,False,67523.39,0.57,True,False,67524.42,0.63,False,67530.74,0.67,True,True,67469.0,0.75,True
1774940400,67492.86,67508.0,Up,True,67512.88,0.64,False,67469.01,0.6,True,True,67524.64,0.69,False,67469.01,0.7,True,True,67510.08,0.63,True
1774940700,67507.99,67378.69,Down,True,67498.57,0.54,True,67499.15,0.52,True,True,67428.24,0.81,True,67431.98,0.86,False,True,67422.76,0.89,False
1774941000,67385.82,67294.69,Down,True,67385.3,0.47,False,67397.22,0.61,True,True,67378.67,0.53,True,67303.31,0.84,False,True,67304.7,0.9,False
1774941300,67294.69,67137.82,Down,True,67264.97,0.6,True,67281.12,0.55,True,True,67271.4,0.63,True,67218.49,0.84,False,True,67169.44,0.98,False
1774941600,67143.7,67132.79,Down,False,67202.44,0.73,False,67208.95,0.78,False,False,67229.37,0.84,False,67236.0,0.89,False,False,67231.3,0.93,False
1774941900,67138.64,67296.15,Up,False,67131.1,0.47,True,67169.57,0.74,False,True,67177.99,0.74,True,67179.99,0.75,True,True,67309.99,0.99,False
1774942200,67288.36,67311.79,Up,True,67309.99,0.7,True,67323.7,0.75,False,False,67286.13,0.44999999999999996,False,67256.23,0.52,True,False,67265.14,0.43999999999999995,True
1774942500,67311.79,67328.0,Up,True,67353.99,0.73,False,67228.8,0.75,False,False,67235.29,0.77,False,67269.07,0.7,True,False,67292.0,0.65,True
1774942800,67328.01,67323.14,Down,False,67331.38,0.54,False,67338.12,0.55,True,False,67346.01,0.58,False,67352.82,0.66,True,False,67338.12,0.58,True
1774943100,67323.15,67396.97,Up,True,67329.2,0.46,True,67395.87,0.82,False,True,67422.94,0.89,True,67425.03,0.9,False,True,67419.0,0.95,False
1774943400,67396.98,67400.0,Up,False,67370.01,0.65,False,67349.0,0.73,False,False,67353.16,0.72,False,67322.27,0.85,False,False,67306.39,0.92,False
1774943700,67400.01,67367.69,Down,True,67396.54,0.53,True,67395.86,0.53,True,True,67370.8,0.73,True,67371.02,0.72,True,True,67337.05,0.9299999999999999,False
1774944000,67367.69,67438.68,Up,False,67321.36,0.73,False,67343.29,0.63,True,False,67304.42,0.84,False,67304.6,0.88,False,False,67313.63,0.84,False
1774944300,67443.2,67495.99,Up,False,67434.03,0.6599999999999999,True,67450.46,0.47,True,False,67424.73,0.69,False,67427.36,0.6599999999999999,True,False,67411.62,0.79,True
1774944600,67495.99,67351.37,Down,True,67444.97,0.78,True,67418.0,0.85,False,True,67408.08,0.9,True,67384.28,0.96,False,True,67350.22,0.98,False
1774944900,67351.38,67367.3,Up,False,67339.41,0.6699999999999999,True,67364.05,0.44,True,True,67384.27,0.48,True,67383.59,0.52,True,True,67411.89,0.74,True
1774945200,67367.67,67365.48,Down,False,67407.38,0.71,False,67420.85,0.73,False,False,67438.59,0.83,False,67433.83,0.81,False,False,67402.22,0.7,True
1774945500,67402.2,67310.56,Down,True,67358.01,0.5700000000000001,True,67334.64,0.65,True,True,67322.0,0.7,True,67319.1,0.79,False,True,67289.4,0.9299999999999999,False
1774945800,67310.57,67139.76,Down,True,67286.76,0.6599999999999999,True,67265.8,0.71,False,True,67252.68,0.83,True,67220.0,0.89,False,True,67175.01,0.99,False
1774946100,67145.28,67044.12,Down,False,67150.4,0.56,False,67165.42,0.65,True,False,67155.12,0.66,False,67167.46,0.73,True,False,67171.41,0.81,True
1774946400,67044.12,66834.47,Down,False,67051.82,0.61,True,67030.4,0.5,True,True,66972.37,0.72,True,66956.14,0.78,False,True,66886.97,0.98,False
1774946700,66939.58,66915.3,Down,True,66769.71,0.5900000000000001,True,66736.55,0.73,False,True,66722.52,0.81,True,66789.05,0.69,True,True,66877.73,0.30000000000000004,True
1774947000,66915.3,66901.26,Down,True,66897.41,0.52,True,66905.99,0.47,True,True,66890.19,0.56,True,66887.5,0.61,True,True,66872.0,0.7,True
1774947300,66901.26,66780.46,Down,True,66901.24,0.44999999999999996,True,66840.61,0.73,False,True,66800.09,0.86,True,66808.91,0.85,False,True,66783.8,0.97,False
1774947600,66828.68,66858.42,Up,False,66800.76,0.39,False,66815.56,0.32999999999999996,True,False,66769.43,0.55,False,66747.34,0.6699999999999999,True,False,66776.5,0.5700000000000001,True
1774947900,66858.43,66769.1,Down,False,66900.78,0.74,False,66886.09,0.73,False,False,66879.69,0.66,False,66879.68,0.65,True,True,66800.0,0.75,True
1774948200,66762.42,66693.24,Down,True,66720.9,0.6699999999999999,True,66740.07,0.62,True,True,66666.0,0.91,True,66658.54,0.92,False,True,66599.53,1.0,False
1774948500,66693.25,66536.66,Down,True,66689.94,0.44999999999999996,False,66696.0,0.55,True,True,66685.61,0.49,True,66653.24,0.6799999999999999,True,True,66601.08,0.9,False
1774948800,66565.78,66586.01,Up,False,66534.51,0.44999999999999996,False,66557.86,0.33999999999999997,True,True,66574.69,0.75,True,66604.71,0.83,False,False,66535.86,0.49,True
1774949100,66508.55,66421.36,Down,True,66496.41,0.72,False,66511.74,0.31,True,True,66475.2,0.83,True,66436.89,0.96,False,True,66475.22,0.9299999999999999,False
1774949400,66429.76,66445.96,Up,True,66433.05,0.55,True,66450.96,0.63,True,True,66439.11,0.57,False,66406.21,0.54,True,True,66452.19,0.68,True
1774949700,66446.99,66461.96,Up,False,66405.76,0.7,False,66434.67,0.5700000000000001,True,True,66455.09,0.56,True,66455.7,0.57,True,True,66458.02,0.61,True
1774950000,66461.96,66503.83,Up,True,66464.44,0.53,True,66462.04,0.54,True,True,66464.97,0.56,False,66456.2,0.52,True,False,66427.99,0.71,True
1774950300,66486.65,66432.32,Down,False,66497.03,0.43,True,66452.17,0.79,False,True,66456.3,0.8,True,66435.2,0.87,False,True,66415.06,0.94,False
1774950600,66432.33,66370.58,Down,True,66413.34,0.52,True,66395.18,0.6599999999999999,True,True,66411.09,0.5700000000000001,True,66383.3,0.8,False,True,66400.22,0.78,True
1774950900,66370.58,66117.05,Down,True,66298.28,0.77,True,66130.01,0.95,False,True,66089.94,0.98,True,66043.17,0.99,False,True,66070.33,0.99,False
1774951200,66125.0,66231.33,Up,False,66123.27,0.45999999999999996,True,66175.3,0.72,False,True,66160.01,0.7,True,66153.78,0.69,True,True,66162.02,0.67,True
1774951500,66174.81,66333.12,Up,True,66226.48,0.47,True,66251.95,0.62,True,True,66279.99,0.74,True,66300.48,0.83,False,True,66318.08,0.94,False
1774951800,66333.12,66381.3,Up,True,66353.52,0.6,True,66346.52,0.57,True,False,66331.55,0.51,False,66330.01,0.48,True,False,66325.63,0.52,True
1774952100,66381.3,66376.8,Down,True,66370.01,0.6,False,66388.66,0.5,True,False,66440.36,0.79,False,66457.92,0.89,False,False,66415.45,0.78,True
1774952400,66367.3,66430.01,Up,True,66368.96,0.48,True,66380.47,0.57,True,False,66363.7,0.53,False,66363.7,0.53,True,True,66420.74,0.9,False
1774952700,66430.01,66388.81,Down,True,66400.0,0.65,True,66419.47,0.49,True,True,66370.01,0.8,True,66367.5,0.81,False,True,66381.87,0.77,True
1774953000,66388.82,66333.95,Down,True,66385.48,0.49,False,66414.19,0.65,True,False,66394.77,0.55,True,66388.61,0.49,True,True,66359.98,0.7,True
1774953300,66364.01,66261.02,Down,True,66334.01,0.53,True,66326.47,0.55,True,True,66320.39,0.56,False,66369.81,0.74,True,True,66340.83,0.43000000000000005,True
1774953600,66264.0,66283.64,Up,True,66310.37,0.7,True,66303.95,0.69,True,True,66304.72,0.72,True,66292.36,0.67,True,False,66259.82,0.5,True
1774953900,66283.65,66346.76,Up,False,66263.4,0.5900000000000001,False,66257.01,0.62,True,True,66319.28,0.69,True,66304.11,0.64,True,True,66325.04,0.84,False
1774954200,66339.07,66446.08,Up,True,66414.63,0.84,True,66469.9,0.93,False,True,66420.01,0.87,True,66421.99,0.89,False,True,66426.9,0.94,False
1774954500,66433.79,66363.37,Down,True,66409.1,0.69,True,66406.76,0.69,True,True,66381.01,0.83,True,66380.01,0.85,False,True,66364.62,0.94,False
1774954800,66363.38,66385.9,Up,False,66362.17,0.54,False,66357.72,0.5700000000000001,True,True,66363.57,0.51,True,66365.46,0.49,True,False,66328.32,0.78,True
1774955100,66385.9,66257.9,Down,True,66353.57,0.73,True,66328.14,0.83,False,True,66321.0,0.88,True,66312.0,0.91,False,True,66268.01,0.98,False
1774955400,66248.8,66571.33,Up,False,66247.49,0.53,True,66298.32,0.76,False,True,66321.07,0.84,True,66273.63,0.58,True,True,66431.5,0.98,False
1774955700,66576.68,66688.63,Up,False,66559.42,0.5700000000000001,True,66637.04,0.68,True,True,66657.63,0.72,True,66698.0,0.88,False,True,66799.73,0.98,False
1774956000,66677.57,66650.94,Down,True,66666.83,0.5700000000000001,False,66702.3,0.54,True,False,66680.5,0.47,True,66653.18,0.62,True,True,66638.01,0.76,True
1774956300,66650.94,66644.0,Down,False,66657.71,0.54,True,66637.42,0.54,True,True,66634.22,0.55,True,66636.0,0.56,True,True,66649.94,0.48,True
1774956600,66644.0,66758.7,Up,True,66676.76,0.63,True,66688.01,0.74,False,True,66690.0,0.77,True,66679.38,0.72,True,True,66664.49,0.66,True
1774956900,66762.62,66817.78,Up,True,66788.18,0.62,True,66774.76,0.6,True,False,66760.01,0.53,False,66742.68,0.5800000000000001,True,False,66758.03,0.54,True
1774957200,66817.79,66730.53,Down,False,66833.36,0.55,True,66775.21,0.77,False,True,66715.42,0.9299999999999999,True,66686.87,0.96,False,True,66745.34,0.92,False
1774957500,66754.9,66616.27,Down,True,66700.55,0.6699999999999999,True,66686.84,0.78,False,True,66656.44,0.86,True,66637.17,0.94,False,True,66605.77,0.98,False
1774957800,66600.0,66603.67,Up,True,66629.99,0.56,True,66634.01,0.59,True,True,66621.37,0.57,True,66629.99,0.59,True,False,66592.04,0.6699999999999999,True
1774958100,66603.67,66685.69,Up,True,66614.78,0.55,True,66611.55,0.55,True,True,66631.57,0.7,True,66625.64,0.65,True,True,66632.47,0.77,True
1774958400,66685.69,66760.0,Up,True,66726.53,0.66,True,66739.4,0.72,False,True,66730.39,0.7,True,66745.63,0.84,False,True,66776.76,0.95,False
1774958700,66759.99,66757.69,Down,True,66740.4,0.61,True,66711.41,0.76,False,True,66724.09,0.7,True,66726.0,0.69,True,True,66719.57,0.83,False
1774959000,66757.7,66576.18,Down,True,66666.02,0.88,True,66619.29,0.92,False,True,66624.64,0.95,True,66624.0,0.96,False,True,66595.34,0.99,False
1774959300,66615.84,66755.01,Up,False,66596.78,0.43000000000000005,False,66570.01,0.53,True,False,66599.99,0.39,False,66577.15,0.52,True,False,66536.01,0.83,False
1774959600,66749.97,66634.0,Down,True,66733.95,0.5800000000000001,True,66732.41,0.5900000000000001,True,True,66701.55,0.77,True,66642.0,0.9299999999999999,False,True,66678.0,0.91,False
1774959900,66634.01,66814.8,Up,True,66638.15,0.5,True,66658.99,0.58,True,True,66647.52,0.51,True,66682.19,0.76,True,True,66684.79,0.84,False
1774960200,66755.0,66773.71,Up,True,66794.72,0.44,True,66782.0,0.36,True,True,66762.99,0.28,False,66732.06,0.81,False,False,66734.68,0.86,False
1774960500,66773.71,66908.34,Up,True,66798.94,0.59,True,66857.16,0.82,False,True,66865.12,0.88,True,66860.81,0.84,False,True,66900.01,0.97,False
1774960800,66919.67,66904.45,Down,True,66908.22,0.54,True,66879.21,0.65,True,True,66886.87,0.61,True,66879.81,0.6699999999999999,True,True,66876.59,0.75,True
1774961100,66904.44,66727.43,Down,True,66891.85,0.61,True,66895.46,0.5800000000000001,True,False,66906.0,0.42,True,66888.25,0.63,True,True,66879.08,0.77,True
1774961400,66727.43,66707.73,Down,True,66680.04,0.71,True,66700.0,0.64,True,True,66706.54,0.5900000000000001,True,66692.21,0.6799999999999999,True,True,66722.8,0.5800000000000001,True
1774961700,66707.73,66653.27,Down,False,66714.84,0.51,False,66732.75,0.61,True,False,66727.82,0.58,True,66689.6,0.6799999999999999,True,True,66655.07,0.87,False
1774962000,66653.26,66697.2,Up,True,66688.8,0.69,True,66699.99,0.77,False,True,66685.09,0.73,True,66708.59,0.82,False,True,66722.11,0.92,False
1774962300,66709.75,66805.13,Up,True,66711.45,0.53,True,66716.84,0.61,True,True,66737.66,0.71,False,66709.04,0.49,True,False,66708.64,0.41000000000000003,True
1774962600,66756.2,66826.01,Up,True,66800.29,0.52,True,66822.75,0.65,True,True,66799.49,0.46,True,66800.93,0.49,True,True,66827.06,0.69,True
1774962900,66826.01,66793.81,Down,False,66867.19,0.72,False,66883.08,0.79,False,False,66925.61,0.89,False,66943.59,0.93,False,False,66857.16,0.7,True
1774963200,66793.81,66813.35,Up,False,66793.41,0.52,False,66778.73,0.6,True,False,66784.85,0.5700000000000001,False,66790.38,0.52,True,False,66772.38,0.75,True
1774963500,66813.35,66807.64,Down,False,66814.74,0.55,True,66811.27,0.54,True,True,66800.5,0.62,True,66801.03,0.62,True,True,66801.03,0.65,True
1774963800,66807.64,66877.36,Up,True,66838.87,0.63,True,66904.99,0.83,False,True,66990.63,0.95,True,66895.98,0.86,False,True,66830.78,0.63,True
1774964100,66890.2,67000.94,Up,True,66893.42,0.54,True,66928.0,0.64,True,False,66862.96,0.61,True,66895.85,0.56,True,True,66964.1,0.84,False
1774964400,67000.95,66979.7,Down,False,67091.58,0.76,False,67048.64,0.63,True,False,67041.43,0.63,False,67018.11,0.59,True,False,67111.19,0.89,False
1774964700,67104.07,67306.2,Up,True,67122.49,0.84,True,67143.51,0.86,False,True,67224.91,0.94,True,67245.94,0.97,False,True,67313.36,0.98,False
1774965000,67307.99,67354.56,Up,False,67229.39,0.73,False,67244.74,0.6799999999999999,True,False,67179.41,0.86,False,67182.38,0.83,False,False,67244.89,0.76,True
1774965300,67354.55,67278.37,Down,False,67368.18,0.5,True,67324.84,0.63,True,True,67253.55,0.84,True,67260.72,0.83,False,True,67207.24,0.96,False
1774965600,67220.47,67314.06,Up,True,67365.22,0.71,True,67483.51,0.84,False,True,67459.14,0.84,True,67440.11,0.85,False,True,67435.71,0.9,False
1774965900,67322.08,67186.04,Down,True,67266.8,0.6599999999999999,True,67208.11,0.79,False,True,67192.43,0.86,True,67192.54,0.88,False,True,67169.43,0.96,False
1774966200,67186.05,67343.29,Up,True,67241.45,0.66,True,67224.01,0.61,True,True,67277.89,0.79,True,67255.17,0.73,True,True,67263.6,0.82,True
1774966500,67343.3,67728.52,Up,True,67424.28,0.77,True,67456.12,0.79,False,True,67413.64,0.7,True,67476.74,0.86,False,True,67495.03,0.94,False
1774966800,67736.96,67648.17,Down,True,67698.96,0.62,True,67688.24,0.65,True,True,67670.2,0.73,True,67685.8,0.69,True,True,67659.78,0.83,False
1774967100,67686.97,67738.07,Up,False,67635.38,0.5700000000000001,False,67645.44,0.55,True,False,67584.2,0.77,False,67627.8,0.61,True,False,67543.33,0.95,False
1774967400,67737.99,67511.49,Down,True,67678.65,0.71,True,67638.97,0.81,False,True,67659.99,0.78,True,67634.64,0.85,False,True,67596.34,0.96,False
1774967700,67500.0,67338.13,Down,False,67521.26,0.54,True,67433.43,0.75,False,True,67423.18,0.8,True,67396.14,0.87,False,True,67324.01,0.98,False
1774968000,67338.13,67222.48,Down,False,67364.06,0.58,True,67273.6,0.73,False,True,67241.14,0.8200000000000001,True,67233.97,0.86,False,True,67237.99,0.92,False
1774968300,67222.48,66908.54,Down,True,67145.05,0.71,True,67073.99,0.85,False,True,67117.47,0.8,True,67153.09,0.75,True,True,67093.49,0.96,False
1774968600,66908.54,66613.31,Down,False,66929.99,0.6,False,66916.77,0.57,True,True,66816.67,0.75,True,66543.37,0.98,False,True,66612.01,0.99,False
1774968900,66590.01,66587.45,Down,True,66567.42,0.54,True,66542.0,0.5900000000000001,True,True,66532.01,0.65,True,66534.43,0.6699999999999999,True,True,66578.48,0.53,True
1774969200,66622.86,66784.01,Up,True,66642.18,0.67,True,66687.15,0.8,False,True,66679.8,0.79,True,66709.89,0.86,False,True,66762.81,0.96,False
1774969500,66763.7,66934.0,Up,True,66798.02,0.57,True,66822.55,0.62,True,True,66943.57,0.92,True,67035.68,0.96,False,True,66970.61,0.97,False
1774969800,66933.87,67241.71,Up,True,66985.84,0.62,True,66987.16,0.65,True,True,67145.82,0.96,True,67106.01,0.91,False,True,67105.96,0.95,False
1774970100,67241.71,67162.24,Down,True,67180.5,0.7,True,67197.36,0.6699999999999999,True,True,67173.43,0.76,True,67169.61,0.8,False,True,67202.55,0.72,True
1774970400,67162.23,67271.99,Up,False,67115.43,0.6699999999999999,False,67111.87,0.6699999999999999,True,False,67119.99,0.6799999999999999,False,67126.14,0.6699999999999999,True,True,67256.47,0.88,False
1774986600,67906.2,67849.48,Down,False,67920.3,0.55,True,67900.01,0.6,True,True,67902.78,0.53,True,67868.87,0.77,False,True,67809.78,0.96,False
1774986900,67849.48,67854.01,Up,True,67866.76,0.57,False,67840.63,0.56,True,False,67816.01,0.71,False,67766.94,0.9,False,False,67813.46,0.75,True
1774987200,67838.79,67952.16,Up,True,67843.33,0.48,True,67895.38,0.7,True,True,67864.65,0.59,True,67916.0,0.86,False,True,67913.97,0.86,False
1774987500,67952.17,68053.55,Up,False,67945.05,0.48,True,67979.04,0.68,True,True,67991.01,0.72,True,68014.88,0.84,False,True,68071.07,0.96,False
1774987800,68053.55,68146.88,Up,True,68053.56,0.5,True,68073.01,0.61,True,True,68106.49,0.77,True,68133.62,0.87,False,True,68159.19,0.94,False
1774988100,68146.88,68022.34,Down,False,68154.0,0.49,True,68144.43,0.56,True,True,68107.89,0.76,True,68117.34,0.73,True,True,68098.79,0.85,False
1774988400,68022.34,68015.5,Down,False,68035.67,0.61,True,67997.12,0.64,True,True,68004.0,0.5700000000000001,True,67980.69,0.78,False,True,67963.86,0.86,False
1774988700,68015.49,68003.0,Down,True,68000.19,0.6,True,67989.26,0.62,True,True,67973.17,0.77,True,67984.79,0.71,True,True,67964.31,0.87,False
1774989000,68003.01,67965.15,Down,True,67994.01,0.55,True,67968.47,0.71,False,True,67953.37,0.81,True,67981.77,0.61,True,True,67982.0,0.7,True
1774989300,67965.15,68091.41,Up,True,67975.7,0.57,True,67999.89,0.72,False,True,67999.88,0.76,True,68075.8,0.93,False,True,68082.88,0.94,False
1774989600,68091.41,68044.0,Down,True,68070.95,0.65,True,68061.64,0.6799999999999999,True,True,68048.84,0.77,True,68058.54,0.7,True,True,68079.31,0.5800000000000001,True
1774989900,68044.0,68167.25,Up,False,68034.79,0.63,False,68031.01,0.5900000000000001,True,True,68063.02,0.59,True,68049.12,0.5,True,True,68157.53,0.96,False
1774990200,68167.25,68209.22,Up,False,68115.26,0.78,False,68144.37,0.62,True,False,68149.36,0.6,False,68166.98,0.44999999999999996,True,True,68181.74,0.65,True
1774990500,68209.21,68265.54,Up,False,68192.45,0.63,True,68218.33,0.53,True,True,68216.4,0.52,False,68200.93,0.6,True,True,68249.99,0.83,False
1774990800,68265.53,68069.14,Down,True,68224.51,0.79,True,68186.01,0.87,False,True,68159.16,0.9299999999999999,True,68103.74,0.98,False,True,68102.04,1.0,False
1774991100,68069.14,68017.49,Down,False,68113.83,0.7,False,68121.0,0.75,False,False,68125.38,0.82,False,68112.93,0.75,True,False,68095.0,0.72,True
1774991400,68016.01,68019.97,Up,False,68010.73,0.54,False,68010.71,0.48,True,False,68011.5,0.56,False,67999.69,0.5900000000000001,True,False,67977.72,0.8200000000000001,True
1774991700,68019.97,67951.97,Down,True,68003.43,0.6,True,67978.85,0.69,True,True,67965.3,0.74,True,67946.91,0.8200000000000001,False,True,67955.06,0.87,False
1774992000,67951.98,67947.95,Down,False,67963.06,0.54,True,67949.38,0.52,True,True,67905.51,0.72,True,67900.87,0.8,False,True,67906.18,0.83,False
1774992300,67947.94,68034.38,Up,True,67987.76,0.77,True,68017.49,0.85,False,True,68035.23,0.91,True,68054.72,0.94,False,True,68028.43,0.92,False
1774992600,68034.37,68084.59,Up,True,68037.93,0.57,True,68057.91,0.72,False,True,68081.85,0.82,True,68079.83,0.83,False,True,68089.85,0.9,False
1774992900,68084.58,68097.69,Up,False,68070.76,0.6,True,68087.08,0.58,True,False,68080.59,0.54,True,68088.14,0.58,True,False,68077.01,0.5800000000000001,True
1774993200,68097.58,68166.0,Up,True,68125.28,0.75,True,68109.77,0.61,True,True,68141.22,0.84,True,68162.93,0.91,False,True,68142.04,0.92,False
1774993500,68167.6,68214.19,Up,False,68167.15,0.53,False,68167.14,0.54,True,True,68170.0,0.51,False,68167.16,0.55,True,True,68168.72,0.48,True
1774993800,68214.19,68379.29,Up,True,68241.69,0.63,True,68228.02,0.52,True,False,68213.82,0.48,False,68209.55,0.5800000000000001,True,True,68365.36,0.99,False
1774994100,68379.29,68277.99,Down,False,68406.55,0.62,True,68362.54,0.6599999999999999,True,True,68341.44,0.74,True,68266.12,0.9299999999999999,False,True,68276.28,0.95,False
1774994400,68278.0,68208.0,Down,False,68303.19,0.55,True,68251.5,0.7,True,True,68218.82,0.83,True,68188.39,0.92,False,True,68204.0,0.94,False
1774994700,68208.0,68101.79,Down,False,68224.8,0.63,False,68217.98,0.56,True,False,68261.74,0.82,True,68208.0,0.5,True,True,68166.0,0.78,True
1774995000,68101.8,68212.61,Up,True,68116.57,0.6,True,68127.79,0.66,True,True,68168.18,0.85,True,68166.39,0.85,False,True,68128.98,0.76,True
1774995300,68209.48,68226.0,Up,True,68217.85,0.58,True,68262.04,0.8,False,True,68231.78,0.63,False,68204.47,0.56,True,False,68192.0,0.6699999999999999,True
1774995600,68225.99,68192.14,Down,False,68238.8,0.58,False,68284.21,0.82,False,False,68262.09,0.68,True,68216.01,0.5800000000000001,True,True,68206.14,0.6799999999999999,True
1774995900,68192.14,68121.0,Down,True,68180.9,0.64,True,68155.94,0.76,False,True,68154.32,0.79,True,68120.99,0.9299999999999999,False,True,68096.01,0.97,False
1774996200,68120.99,68042.04,Down,True,68103.99,0.62,True,68080.87,0.76,False,True,68063.88,0.81,True,68080.13,0.74,True,True,68015.24,0.95,False
1774996500,68042.04,68076.63,Up,True,68061.04,0.65,True,68074.52,0.73,False,False,68034.4,0.5900000000000001,False,68032.82,0.5800000000000001,True,True,68044.72,0.56,True
1774996800,68076.63,68184.22,Up,True,68083.88,0.59,True,68108.41,0.76,False,True,68140.07,0.83,True,68121.0,0.77,False,True,68166.4,0.95,False
1774997100,68184.21,68174.49,Down,True,68168.75,0.6,True,68156.4,0.64,True,True,68150.0,0.6699999999999999,True,68142.75,0.77,False,True,68126.0,0.84,False
1774997400,68174.49,68174.37,Down,False,68178.47,0.57,False,68197.46,0.6,True,False,68182.32,0.53,False,68189.15,0.51,True,False,68192.6,0.51,True
1774997700,68174.37,68172.45,Down,True,68160.99,0.54,False,68177.98,0.56,True,False,68184.45,0.52,False,68188.42,0.58,True,False,68189.66,0.64,True
1774998000,68173.59,68148.54,Down,False,68198.78,0.66,True,68166.81,0.5900000000000001,True,True,68122.51,0.77,True,68129.21,0.69,True,True,68096.29,0.9,False
1774998300,68148.54,68249.09,Up,True,68155.36,0.58,True,68157.88,0.6,True,False,68144.85,0.43999999999999995,True,68170.24,0.81,False,True,68249.99,0.94,False
1774998600,68249.09,68227.3,Down,False,68266.75,0.56,True,68235.29,0.45999999999999996,True,False,68253.07,0.6,True,68214.83,0.5900000000000001,True,True,68239.7,0.39,True
1774998900,68227.3,68348.57,Up,False,68184.01,0.71,False,68191.73,0.6699999999999999,True,False,68197.9,0.65,True,68236.19,0.58,True,True,68365.41,0.97,False
1774999200,68348.56,68259.99,Down,False,68351.4,0.5,True,68330.75,0.6599999999999999,True,True,68308.41,0.74,True,68300.01,0.8200000000000001,False,True,68259.41,0.96,False
1774999500,68260.0,68274.46,Up,True,68299.66,0.67,False,68250.0,0.6,True,False,68241.39,0.61,False,68234.61,0.65,True,False,68224.52,0.72,True
1774999800,68274.45,68256.1,Down,True,68263.45,0.53,True,68268.78,0.5700000000000001,True,True,68267.84,0.47,True,68262.1,0.61,True,False,68289.18,0.58,True
1775000100,68256.11,68352.81,Up,True,68288.32,0.62,True,68276.29,0.64,True,True,68289.51,0.7,True,68326.01,0.86,False,True,68330.76,0.9,False
1775000400,68352.82,68310.02,Down,True,68352.82,0.54,True,68345.33,0.51,True,True,68340.29,0.6699999999999999,True,68334.6,0.72,True,True,68330.75,0.78,True
1775000700,68310.02,68229.69,Down,True,68279.72,0.71,True,68238.85,0.9,False,True,68245.54,0.88,True,68251.99,0.91,False,True,68242.92,0.9299999999999999,False
1775001000,68229.68,68285.48,Up,True,68241.57,0.64,True,68288.41,0.84,False,True,68263.86,0.71,True,68263.86,0.73,True,True,68273.45,0.82,True
1775001300,68285.48,68284.49,Down,True,68276.29,0.5700000000000001,True,68280.01,0.56,True,True,68281.65,0.5700000000000001,True,68283.13,0.51,True,True,68253.48,0.75,True
1775001600,68284.49,68197.33,Down,True,68242.0,0.71,True,68218.35,0.84,False,True,68127.0,0.98,True,68164.79,0.95,False,True,68177.41,0.96,False
1775001900,68197.34,68171.64,Down,True,68169.45,0.65,True,68163.41,0.6599999999999999,True,False,68209.05,0.59,False,68218.34,0.61,True,False,68201.72,0.5,True
1775002200,68171.63,68039.91,Down,True,68133.47,0.69,True,68120.98,0.75,False,True,68093.7,0.86,True,68061.65,0.94,False,True,68080.0,0.94,False
1775002500,68046.0,68138.12,Up,True,68102.83,0.75,True,68111.18,0.8,False,True,68109.58,0.8,True,68087.07,0.72,True,True,68197.86,0.99,False
1775002800,68138.12,67975.61,Down,False,68173.33,0.65,False,68159.78,0.6,True,True,68124.26,0.5900000000000001,True,68098.96,0.73,True,True,67998.75,0.98,False
1775003100,67975.61,67999.99,Up,False,67961.99,0.55,False,67955.77,0.61,True,False,67956.11,0.6,False,67958.22,0.61,True,False,67953.55,0.62,True
1775003400,68000.0,67931.46,Down,False,68023.61,0.66,False,68026.16,0.68,True,False,68010.37,0.52,True,67949.42,0.78,False,True,67888.69,0.96,False
1775003700,67931.46,67979.61,Up,True,67944.05,0.53,True,67956.7,0.69,True,True,67951.26,0.63,True,67975.3,0.69,True,True,67949.94,0.6,True
1775004000,67979.62,68066.0,Up,True,67992.83,0.54,True,67993.98,0.57,True,True,67983.07,0.5,True,68011.95,0.68,True,True,68017.45,0.69,True
1775004300,68066.0,68120.99,Up,False,68052.0,0.65,False,68039.48,0.65,True,True,68074.86,0.62,True,68077.05,0.55,True,False,68062.2,0.54,True
1775004600,68120.99,68285.07,Up,True,68189.9,0.78,True,68239.31,0.87,False,True,68242.02,0.9,True,68265.64,0.94,False,True,68271.96,0.98,False
1775004900,68293.44,68328.41,Up,True,68304.01,0.51,False,68286.66,0.53,True,False,68247.97,0.72,False,68233.41,0.8,False,False,68237.29,0.85,False
1775005200,68330.75,68340.0,Up,True,68338.41,0.53,False,68325.14,0.49,True,False,68299.88,0.54,False,68276.27,0.77,False,False,68300.27,0.63,True
1775005500,68340.0,68255.34,Down,True,68328.06,0.61,True,68240.11,0.92,False,True,68169.92,0.97,True,68190.0,0.97,False,True,68255.55,0.909,False
1775005800,68262.23,68265.74,Up,True,68281.99,0.54,True,68275.6,0.53,True,True,68263.45,0.49,True,68263.33,0.51,True,True,68285.57,0.7,True
1775006100,68265.74,68086.0,Down,True,68198.35,0.84,True,68197.88,0.8200000000000001,False,True,68176.66,0.89,True,68148.39,0.95,False,True,68153.84,0.97,False
1775006400,68086.0,68055.75,Down,False,68086.01,0.45,False,68111.2,0.59,True,False,68103.74,0.57,False,68092.0,0.56,True,True,68069.17,0.6,True
1775006700,68055.98,68045.99,Down,False,68083.0,0.59,False,68066.55,0.51,True,False,68090.73,0.69,False,68079.89,0.63,True,False,68072.91,0.62,True
1775007000,68046.0,67940.04,Down,False,68072.07,0.69,False,68094.47,0.75,False,False,68075.17,0.67,False,68078.8,0.66,True,False,68087.52,0.81,True
1775007300,67940.04,67900.62,Down,True,67831.13,0.8200000000000001,True,67854.21,0.8,False,True,67869.15,0.77,True,67888.89,0.73,True,False,67980.15,0.74,True
1775007600,67900.62,67950.0,Up,True,67919.6,0.61,True,67934.05,0.67,True,True,67913.98,0.57,True,67913.97,0.59,True,True,67902.74,0.5,True
1775007900,67958.02,67869.87,Down,True,67921.0,0.64,True,67909.38,0.7,True,True,67871.28,0.86,True,67862.96,0.89,False,True,67864.91,0.95,False
1775008200,67869.86,67863.51,Down,False,67875.72,0.51,False,67882.66,0.55,True,False,67882.66,0.57,False,67875.36,0.53,True,True,67867.07,0.5700000000000001,True
1775008500,67863.5,67782.74,Down,False,67922.73,0.72,False,67863.55,0.56,True,True,67822.26,0.6,True,67852.14,0.52,True,True,67808.0,0.78,True
1775008800,67782.73,67850.08,Up,True,67822.11,0.82,True,67831.65,0.77,False,True,67824.55,0.78,True,67844.97,0.87,False,True,67827.8,0.83,False
1775009100,67850.08,67839.99,Down,False,67855.86,0.55,True,67844.97,0.53,True,True,67814.16,0.7,True,67778.0,0.87,False,False,67853.45,0.64,True
1775009400,67840.0,67847.24,Up,True,67854.05,0.6,False,67826.42,0.54,True,False,67779.35,0.78,False,67752.99,0.86,False,False,67811.78,0.62,True
1775009700,67847.24,67894.0,Up,False,67774.73,0.6599999999999999,False,67823.6,0.49,True,False,67826.43,0.52,False,67830.82,0.52,True,True,67864.58,0.66,True
1775010000,67894.0,67849.85,Down,False,67904.79,0.39,False,67913.98,0.51,True,True,67881.2,0.69,True,67887.65,0.6699999999999999,True,True,67856.1,0.89,False
1775010300,67849.85,67639.42,Down,True,67805.02,0.8200000000000001,True,67770.3,0.88,False,True,67751.76,0.91,True,67687.57,0.98,False,True,67701.55,0.98,False
1775010600,67639.41,67605.29,Down,True,67622.0,0.5800000000000001,False,67679.05,0.6,True,False,67705.63,0.74,False,67699.1,0.72,True,False,67701.43,0.73,True
1775010900,67605.29,67627.39,Up,True,67611.5,0.54,True,67644.18,0.69,True,True,67651.72,0.71,True,67684.13,0.86,False,True,67703.42,0.95,False
1775011200,67627.39,67663.36,Up,True,67677.37,0.74,True,67690.35,0.76,False,True,67650.68,0.6,True,67678.22,0.74,True,True,67647.65,0.6,True
1775011500,67663.35,67638.96,Down,False,67678.35,0.57,False,67665.53,0.47,True,False,67672.44,0.56,True,67630.34,0.7,True,False,67666.71,0.54,True
1775011800,67629.27,67654.36,Up,True,67662.47,0.72,True,67651.5,0.58,True,True,67670.2,0.72,True,67658.31,0.66,True,False,67629.2,0.43000000000000005,True
1775012100,67654.36,67668.89,Up,False,67644.77,0.37,False,67640.24,0.33999999999999997,True,False,67603.43,0.44999999999999996,False,67621.7,0.37,True,False,67636.15,0.35,True
1775012400,67668.9,67794.98,Up,True,67698.01,0.72,True,67726.94,0.82,False,True,67770.77,0.91,True,67796.0,0.94,False,True,67790.15,0.97,False
1775012700,67794.98,68089.89,Up,True,67797.95,0.57,True,67844.96,0.84,False,True,67834.07,0.76,True,67848.44,0.86,False,True,67914.9,0.98,False
1775013000,68070.0,67990.15,Down,True,68052.44,0.56,True,68040.71,0.6,True,True,68017.94,0.7,True,68021.9,0.5700000000000001,True,True,68019.99,0.72,True
1775013300,67990.15,67999.67,Up,False,67957.26,0.69,False,67984.01,0.55,True,True,68027.21,0.71,True,68023.51,0.69,True,True,67995.44,0.49,True
1775013600,67999.67,67962.43,Down,True,67989.47,0.56,True,67995.66,0.5800000000000001,True,True,67970.2,0.74,True,67969.01,0.76,True,True,67973.15,0.76,True
1775013900,67962.43,67968.65,Up,False,67953.2,0.6,False,67939.83,0.6599999999999999,True,False,67954.02,0.6,False,67947.24,0.65,True,False,67950.83,0.6599999999999999,True
1775014200,67973.14,67982.27,Up,False,67949.39,0.7,False,67956.49,0.55,True,False,67973.04,0.48,True,67983.07,0.63,True,True,67978.39,0.63,True
1775014500,67962.63,67981.33,Up,False,67942.24,0.7,False,67918.75,0.81,False,False,67933.15,0.79,False,67941.83,0.73,True,False,67952.84,0.6599999999999999,True
1775014800,67981.32,68062.97,Up,False,67973.96,0.56,False,67972.13,0.55,True,False,67962.29,0.63,False,67962.29,0.63,True,True,68014.05,0.84,False
1775015100,68062.97,68172.4,Up,True,68084.57,0.62,True,68184.89,0.91,False,True,68221.7,0.97,True,68212.5,0.97,False,True,68173.24,0.95,False
1775015400,68172.39,68158.0,Down,True,68166.43,0.5800000000000001,True,68156.99,0.63,True,True,68128.47,0.79,True,68136.51,0.74,True,True,68130.49,0.86,False
1775015700,68158.01,68173.11,Up,True,68173.25,0.6,True,68165.23,0.53,True,True,68165.23,0.47,False,68136.63,0.63,True,False,68131.37,0.69,True
1775016000,68170.67,68154.97,Down,True,68166.04,0.6,True,68153.8,0.62,True,False,68182.74,0.55,False,68205.93,0.65,True,False,68218.09,0.76,True
1775016300,68154.97,68132.35,Down,True,68125.63,0.69,True,68135.53,0.62,True,True,68152.12,0.5900000000000001,False,68155.83,0.38,True,True,68148.06,0.63,True
1775016600,68132.36,68075.22,Down,True,68097.3,0.75,True,68103.75,0.73,False,True,68112.94,0.6699999999999999,True,68112.95,0.74,True,True,68051.51,0.94,False
1775016900,68075.22,68126.21,Up,False,68069.82,0.53,False,68061.51,0.55,True,False,68072.41,0.5,True,68075.94,0.48,True,True,68105.01,0.72,True
1775017200,68122.41,68127.23,Up,True,68134.0,0.74,True,68158.14,0.78,False,True,68150.01,0.75,True,68140.0,0.73,True,True,68178.69,0.83,False
1775017500,68127.23,68157.75,Up,True,68151.07,0.74,True,68169.06,0.78,False,True,68159.66,0.74,True,68158.58,0.78,False,True,68162.0,0.84,False
1775017800,68157.76,68172.72,Up,True,68179.02,0.73,True,68171.16,0.66,True,False,68138.28,0.4,False,68140.07,0.36,True,False,68138.28,0.33999999999999997,True
1775018100,68172.72,68204.31,Up,True,68183.72,0.66,False,68151.36,0.38,True,False,68140.06,0.38,False,68137.78,0.32999999999999996,True,True,68207.96,0.9,False
1775018400,68204.31,68226.9,Up,False,68201.3,0.43000000000000005,True,68210.07,0.73,False,True,68246.84,0.88,True,68259.99,0.93,False,True,68253.73,0.95,False
1775018700,68226.91,68289.48,Up,False,68216.19,0.35,False,68216.19,0.33999999999999997,True,False,68211.52,0.36,True,68232.98,0.81,False,False,68214.66,0.26,True
1775019000,68289.48,68325.41,Up,False,68289.22,0.4,True,68294.34,0.69,True,True,68320.49,0.87,True,68295.1,0.73,True,True,68325.24,0.89,False
1775019300,68326.99,68303.84,Down,False,68331.58,0.58,True,68300.0,0.51,True,True,68299.46,0.5,True,68254.65,0.6,True,True,68263.21,0.75,True
1775019600,68303.83,68151.06,Down,True,68263.45,0.6599999999999999,True,68260.88,0.64,True,True,68235.42,0.71,True,68232.2,0.75,True,True,68190.92,0.95,False
1775019900,68156.16,68230.82,Up,True,68166.13,0.62,True,68213.99,0.82,False,True,68218.34,0.83,True,68211.99,0.83,False,True,68206.85,0.85,False
1775020200,68230.82,68401.54,Up,False,68224.52,0.43000000000000005,False,68211.91,0.4,True,False,68219.39,0.38,False,68209.84,0.35,True,False,68200.47,0.4,True
1775020500,68401.53,68478.7,Up,False,68369.41,0.63,False,68371.68,0.64,True,False,68371.99,0.6799999999999999,False,68382.03,0.64,True,True,68444.64,0.72,True
1775020800,68478.7,68528.17,Up,False,68458.62,0.61,False,68454.32,0.62,True,False,68444.53,0.6699999999999999,False,68444.45,0.71,True,True,68483.38,0.53,True
1775021100,68528.18,68580.82,Up,True,68557.44,0.53,True,68680.16,0.95,False,True,68681.6,0.82,True,68588.26,0.71,True,True,68594.01,0.76,True
1775021400,68585.97,68621.32,Up,True,68624.64,0.57,True,68591.85,0.49,True,True,68589.3,0.45,True,68611.43,0.58,True,False,68553.63,0.75,True
1775021700,68616.77,68511.42,Down,True,68591.19,0.6799999999999999,True,68609.0,0.6,True,True,68535.06,0.92,True,68541.86,0.9,False,True,68547.53,0.88,False
1775022000,68511.42,68507.87,Down,True,68492.52,0.6699999999999999,True,68491.93,0.6599999999999999,True,True,68500.0,0.5900000000000001,False,68555.49,0.68,True,False,68539.68,0.67,True
1775022300,68507.87,68483.97,Down,False,68510.62,0.45,True,68481.76,0.64,True,True,68482.65,0.7,True,68451.75,0.8200000000000001,False,True,68453.3,0.84,False
1775022600,68483.98,68512.6,Up,True,68536.74,0.71,True,68550.05,0.74,False,True,68521.43,0.67,True,68521.44,0.67,True,True,68535.06,0.81,True
1775022900,68514.65,68456.01,Down,True,68496.47,0.63,True,68482.94,0.6599999999999999,True,True,68463.44,0.83,True,68449.93,0.87,False,True,68449.83,0.94,False
1775023200,68456.01,68486.7,Up,True,68472.19,0.56,True,68484.94,0.62,True,True,68506.64,0.74,True,68523.94,0.82,False,True,68500.01,0.78,True
1775023500,68486.7,68606.3,Up,True,68517.53,0.67,True,68523.82,0.7,True,True,68539.12,0.78,True,68543.24,0.83,False,True,68570.99,0.94,False
1775023800,68608.58,68649.99,Up,True,68673.07,0.69,True,68638.57,0.61,True,True,68640.8,0.64,True,68640.87,0.61,True,True,68655.92,0.84,False
1775024100,68649.99,68749.99,Up,True,68658.94,0.56,True,68672.91,0.58,True,True,68658.01,0.51,True,68658.03,0.48,True,True,68661.99,0.53,True
1775024400,68770.0,68842.51,Up,True,68790.0,0.59,True,68798.97,0.67,True,True,68785.6,0.62,True,68797.35,0.69,True,False,68762.22,0.39,True
1775024700,68842.5,68861.91,Up,False,68838.74,0.61,True,68851.9,0.5,True,True,68870.18,0.66,True,68857.27,0.59,True,True,68861.8,0.68,True
1775025000,68859.77,68950.0,Up,False,68840.28,0.6,False,68834.88,0.6699999999999999,True,False,68852.0,0.5900000000000001,False,68809.21,0.8200000000000001,False,False,68829.35,0.76,True
1775025300,68950.01,68971.94,Up,True,68970.25,0.54,True,68977.94,0.56,True,True,68977.66,0.59,True,69051.94,0.84,False,True,68998.14,0.75,True
1775025600,68971.93,69202.59,Up,True,68989.01,0.46,True,69002.22,0.56,True,True,69021.03,0.68,True,69034.26,0.74,True,True,69037.83,0.84,False
1775025900,69209.37,69035.58,Down,True,69185.78,0.6799999999999999,True,69133.38,0.85,False,True,69129.52,0.81,True,69119.09,0.9,False,True,69094.24,0.96,False
1775026200,69035.58,69138.9,Up,True,69099.98,0.71,True,69067.53,0.6,True,True,69041.99,0.47,True,69072.27,0.68,True,True,69047.04,0.56,True
1775026500,69138.9,69102.85,Down,True,69120.48,0.62,False,69157.37,0.56,True,False,69157.74,0.58,False,69168.85,0.66,True,False,69180.01,0.79,True
1775026800,69102.8,69133.13,Up,True,69135.23,0.6,True,69210.35,0.85,False,True,69234.9,0.94,True,69209.99,0.93,False,True,69198.0,0.94,False
1775027100,69133.13,69228.71,Up,True,69178.05,0.65,True,69180.0,0.7,True,True,69167.31,0.66,True,69167.31,0.71,True,True,69168.0,0.76,True
1775027400,69228.72,69182.07,Down,False,69277.31,0.72,True,69212.21,0.61,True,True,69150.01,0.85,True,69138.88,0.88,False,True,69145.69,0.91,False
1775027700,69179.68,69019.27,Down,True,69176.5,0.56,True,69163.51,0.61,True,True,69165.78,0.61,True,69155.93,0.65,True,True,69134.26,0.77,True
1775028000,69004.44,68886.65,Down,True,68885.57,0.9299999999999999,True,68886.72,0.91,False,True,68880.11,0.89,True,68855.92,0.95,False,True,68886.53,0.97,False
1775028300,68887.33,68896.73,Up,True,68909.55,0.6,True,68910.22,0.61,True,True,68951.01,0.74,True,68966.84,0.79,False,True,68959.79,0.86,False
1775028600,68896.74,68911.03,Up,True,68910.14,0.65,True,68899.64,0.68,True,True,68947.05,0.86,True,68981.88,0.9,False,True,68913.56,0.76,True
1775028900,68911.02,68900.0,Down,True,68885.15,0.5900000000000001,True,68871.33,0.6699999999999999,True,True,68899.46,0.5800000000000001,False,68931.63,0.63,True,False,68959.52,0.75,True
1775029200,68899.99,68892.97,Down,False,68925.25,0.61,False,68920.62,0.68,True,True,68894.85,0.5,True,68858.87,0.71,True,True,68876.56,0.65,True
1775029500,68892.97,68760.0,Down,True,68885.07,0.62,True,68854.55,0.76,False,True,68825.84,0.87,True,68828.0,0.89,False,True,68801.58,0.96,False
1775029800,68759.99,68700.0,Down,True,68743.76,0.5700000000000001,True,68738.01,0.5900000000000001,True,False,68764.33,0.49,False,68793.13,0.65,True,True,68759.25,0.51,True
1775030100,68707.88,68695.77,Down,False,68712.17,0.51,False,68712.0,0.55,True,False,68729.99,0.63,False,68708.84,0.45,True,True,68682.12,0.6699999999999999,True
1775030400,68692.0,68687.99,Down,False,68698.14,0.42,False,68706.64,0.49,True,True,68676.16,0.69,True,68660.74,0.78,False,False,68694.3,0.45,True
1775030700,68688.0,68576.17,Down,False,68717.87,0.65,False,68717.87,0.64,True,False,68688.37,0.46,True,68621.31,0.83,False,True,68593.47,0.94,False
1775031000,68576.17,68528.31,Down,True,68550.01,0.5800000000000001,True,68542.11,0.6599999999999999,True,True,68513.82,0.78,True,68537.92,0.71,True,False,68596.87,0.64,True
1775031300,68528.31,68525.0,Down,True,68513.28,0.49,True,68500.0,0.6,True,True,68469.64,0.77,True,68510.35,0.55,True,False,68544.65,0.53,True
1775031600,68525.0,68665.78,Up,True,68587.16,0.81,True,68572.51,0.72,False,True,68618.62,0.89,True,68615.67,0.9,False,True,68637.96,0.95,False
1775031900,68665.79,68740.68,Up,True,68696.98,0.68,True,68697.83,0.68,True,True,68730.63,0.83,True,68728.89,0.86,False,True,68742.59,0.94,False
1775032200,68740.68,68741.36,Up,True,68753.29,0.57,False,68735.75,0.52,True,True,68742.08,0.5,True,68756.73,0.64,True,True,68778.35,0.85,False
1775032500,68741.36,68832.0,Up,True,68758.64,0.61,True,68742.1,0.44,True,True,68757.45,0.63,True,68765.77,0.69,True,True,68761.9,0.68,True
1775032800,68828.16,68779.27,Down,True,68807.47,0.63,True,68819.5,0.54,True,False,68851.35,0.64,True,68800.16,0.72,True,True,68752.01,0.95,False
1775033100,68779.26,68735.99,Down,True,68767.63,0.56,True,68764.5,0.6,True,True,68766.75,0.5800000000000001,True,68729.29,0.84,False,True,68741.44,0.83,False
1775033400,68733.22,68636.69,Down,False,68747.49,0.57,True,68733.22,0.55,True,True,68729.22,0.61,False,68737.86,0.53,True,True,68712.13,0.77,True
1775033700,68636.68,68670.16,Up,False,68608.35,0.64,False,68619.28,0.6,True,True,68639.89,0.48,True,68666.48,0.6,True,True,68733.25,0.94,False
1775034000,68670.16,68711.35,Up,False,68633.0,0.62,False,68649.42,0.5900000000000001,True,True,68679.34,0.59,True,68727.6,0.81,False,True,68714.55,0.85,False
1775034300,68707.59,68486.11,Down,False,68720.0,0.58,False,68714.0,0.56,True,False,68711.29,0.51,True,68694.1,0.5800000000000001,True,True,68590.3,0.94,False
1775034600,68486.11,68492.55,Up,False,68481.68,0.49,True,68490.33,0.54,True,False,68478.3,0.56,False,68478.45,0.53,True,True,68487.28,0.51,True
1775034900,68492.59,68454.61,Down,False,68496.0,0.51,True,68478.78,0.56,True,True,68489.96,0.5,False,68510.69,0.64,True,False,68511.43,0.66,True
1775035200,68454.61,68428.12,Down,False,68458.41,0.5,True,68426.93,0.69,True,False,68455.32,0.56,True,68428.96,0.6699999999999999,True,True,68405.08,0.8200000000000001,True
1775035500,68428.12,68556.35,Up,True,68440.76,0.62,True,68505.5,0.84,False,True,68523.61,0.91,True,68516.11,0.9,False,True,68531.94,0.94,False
1775035800,68551.45,68547.94,Down,False,68594.45,0.72,False,68600.0,0.79,False,False,68598.77,0.76,False,68576.88,0.66,True,False,68572.97,0.65,True
1775036100,68547.94,68448.8,Down,True,68546.74,0.51,False,68562.85,0.55,True,False,68571.55,0.65,False,68551.47,0.49,True,True,68503.58,0.88,False
1775036400,68448.8,68477.64,Up,False,68402.26,0.74,False,68424.15,0.61,True,True,68459.61,0.59,False,68427.04,0.61,True,True,68474.27,0.77,True
1775036700,68480.59,68582.49,Up,True,68519.29,0.72,True,68516.96,0.74,False,True,68510.55,0.73,True,68521.96,0.79,False,True,68525.82,0.87,False
1775037000,68590.29,68651.61,Up,True,68628.62,0.76,True,68646.21,0.81,False,True,68638.58,0.79,True,68638.0,0.83,False,True,68676.64,0.96,False
1775037300,68651.62,68644.0,Down,True,68650.0,0.5800000000000001,True,68638.57,0.62,True,False,68662.78,0.57,True,68648.84,0.55,True,False,68673.38,0.65,True
1775037600,68644.01,68545.0,Down,False,68644.62,0.52,False,68662.26,0.66,True,True,68629.09,0.65,True,68600.0,0.79,False,True,68583.3,0.92,False
1775037900,68545.0,68538.99,Down,False,68554.05,0.51,True,68540.32,0.6,True,False,68545.71,0.45,False,68549.98,0.5,True,False,68570.01,0.69,True
1775038200,68538.99,68509.27,Down,True,68510.47,0.6599999999999999,True,68512.02,0.7,True,False,68542.85,0.58,False,68563.08,0.65,True,False,68568.99,0.64,True
1775038500,68509.27,68494.99,Down,False,68526.14,0.66,True,68508.02,0.51,True,False,68519.76,0.63,False,68521.42,0.68,True,True,68505.79,0.49,True
1775038800,68494.99,68603.91,Up,True,68566.11,0.86,True,68557.48,0.81,False,True,68573.95,0.89,True,68594.86,0.94,False,True,68601.15,0.96,False
1775039100,68603.91,68521.15,Down,True,68570.72,0.69,True,68536.85,0.86,False,True,68546.61,0.84,True,68520.71,0.87,False,True,68524.45,0.91,False
1775039400,68521.16,68460.58,Down,False,68542.37,0.65,False,68549.18,0.68,True,False,68548.46,0.71,False,68553.34,0.79,False,False,68535.06,0.63,True
1775039700,68460.59,68450.0,Down,True,68427.27,0.7,True,68434.11,0.6699999999999999,True,True,68427.24,0.64,False,68474.79,0.7,True,False,68481.88,0.72,True
1775040000,68450.0,68497.82,Up,True,68495.39,0.77,True,68507.3,0.82,False,True,68533.68,0.91,True,68544.1,0.93,False,True,68535.06,0.95,False
1775040300,68497.83,68566.09,Up,True,68505.39,0.72,True,68561.78,0.92,False,True,68561.96,0.91,True,68543.6,0.89,False,True,68532.86,0.84,False
1775040600,68583.01,68595.36,Up,True,68589.44,0.64,True,68601.33,0.68,True,True,68593.42,0.69,True,68585.18,0.68,True,True,68608.35,0.88,False
1775040900,68595.36,68585.55,Down,True,68512.22,0.86,True,68450.01,0.9299999999999999,False,True,68433.03,0.99,True,68445.1,0.98,False,True,68514.21,0.92,False
1775041200,68585.55,68572.0,Down,True,68578.0,0.64,False,68591.73,0.49,True,True,68578.23,0.6599999999999999,True,68573.86,0.7,True,True,68566.16,0.79,True
1775041500,68572.0,68514.46,Down,True,68543.59,0.6699999999999999,True,68567.9,0.51,True,False,68572.15,0.48,True,68562.49,0.55,True,True,68544.0,0.6599999999999999,True
1775041800,68514.46,68612.02,Up,True,68521.44,0.52,True,68542.75,0.65,True,True,68550.0,0.71,True,68561.52,0.77,False,True,68559.28,0.83,False
1775042100,68612.02,68560.95,Down,False,68620.8,0.56,True,68594.43,0.61,True,True,68602.85,0.49,True,68609.9,0.43000000000000005,True,True,68589.32,0.75,True
1775042400,68560.95,68575.01,Up,False,68536.81,0.65,False,68543.67,0.64,True,True,68561.81,0.54,True,68565.06,0.48,True,False,68549.89,0.6599999999999999,True
1775042700,68575.01,68552.49,Down,False,68615.63,0.63,False,68626.44,0.64,True,False,68635.35,0.73,False,68640.93,0.76,True,False,68607.99,0.58,True
1775043000,68552.49,68538.01,Down,False,68562.27,0.53,False,68582.86,0.64,True,False,68579.01,0.58,False,68579.0,0.61,True,False,68610.0,0.83,False
1775043300,68538.0,68617.25,Up,True,68579.09,0.77,True,68571.63,0.69,True,True,68578.63,0.78,True,68568.89,0.76,True,True,68576.92,0.77,True
1775043600,68617.24,68608.35,Down,False,68622.87,0.5,True,68616.78,0.55,True,True,68608.15,0.5,True,68594.32,0.5900000000000001,True,True,68551.56,0.92,False
1775043900,68608.36,68661.19,Up,True,68608.7,0.54,True,68625.28,0.63,True,True,68638.57,0.68,True,68633.39,0.6,True,True,68609.32,0.55,True
1775044200,68661.18,68712.91,Up,True,68667.65,0.53,True,68663.93,0.5,True,False,68650.88,0.48,True,68666.67,0.49,True,True,68725.92,0.92,False
1775044500,68712.91,68714.97,Up,True,68721.99,0.58,True,68726.15,0.51,True,False,68707.66,0.53,False,68708.04,0.5700000000000001,True,True,68725.31,0.56,True
1775044800,68712.52,68504.85,Down,True,68690.04,0.6599999999999999,True,68694.57,0.63,True,True,68676.08,0.73,True,68656.0,0.89,False,True,68573.99,0.99,False
1775045100,68504.85,68516.59,Up,True,68573.47,0.82,True,68552.17,0.74,False,True,68593.38,0.9,True,68594.16,0.89,False,True,68570.61,0.92,False
1775045400,68517.08,68574.14,Up,True,68565.65,0.75,True,68583.81,0.85,False,True,68616.75,0.94,True,68604.12,0.91,False,True,68561.33,0.8,True
1775045700,68574.14,68652.01,Up,True,68651.54,0.86,True,68638.48,0.85,False,True,68615.55,0.74,True,68629.11,0.79,False,True,68639.99,0.89,False
1775046000,68652.01,68576.24,Down,True,68651.36,0.54,True,68631.83,0.7,True,True,68621.31,0.74,True,68604.55,0.78,False,True,68566.69,0.95,False
1775046300,68576.23,68524.53,Down,False,68621.31,0.79,False,68620.88,0.76,False,False,68592.01,0.57,True,68547.26,0.74,True,True,68518.13,0.9299999999999999,False
1775046600,68524.53,68426.2,Down,False,68570.99,0.77,False,68581.32,0.81,False,True,68518.7,0.52,True,68500.99,0.6599999999999999,True,True,68480.0,0.81,True
1775046900,68415.75,68285.6,Down,True,68411.4,0.54,False,68439.4,0.63,True,True,68351.59,0.78,True,68312.16,0.92,False,True,68337.41,0.94,False
1775047200,68285.6,68719.99,Up,True,68310.17,0.61,True,68316.64,0.58,True,True,68328.02,0.66,True,68325.02,0.7,True,True,68356.76,0.89,False
1775047500,68328.06,68395.01,Up,True,68525.3,0.27,True,68604.83,0.34,True,True,68477.79,0.07,True,68464.8,0.04,True,True,68509.3,0.02,True
1775047800,68401.84,68389.99,Down,False,68484.18,0.75,False,68511.19,0.83,False,False,68542.49,0.9,False,68452.9,0.73,True,False,68456.32,0.86,False
1775048100,68389.99,68381.99,Down,True,68367.43,0.55,False,68396.78,0.54,True,False,68394.8,0.54,True,68381.99,0.52,True,False,68404.86,0.61,True
1775048400,68393.6,68291.75,Down,True,68379.6,0.5,True,68364.0,0.55,True,True,68337.34,0.69,True,68359.71,0.5900000000000001,True,True,68239.27,0.97,False
1775048700,68291.75,68288.84,Down,True,68252.96,0.61,True,68231.8,0.7,True,True,68225.07,0.74,True,68191.6,0.86,False,True,68214.02,0.86,False
1775049000,68288.85,68432.17,Up,True,68350.0,0.73,True,68359.98,0.77,False,True,68390.54,0.85,True,68426.09,0.92,False,True,68422.61,0.95,False
1775049300,68432.17,68514.83,Up,True,68467.38,0.64,True,68483.27,0.7,True,True,68479.29,0.72,True,68493.0,0.79,False,True,68479.49,0.76,True
1775049600,68514.83,68474.02,Down,True,68509.29,0.51,True,68507.17,0.53,True,True,68469.11,0.75,True,68444.21,0.85,False,True,68477.2,0.77,True
1775049900,68474.02,68555.87,Up,False,68461.84,0.5800000000000001,True,68480.77,0.55,True,True,68516.28,0.79,True,68521.41,0.81,False,True,68591.35,0.96,False
1775050200,68555.88,68575.58,Up,False,68524.1,0.6699999999999999,False,68521.43,0.6799999999999999,True,False,68458.55,0.83,False,68432.38,0.87,False,False,68537.75,0.63,True
1775050500,68583.39,68521.23,Down,True,68525.55,0.7,True,68498.01,0.76,False,True,68521.44,0.73,True,68529.21,0.73,True,True,68552.73,0.6699999999999999,True
1775050800,68521.22,68122.38,Down,True,68377.29,0.86,True,68341.29,0.91,False,True,68391.56,0.87,True,68327.22,0.97,False,True,68190.01,1.0,False
1775051100,68114.94,68017.48,Down,True,68096.91,0.5,True,68052.26,0.62,True,True,68054.8,0.65,True,68065.21,0.63,True,True,67981.39,0.88,False
1775051400,68017.49,68140.06,Up,False,67996.35,0.51,True,68033.49,0.58,True,True,68084.64,0.78,True,68082.37,0.8,False,True,68148.77,0.95,False
1775051700,68128.33,68112.0,Down,True,68068.83,0.65,False,68150.82,0.57,True,False,68181.0,0.66,False,68190.01,0.69,True,False,68190.0,0.75,True
1775052000,68116.06,68230.95,Up,True,68163.75,0.62,True,68170.72,0.63,True,True,68211.36,0.81,True,68235.41,0.88,False,True,68211.55,0.91,False
1775052300,68235.41,68177.41,Down,True,68228.0,0.49,True,68168.8,0.74,False,True,68077.14,0.9299999999999999,True,68083.78,0.92,False,True,68145.84,0.9,False
1775052600,68177.42,68263.65,Up,False,68140.07,0.5900000000000001,True,68190.01,0.53,True,False,68172.92,0.51,False,68140.08,0.64,True,True,68215.31,0.68,True
1775052900,68263.65,68296.99,Up,True,68344.92,0.66,True,68339.46,0.74,False,True,68348.43,0.78,True,68300.29,0.65,True,False,68241.74,0.62,True
1775053200,68305.24,68419.22,Up,False,68285.66,0.55,False,68276.28,0.5800000000000001,True,False,68287.14,0.55,True,68377.21,0.77,False,True,68431.55,0.92,False
1775053500,68406.61,68517.22,Up,False,68372.26,0.65,True,68440.42,0.58,True,True,68410.61,0.45,True,68410.01,0.48,True,True,68448.8,0.64,True
1775053800,68517.22,68289.67,Down,True,68509.29,0.55,False,68590.64,0.73,False,False,68603.13,0.77,False,68563.21,0.65,True,True,68448.79,0.85,False
1775054100,68303.9,68421.51,Up,True,68337.21,0.64,True,68330.0,0.61,True,False,68275.44,0.6,True,68305.85,0.52,True,True,68307.48,0.56,True
1775054400,68406.45,68399.34,Down,True,68314.17,0.76,True,68314.08,0.79,False,True,68341.59,0.74,True,68350.87,0.77,False,False,68416.57,0.45,True
1775054700,68408.17,68571.6,Up,True,68414.4,0.56,True,68443.86,0.67,True,True,68448.8,0.7,False,68378.42,0.5700000000000001,True,True,68441.58,0.72,True
1775055000,68564.75,68612.0,Up,False,68556.98,0.5700000000000001,False,68538.0,0.65,True,False,68529.44,0.6599999999999999,False,68529.92,0.6799999999999999,True,True,68582.88,0.5,True
1775055300,68608.38,68590.82,Down,True,68603.68,0.51,True,68570.29,0.64,True,True,68554.43,0.73,True,68549.11,0.76,True,True,68571.99,0.73,True
1775055600,68593.56,68596.68,Up,True,68645.94,0.67,True,68597.31,0.51,True,False,68543.09,0.73,False,68552.73,0.7,True,True,68606.12,0.59,True
1775055900,68596.68,68568.0,Down,False,68623.3,0.57,False,68617.97,0.6,True,False,68630.43,0.65,True,68551.51,0.6599999999999999,True,True,68596.14,0.48,True
1775056200,68565.63,68489.19,Down,True,68496.43,0.78,True,68500.0,0.78,False,True,68523.87,0.72,True,68493.3,0.83,False,True,68500.05,0.87,False
1775056500,68489.19,68572.69,Up,False,68479.91,0.54,False,68450.01,0.6699999999999999,True,False,68431.55,0.78,False,68468.01,0.6,True,True,68493.23,0.51,True
1775056800,68572.69,68793.85,Up,True,68598.92,0.6,True,68616.78,0.67,True,True,68582.4,0.51,False,68565.54,0.55,True,True,68656.8,0.91,False
1775057100,68800.0,68746.25,Down,False,68845.71,0.61,True,68789.52,0.5700000000000001,True,True,68753.36,0.72,True,68731.93,0.8,False,True,68710.47,0.91,False
1775057400,68746.24,68750.45,Up,False,68676.68,0.73,False,68676.01,0.75,False,True,68755.12,0.54,True,68830.54,0.82,False,True,68780.38,0.67,True
1775057700,68750.45,68732.36,Down,False,68813.62,0.71,False,68827.51,0.76,False,False,68850.75,0.84,False,68847.74,0.87,False,False,68813.3,0.82,True
1775058000,68732.35,68756.28,Up,True,68738.0,0.51,False,68699.99,0.6599999999999999,True,False,68730.8,0.51,False,68729.69,0.48,True,False,68723.02,0.5800000000000001,True
1775058300,68756.28,68786.12,Up,True,68826.08,0.78,True,68818.03,0.71,False,True,68808.51,0.7,True,68823.17,0.77,False,True,68817.03,0.82,True
1775058600,68786.13,68891.54,Up,False,68773.93,0.5800000000000001,False,68785.81,0.52,True,True,68813.31,0.62,True,68836.33,0.73,True,True,68824.4,0.68,True
1775058900,68891.54,68918.53,Up,True,68902.81,0.46,False,68879.46,0.61,True,True,68902.8,0.5,True,68893.57,0.48,True,True,68919.92,0.67,True
1775059200,68918.52,68768.75,Down,True,68879.04,0.7,True,68895.47,0.6,True,True,68855.95,0.78,True,68889.81,0.6799999999999999,True,True,68863.16,0.84,False
1775059500,68768.75,68793.84,Up,True,68772.0,0.48,True,68784.47,0.56,True,True,68784.55,0.56,True,68778.46,0.5,True,False,68721.35,0.79,True
1775059800,68793.85,68671.86,Down,False,68809.0,0.57,False,68807.13,0.57,True,True,68740.14,0.75,True,68736.84,0.78,False,True,68654.01,0.97,False
1775060100,68671.85,68741.36,Up,False,68639.49,0.64,True,68674.95,0.52,True,False,68642.02,0.6699999999999999,False,68610.01,0.75,True,False,68650.52,0.5800000000000001,True
1775060400,68747.85,68793.84,Up,True,68755.13,0.5,False,68719.34,0.61,True,False,68730.28,0.5800000000000001,True,68758.71,0.59,True,False,68747.66,0.45999999999999996,True
1775060700,68793.85,68872.09,Up,False,68763.56,0.6,False,68783.93,0.5,True,True,68845.6,0.78,True,68848.76,0.78,False,True,68878.4,0.9,False
1775061000,68872.09,68741.99,Down,False,68904.15,0.63,True,68858.0,0.5800000000000001,True,False,68917.82,0.76,False,68880.11,0.5,True,True,68814.97,0.81,True
1775061300,68742.49,68902.12,Up,False,68742.07,0.51,True,68802.32,0.73,False,True,68880.11,0.91,True,68893.97,0.94,False,True,68920.01,0.98,False
1775061600,68900.0,68937.66,Up,False,68875.51,0.62,False,68898.05,0.51,True,True,68924.79,0.6,False,68880.11,0.62,True,False,68894.22,0.55,True
1775061900,68937.65,68868.0,Down,True,68931.0,0.6,True,68906.63,0.7,True,True,68871.02,0.81,True,68868.23,0.84,False,True,68870.0,0.88,False
1775062200,68867.99,68856.37,Down,False,68880.11,0.54,True,68866.55,0.51,True,True,68865.34,0.53,True,68852.97,0.56,True,True,68831.67,0.77,True
1775062500,68856.36,68816.34,Down,False,68873.99,0.56,True,68839.03,0.62,True,True,68843.49,0.5700000000000001,True,68836.9,0.64,True,True,68837.94,0.6699999999999999,True
1775062800,68816.35,69077.52,Up,True,68844.92,0.67,True,68845.8,0.67,True,True,68828.1,0.6,True,68849.23,0.73,True,True,68973.0,0.98,False
1775063100,69077.17,68895.66,Down,True,69045.01,0.62,True,69013.05,0.73,False,True,68977.62,0.83,True,68981.39,0.84,False,True,68939.11,0.96,False
1775063400,68894.96,68747.3,Down,True,68865.65,0.63,True,68858.33,0.6599999999999999,True,True,68816.66,0.8200000000000001,True,68800.01,0.88,False,True,68769.63,0.97,False
1775063700,68747.31,68749.6,Up,False,68742.09,0.5,True,68754.13,0.57,True,False,68738.6,0.5,True,68757.7,0.56,True,True,68778.5,0.73,True
1775064000,68749.59,68573.57,Down,True,68696.67,0.71,True,68648.95,0.86,False,True,68601.86,0.94,True,68645.18,0.91,False,True,68594.61,0.99,False
1775064300,68573.58,68510.55,Down,True,68564.01,0.5,True,68551.5,0.5800000000000001,True,True,68508.23,0.78,True,68502.94,0.81,False,True,68553.15,0.5900000000000001,True
1775064600,68527.97,68408.76,Down,False,68532.92,0.58,True,68486.0,0.62,True,True,68527.77,0.43000000000000005,False,68536.74,0.63,True,True,68521.43,0.49,True
1775064900,68408.76,68447.25,Up,False,68311.46,0.79,False,68332.69,0.76,False,False,68361.85,0.71,False,68390.32,0.64,True,True,68419.99,0.59,True
1775065200,68447.24,68426.03,Down,False,68476.0,0.67,True,68438.49,0.49,True,False,68456.88,0.59,True,68442.71,0.51,True,False,68452.84,0.55,True
1775065500,68426.04,68310.46,Down,True,68422.19,0.52,True,68407.7,0.5700000000000001,True,True,68409.94,0.5900000000000001,True,68363.26,0.8200000000000001,False,True,68364.35,0.8200000000000001,True
1775065800,68310.46,68328.13,Up,False,68267.95,0.65,False,68262.61,0.69,True,False,68302.59,0.48,False,68274.24,0.64,True,True,68324.0,0.61,True
1775066100,68328.12,68266.62,Down,False,68333.23,0.55,False,68345.57,0.65,True,False,68348.5,0.64,False,68330.12,0.53,True,True,68282.02,0.79,True
1775066400,68266.62,68047.98,Down,True,68220.9,0.61,True,68216.16,0.6699999999999999,True,True,68184.99,0.81,True,68149.26,0.88,False,True,68057.65,1.0,False
1775066700,68044.76,68044.73,Down,False,68049.12,0.59,False,68055.32,0.61,True,True,68034.36,0.51,False,68045.05,0.51,True,True,68021.0,0.49,True
1775067000,68043.8,68086.02,Up,True,68082.27,0.69,True,68058.01,0.66,True,True,68092.39,0.76,True,68128.89,0.9,False,True,68166.41,0.96,False
1775067300,68086.02,68059.24,Down,True,68070.68,0.51,False,68093.81,0.58,True,True,68067.13,0.5900000000000001,True,68082.04,0.47,True,True,68057.87,0.65,True
1775067600,68059.25,68031.21,Down,False,68107.74,0.78,False,68074.87,0.54,True,False,68084.72,0.62,True,68057.32,0.53,True,False,68064.29,0.52,True
1775067900,68037.47,68089.58,Up,True,68056.5,0.61,True,68106.63,0.8,False,True,68104.93,0.79,True,68135.87,0.89,False,True,68125.43,0.94,False
1775068200,68089.59,68175.85,Up,False,68069.74,0.56,True,68116.0,0.63,True,True,68137.68,0.76,True,68121.0,0.64,True,True,68129.82,0.78,True
1775068500,68175.85,68194.91,Up,False,68153.9,0.55,False,68124.31,0.69,True,False,68103.05,0.78,False,68124.54,0.75,True,False,68100.76,0.89,False
1775068800,68190.0,68221.98,Up,True,68198.96,0.55,True,68260.63,0.81,False,True,68318.01,0.93,True,68277.6,0.88,False,True,68259.0,0.9,False
1775069100,68221.98,68181.98,Down,True,68205.27,0.56,True,68204.39,0.5700000000000001,True,True,68130.83,0.84,True,68108.81,0.92,False,True,68138.46,0.91,False
1775069400,68181.98,68096.2,Down,True,68181.72,0.49,True,68136.53,0.7,True,True,68129.95,0.77,True,68152.53,0.62,True,True,68134.53,0.79,True
1775069700,68096.2,68084.76,Down,True,68052.99,0.71,True,68023.76,0.81,False,True,68047.07,0.71,True,68038.0,0.8,False,True,68034.78,0.85,False
1775070000,68084.76,68163.4,Up,True,68093.99,0.62,True,68108.67,0.66,True,True,68156.97,0.86,True,68156.02,0.87,False,True,68159.19,0.89,False
1775070300,68163.41,68166.7,Up,True,68168.79,0.54,True,68183.07,0.6,True,True,68194.2,0.72,True,68217.99,0.78,False,True,68225.54,0.87,False
1775070600,68166.7,68061.6,Down,True,68108.18,0.8,True,68141.33,0.5900000000000001,True,True,68147.52,0.6,True,68123.13,0.8,False,True,68119.59,0.69,True
1775070900,68061.6,68100.0,Up,False,68042.29,0.5800000000000001,True,68077.12,0.63,True,True,68083.54,0.65,True,68075.31,0.57,True,False,68040.01,0.71,True
1775071200,68100.0,68121.11,Up,True,68105.22,0.55,True,68105.25,0.55,True,True,68108.79,0.56,False,68079.86,0.5800000000000001,True,True,68105.71,0.57,True
1775071500,68121.11,68266.62,Up,True,68153.77,0.7,True,68190.01,0.81,False,True,68188.03,0.83,True,68178.63,0.81,False,True,68172.16,0.84,False
1775071800,68268.34,68116.06,Down,True,68245.49,0.5900000000000001,True,68255.9,0.5700000000000001,True,False,68270.04,0.57,True,68207.84,0.69,True,True,68177.43,0.83,False
1775072100,68116.07,68178.42,Up,False,68076.56,0.7,False,68088.85,0.64,True,True,68125.43,0.52,True,68129.76,0.57,True,True,68123.4,0.55,True
1775072400,68178.0,68156.98,Down,True,68170.77,0.55,True,68164.01,0.53,True,False,68196.73,0.64,False,68210.89,0.69,True,False,68201.27,0.72,True
1775072700,68156.98,68259.9,Up,True,68218.34,0.79,True,68217.47,0.76,False,True,68231.04,0.82,True,68219.29,0.82,False,True,68259.29,0.97,False
1775073000,68261.71,68182.34,Down,True,68190.51,0.79,True,68129.0,0.92,False,True,68112.76,0.94,True,68141.78,0.95,False,True,68129.05,0.98,False
1775073300,68182.34,68170.04,Down,False,68190.08,0.6,True,68151.58,0.64,True,True,68151.35,0.6599999999999999,True,68152.01,0.6699999999999999,True,True,68151.48,0.7,True
1775073600,68176.84,68060.07,Down,True,68159.04,0.5,True,68173.97,0.47,True,True,68173.39,0.47,True,68114.23,0.84,False,True,68107.37,0.85,False
1775073900,68060.07,68088.61,Up,True,68071.58,0.6,True,68095.63,0.71,False,True,68082.34,0.65,True,68090.65,0.67,True,True,68139.59,0.91,False
1775074200,68088.61,68086.02,Down,False,68097.19,0.6,False,68137.71,0.76,False,False,68145.12,0.75,False,68140.07,0.75,True,False,68110.01,0.58,True
1775074500,68086.01,68065.82,Down,True,68072.93,0.63,True,68085.31,0.51,True,False,68107.76,0.65,False,68094.39,0.57,True,True,68082.42,0.48,True
1775074800,68065.82,68117.01,Up,True,68076.21,0.56,False,68038.84,0.6799999999999999,True,False,68028.0,0.77,False,68029.28,0.73,True,True,68065.98,0.54,True
1775075100,68112.55,68051.14,Down,True,68106.19,0.56,False,68115.99,0.53,True,False,68115.18,0.5,False,68125.13,0.62,True,False,68127.1,0.6,True
1775075400,68051.14,68052.61,Up,True,68062.79,0.59,False,68039.84,0.5900000000000001,True,False,68046.12,0.53,False,67984.84,0.89,False,,nan,0.41,True
1775075700,68052.61,68141.78,Up,True,68052.67,0.56,True,68059.12,0.6,True,True,68063.83,0.63,True,68059.12,0.58,True,True,68099.99,0.9,False
1775076000,68141.78,68174.37,Up,False,68140.0,0.55,False,68136.88,0.6,True,False,68117.57,0.7,False,68121.54,0.61,True,False,68136.52,0.52,True
1775076300,68179.01,68183.32,Up,False,68170.98,0.52,False,68170.97,0.48,True,False,68164.83,0.54,False,68159.9,0.63,True,False,68162.77,0.64,True
1775076600,68183.32,68249.0,Up,True,68208.31,0.66,True,68203.56,0.54,True,True,68200.38,0.6,True,68200.39,0.61,True,True,68226.42,0.83,False
1775076900,68248.99,68191.09,Down,True,68240.66,0.51,True,68240.56,0.61,True,True,68228.08,0.69,True,68205.17,0.84,False,True,68198.37,0.9,False
1775077200,68191.09,68250.01,Up,True,68197.38,0.54,True,68197.64,0.52,True,False,68179.58,0.6699999999999999,False,68177.28,0.63,True,False,68189.03,0.49,True
1775077500,68250.0,68342.84,Up,True,68268.34,0.63,True,68278.87,0.69,True,True,68301.89,0.81,True,68281.32,0.72,True,True,68282.93,0.77,True
1775077800,68342.84,68289.65,Down,True,68328.03,0.61,True,68336.16,0.5900000000000001,True,False,68353.02,0.6,False,68349.17,0.51,True,True,68313.5,0.79,True
1775078100,68289.65,68349.69,Up,False,68286.24,0.55,False,68285.87,0.51,True,False,68282.0,0.56,False,68282.01,0.52,True,True,68328.69,0.86,False
1775078400,68349.68,68419.67,Up,False,68347.79,0.52,True,68353.99,0.55,True,True,68359.12,0.61,True,68378.12,0.76,True,True,68386.01,0.85,False
1775078700,68419.66,68437.36,Up,True,68420.88,0.46,True,68444.8,0.67,True,True,68509.91,0.91,True,68491.86,0.88,False,True,68458.87,0.81,True
1775079000,68437.37,68507.13,Up,True,68440.55,0.45,True,68446.8,0.51,True,False,68420.03,0.6599999999999999,False,68425.94,0.6,True,True,68442.39,0.52,True
1775079300,68507.13,68407.7,Down,True,68473.92,0.74,True,68466.01,0.76,False,True,68418.02,0.94,True,68409.31,0.95,False,True,68417.43,0.96,False
1775079600,68398.0,68343.29,Down,True,68354.01,0.78,True,68390.61,0.56,True,True,68343.8,0.86,True,68384.62,0.64,True,True,68331.61,0.94,False
1775079900,68343.3,68320.78,Down,True,68343.3,0.47,True,68342.51,0.49,True,True,68313.38,0.72,True,68338.7,0.54,True,True,68313.83,0.53,True
1775080200,68320.78,68324.67,Up,True,68346.35,0.65,True,68345.86,0.65,True,False,68292.6,0.76,False,68266.67,0.87,False,False,68277.4,0.85,False
1775080500,68324.67,68367.95,Up,True,68331.09,0.61,True,68336.95,0.63,True,True,68336.94,0.64,True,68354.95,0.75,True,True,68359.98,0.88,False
1775080800,68362.53,68278.11,Down,True,68312.93,0.77,True,68333.22,0.6699999999999999,True,True,68292.49,0.85,True,68338.95,0.6799999999999999,True,True,68271.67,0.95,False
1775081100,68276.27,68222.0,Down,True,68261.68,0.6,True,68211.74,0.8,False,True,68218.33,0.78,True,68237.27,0.76,True,True,68224.52,0.83,False
1775081400,68222.01,68216.39,Down,False,68222.91,0.53,True,68201.01,0.6,True,True,68199.99,0.63,True,68217.45,0.54,True,True,68195.15,0.6799999999999999,True
1775081700,68198.29,68080.94,Down,True,68187.2,0.65,True,68139.76,0.84,False,True,68140.06,0.84,True,68140.85,0.85,False,True,68156.98,0.87,False
1775082000,68080.94,68259.3,Up,True,68136.91,0.76,True,68167.22,0.83,False,True,68168.46,0.82,True,68147.87,0.77,False,True,68163.16,0.93,False
1775082300,68259.31,68185.28,Down,True,68256.47,0.49,True,68238.36,0.61,True,True,68252.32,0.55,True,68229.42,0.65,True,True,68213.61,0.81,True
1775082600,68185.29,68255.91,Up,True,68186.64,0.52,True,68190.0,0.51,True,True,68192.85,0.58,False,68146.0,0.77,False,True,68188.48,0.53,True
1775082900,68255.9,68207.51,Down,True,68200.0,0.78,True,68200.37,0.76,False,True,68148.0,0.91,True,68196.0,0.81,False,True,68173.13,0.91,False
1775083200,68207.51,68243.8,Up,False,68190.01,0.63,True,68210.58,0.5,True,True,68249.99,0.69,True,68276.27,0.84,False,True,68276.28,0.92,False
1775083500,68243.81,68168.0,Down,True,68236.8,0.56,True,68234.05,0.5700000000000001,True,False,68261.94,0.61,False,68244.4,0.5,True,False,68244.18,0.53,True
1775083800,68169.75,68131.53,Down,True,68130.77,0.69,True,68109.78,0.81,False,True,68081.64,0.9,True,68100.0,0.89,False,True,68137.08,0.78,True
1775084100,68131.52,68122.99,Down,False,68146.23,0.63,False,68151.39,0.67,True,False,68133.45,0.55,True,68108.0,0.6599999999999999,True,False,68141.1,0.68,True
1775084400,68122.99,68224.51,Up,True,68144.93,0.65,True,68143.42,0.63,True,True,68140.07,0.58,True,68169.58,0.83,False,True,68206.36,0.95,False
1775084700,68224.51,68235.0,Up,True,68232.21,0.58,True,68241.99,0.63,True,False,68198.41,0.73,False,68204.74,0.6,True,False,68180.37,0.85,False
1775085000,68235.0,68200.01,Down,True,68226.91,0.52,True,68184.26,0.78,False,True,68194.52,0.74,True,68191.08,0.79,False,True,68195.71,0.8,True
1775085300,68200.0,68116.99,Down,True,68173.66,0.65,True,68173.19,0.6799999999999999,True,True,68139.37,0.8,True,68166.3,0.71,True,True,68153.68,0.81,True
1775085600,68117.0,68091.06,Down,True,68105.14,0.5900000000000001,False,68121.42,0.48,True,False,68129.03,0.58,False,68140.23,0.69,True,False,68131.39,0.61,True
1775085900,68091.06,68119.45,Up,False,68082.49,0.48,True,68102.41,0.66,True,True,68119.62,0.76,True,68127.53,0.84,False,True,68121.07,0.84,False
1775086200,68119.46,68122.29,Up,False,68086.28,0.72,False,68085.58,0.76,False,False,68046.51,0.89,False,68027.99,0.92,False,False,68022.79,1.0,False
1775086500,68126.36,68141.8,Up,True,68130.99,0.58,True,68134.28,0.57,True,True,68149.99,0.74,True,68174.74,0.87,False,True,68159.95,0.81,True
1775086800,68141.8,68099.88,Down,True,68136.97,0.5,False,68158.9,0.62,True,False,68153.25,0.67,False,68159.52,0.68,True,True,68122.24,0.63,True
1775087100,68099.88,68162.98,Up,True,68116.07,0.49,True,68126.13,0.52,True,True,68135.0,0.6,False,68095.66,0.56,True,True,68128.87,0.81,True
1775087400,68162.98,68136.09,Down,False,68169.28,0.54,True,68131.53,0.72,False,True,68114.54,0.81,True,68113.99,0.83,False,True,68123.94,0.8200000000000001,True
1775087700,68136.1,68113.92,Down,True,68127.84,0.5800000000000001,True,68107.4,0.73,False,True,68091.99,0.81,True,68086.86,0.85,False,True,68068.42,0.95,False
1775088000,68113.92,68122.45,Up,False,68088.47,0.6599999999999999,False,68082.95,0.6799999999999999,True,False,68098.97,0.63,False,68105.82,0.6,True,False,68082.81,0.76,True
1775088300,68122.45,68151.24,Up,False,68098.43,0.62,True,68122.85,0.52,True,True,68164.87,0.73,True,68145.11,0.62,True,True,68139.73,0.68,True
1775088600,68151.24,68207.15,Up,True,68172.35,0.63,True,68188.44,0.72,False,True,68224.52,0.85,True,68174.16,0.66,True,True,68155.09,0.56,True
1775088900,68208.26,68203.48,Down,False,68215.77,0.51,True,68192.41,0.63,True,True,68186.7,0.6599999999999999,False,68213.32,0.57,True,True,68151.11,0.91,False
1775089200,68203.48,68244.01,Up,True,68230.49,0.63,True,68242.72,0.73,False,True,68224.52,0.62,True,68209.6,0.53,True,True,68249.09,0.87,False
1775089500,68244.01,68218.85,Down,True,68238.09,0.53,False,68261.68,0.65,True,False,68271.19,0.7,True,68228.01,0.5800000000000001,True,True,68237.89,0.49,True
1775089800,68218.86,68288.87,Up,False,68207.47,0.6,False,68208.39,0.55,True,True,68240.33,0.65,True,68228.93,0.63,True,True,68246.76,0.76,True
1775090100,68293.86,68375.0,Up,False,68288.46,0.56,False,68276.27,0.64,True,False,68260.78,0.75,False,68257.46,0.77,False,False,68282.81,0.62,True
1775090400,68375.0,68521.43,Up,False,68355.7,0.61,True,68441.14,0.79,False,True,68423.36,0.67,True,68454.01,0.85,False,True,68423.94,0.78,True
1775090700,68526.06,68478.8,Down,True,68492.33,0.6699999999999999,True,68459.85,0.77,False,True,68469.82,0.72,True,68484.78,0.73,True,True,68468.17,0.84,False
1775091000,68478.81,68617.96,Up,False,68478.09,0.5700000000000001,False,68472.44,0.56,True,False,68448.0,0.75,False,68457.24,0.6699999999999999,True,False,68471.95,0.5800000000000001,True
1775091300,68617.95,68600.29,Down,True,68598.39,0.63,True,68575.99,0.7,True,True,68589.19,0.6799999999999999,False,68621.32,0.53,True,False,68640.52,0.66,True
1775091600,68600.29,68123.89,Down,True,68524.01,0.84,True,68395.6,0.98,False,True,68361.74,0.98,True,68350.0,0.97,False,True,68385.72,0.998,False
1775091900,68104.62,68168.42,Up,False,67833.98,0.89,False,67771.43,0.95,False,False,67845.43,0.91,False,67820.43,0.96,False,False,68011.52,0.85,False
1775092200,68168.43,68138.04,Down,False,68295.95,0.75,False,68289.13,0.77,False,False,68336.0,0.84,False,68224.52,0.68,True,True,68098.5,0.74,True
1775092500,68138.05,67611.31,Down,True,68007.26,0.77,True,67898.27,0.89,False,True,67986.21,0.81,True,67948.5,0.88,False,True,67698.81,1.0,False
1775092800,67598.0,67525.74,Down,False,67623.43,0.59,False,67763.99,0.81,False,False,67782.13,0.83,False,67644.64,0.62,True,True,67384.38,0.9299999999999999,False
1775093100,67528.65,67614.01,Up,False,67449.32,0.61,False,67441.8,0.64,True,True,67529.62,0.43,False,67518.3,0.56,True,True,67558.75,0.61,True
1775093400,67586.77,67333.54,Down,True,67540.5,0.6,True,67447.96,0.78,False,True,67424.74,0.8200000000000001,True,67412.87,0.87,False,True,67269.43,0.95,False
1775093700,67333.54,67328.49,Down,False,67352.2,0.54,False,67367.54,0.58,True,False,67438.41,0.74,False,67337.5,0.51,True,False,67372.58,0.63,True
1775094000,67328.48,67182.41,Down,True,67249.47,0.6799999999999999,True,67176.5,0.83,False,True,67159.1,0.85,True,67171.29,0.86,False,True,67161.58,0.9299999999999999,False
1775094300,67174.37,67105.01,Down,False,67246.76,0.63,False,67227.43,0.64,True,False,67204.24,0.57,False,67222.33,0.63,True,False,67178.2,0.51,True
1775094600,67105.01,67262.88,Up,True,67121.94,0.55,True,67118.04,0.55,True,True,67236.03,0.84,True,67247.76,0.88,False,True,67277.88,0.95,False
1775094900,67262.87,67359.27,Up,False,67246.01,0.55,True,67331.2,0.73,False,True,67311.67,0.71,True,67353.84,0.84,False,True,67366.0,0.94,False
1775095200,67359.27,67159.93,Down,True,67308.92,0.6599999999999999,True,67304.92,0.6799999999999999,True,True,67312.71,0.6599999999999999,True,67277.05,0.78,False,True,67323.65,0.6699999999999999,True
1775095500,67143.22,67143.16,Down,False,67166.14,0.55,False,67163.65,0.5,True,False,67213.58,0.72,False,67271.2,0.89,False,False,67305.58,0.96,False
1775095800,67143.16,66870.45,Down,False,67168.34,0.58,False,67159.85,0.56,True,False,67161.69,0.56,False,67158.55,0.57,True,True,67061.57,0.87,False
1775096100,66860.88,66950.53,Up,True,66938.23,0.71,True,66939.57,0.71,False,True,66924.49,0.71,True,66924.7,0.72,True,True,66966.95,0.89,False
1775096400,66942.0,66926.57,Down,True,66868.28,0.71,True,66813.16,0.85,False,True,66803.12,0.88,True,66874.74,0.76,True,True,66906.37,0.73,True
1775096700,66926.57,66900.62,Down,True,66900.18,0.5700000000000001,True,66893.44,0.6699999999999999,True,True,66919.52,0.5700000000000001,True,66856.46,0.79,False,True,66910.15,0.61,True
1775097000,66900.63,66982.34,Up,True,66919.22,0.59,True,66948.38,0.67,True,True,66923.67,0.6,True,66956.3,0.72,True,True,67014.0,0.94,False
1775097300,66982.34,66907.27,Down,True,66924.87,0.7,True,66891.48,0.81,False,True,66838.43,0.91,True,66847.99,0.92,False,True,66836.43,0.97,False
1775097600,66907.27,66702.86,Down,True,66887.23,0.5700000000000001,False,66910.0,0.55,True,False,66989.86,0.8,False,66961.85,0.69,True,False,66947.83,0.7,True
1775097900,66705.79,66799.36,Up,True,66740.54,0.62,True,66789.73,0.73,False,True,66818.98,0.85,True,66817.94,0.86,False,True,66832.21,0.94,False
1775098200,66804.18,66863.01,Up,True,66838.23,0.61,True,66829.41,0.59,True,True,66837.93,0.63,True,66828.02,0.59,True,True,66858.75,0.8,True
1775098500,66863.0,66852.99,Down,False,66870.61,0.54,True,66859.15,0.52,True,False,66863.01,0.48,False,66895.14,0.65,True,False,66920.0,0.83,False
1775098800,66852.99,66853.91,Up,True,66864.19,0.61,True,66873.27,0.62,True,False,66818.31,0.6799999999999999,False,66825.18,0.65,True,False,66827.89,0.61,True
1775099100,66853.91,66943.8,Up,False,66845.37,0.5,True,66903.32,0.76,False,True,66956.86,0.88,True,66960.86,0.92,False,True,66935.52,0.9,False
1775099400,66943.8,66759.98,Down,True,66850.01,0.85,True,66780.47,0.94,False,True,66850.0,0.84,True,66805.28,0.94,False,True,66820.0,0.97,False
1775099700,66759.97,66724.0,Down,True,66718.2,0.6599999999999999,False,66769.6,0.55,True,True,66756.52,0.54,False,66771.99,0.56,True,False,66782.97,0.55,True
1775100000,66724.01,66883.99,Up,False,66709.76,0.65,True,66755.83,0.59,True,True,66775.31,0.63,True,66806.0,0.78,False,True,66850.69,0.94,False
1775100300,66884.0,66860.64,Down,True,66879.84,0.51,True,66880.01,0.5,True,True,66881.29,0.52,True,66881.27,0.5,True,True,66842.89,0.8,True
1775100600,66860.64,66809.81,Down,False,66865.46,0.54,False,66869.32,0.54,True,False,66881.98,0.63,True,66820.54,0.74,True,True,66816.11,0.84,False
1775100900,66809.82,66734.66,Down,False,66854.23,0.72,False,66854.23,0.71,False,False,66854.22,0.75,False,66848.69,0.74,True,True,66795.66,0.6799999999999999,True
1775101200,66734.67,66600.0,Down,True,66715.54,0.5800000000000001,False,66735.69,0.55,True,True,66724.0,0.5700000000000001,True,66724.0,0.55,True,True,66501.24,1.0,False
1775101500,66606.88,66547.32,Down,True,66596.27,0.5,True,66583.65,0.5800000000000001,True,True,66561.74,0.6799999999999999,True,66545.49,0.78,False,True,66525.69,0.89,False
1775101800,66547.32,66596.68,Up,True,66556.22,0.58,True,66574.15,0.65,True,True,66600.06,0.76,True,66600.01,0.78,False,True,66637.29,0.95,False
1775102100,66596.68,66583.3,Down,True,66513.83,0.81,True,66545.88,0.74,False,True,66594.83,0.52,True,66592.61,0.51,True,True,66593.16,0.52,True
1775102400,66576.25,66566.0,Down,True,66568.28,0.5700000000000001,False,66607.09,0.64,True,False,66605.21,0.62,False,66601.1,0.62,True,False,66629.5,0.71,True
1775102700,66566.0,66634.88,Up,True,66570.35,0.52,True,66586.47,0.59,True,True,66600.59,0.66,True,66590.49,0.62,True,True,66600.97,0.74,True
1775103000,66605.72,66533.43,Down,False,66605.73,0.39,True,66605.72,0.61,True,False,66625.81,0.48,False,66622.3,0.45,True,True,66550.0,0.86,False
1775103300,66533.43,66551.04,Up,True,66580.07,0.73,True,66600.34,0.75,False,True,66584.82,0.72,True,66556.59,0.6,True,True,66549.41,0.61,True
1775103600,66549.58,66416.1,Down,True,66497.26,0.74,True,66494.58,0.7,True,True,66496.27,0.73,True,66490.12,0.77,False,True,66404.49,0.99,False
1775103900,66416.09,66427.07,Up,True,66416.64,0.53,False,66405.16,0.5700000000000001,True,False,66386.51,0.6799999999999999,True,66433.31,0.62,True,False,66379.07,0.71,True
1775104200,66400.81,66410.73,Up,True,66414.0,0.5,True,66417.96,0.46,True,True,66434.16,0.53,True,66423.92,0.49,True,True,66430.01,0.54,True
1775104500,66410.72,66292.25,Down,False,66420.49,0.53,False,66418.72,0.56,True,True,66398.35,0.5900000000000001,True,66358.93,0.75,True,True,66338.99,0.83,False
1775104800,66292.25,66301.5,Up,True,66308.47,0.58,False,66276.98,0.55,True,False,66269.63,0.63,False,66254.01,0.72,True,False,66240.0,0.75,True
1775105100,66287.03,66341.08,Up,True,66354.63,0.77,True,66362.09,0.79,False,True,66379.92,0.86,True,66364.81,0.83,False,True,66350.01,0.79,True
1775105400,66341.08,66306.22,Down,True,66334.35,0.51,False,66343.28,0.52,True,False,66349.73,0.53,True,66318.33,0.63,True,False,66347.3,0.55,True
1775105700,66306.22,66330.27,Up,False,66284.21,0.62,False,66291.04,0.6,True,True,66321.17,0.59,False,66282.44,0.6699999999999999,True,True,66326.27,0.53,True
1775106000,66330.27,66432.31,Up,True,66349.62,0.56,True,66359.99,0.6,True,True,66372.56,0.66,True,66411.94,0.82,False,True,66464.81,0.98,False
1775106300,66439.12,66349.99,Down,True,66413.49,0.55,True,66411.29,0.63,True,False,66445.09,0.6,False,66452.49,0.64,True,True,66418.18,0.63,True
1775106600,66350.0,66384.29,Up,False,66345.96,0.51,False,66324.5,0.5800000000000001,True,False,66338.15,0.52,False,66331.86,0.5900000000000001,True,True,66427.3,0.93,False
1775106900,66384.3,66400.01,Up,True,66408.0,0.78,True,66458.66,0.89,False,True,66443.42,0.88,True,66410.81,0.67,True,True,66407.39,0.76,True
1775107200,66400.0,66479.55,Up,False,66361.01,0.6699999999999999,False,66364.08,0.7,True,False,66356.01,0.76,False,66387.54,0.61,True,True,66450.29,0.78,True
1775107500,66479.55,66474.72,Down,True,66442.65,0.69,True,66454.73,0.65,True,True,66436.59,0.78,True,66455.62,0.6699999999999999,True,True,66444.54,0.81,True
1775107800,66467.25,66486.0,Up,True,66490.91,0.53,False,66466.16,0.6,True,False,66447.43,0.74,False,66435.45,0.8200000000000001,False,True,66473.48,0.46,True
1775108100,66471.99,66479.81,Up,False,66420.86,0.74,False,66430.03,0.71,False,False,66426.37,0.75,False,66421.59,0.85,False,False,66409.32,0.85,False
1775108400,66479.8,66580.16,Up,False,66460.07,0.61,True,66494.0,0.63,True,True,66557.12,0.87,True,66550.01,0.86,False,True,66607.94,0.97,False
1775108700,66580.15,66491.09,Down,True,66572.44,0.5700000000000001,True,66568.88,0.53,True,True,66567.23,0.48,True,66546.79,0.5800000000000001,True,True,66494.97,0.9,False
1775109000,66491.09,66527.99,Up,False,66471.59,0.63,True,66498.18,0.56,True,True,66498.18,0.57,True,66501.26,0.53,True,True,66506.6,0.65,True
1775109300,66531.42,66591.53,Up,True,66547.97,0.61,True,66564.12,0.73,False,True,66625.84,0.91,True,66624.97,0.91,False,True,66604.87,0.94,False
1775109600,66612.72,66594.59,Down,True,66601.29,0.49,True,66594.24,0.54,True,True,66609.99,0.44999999999999996,False,66617.29,0.65,True,True,66589.58,0.6,True
1775109900,66596.42,66566.8,Down,True,66584.42,0.62,True,66583.37,0.6,True,True,66583.35,0.63,True,66580.0,0.65,True,False,66597.02,0.45,True
1775110200,66566.8,66577.23,Up,True,66571.27,0.46,True,66572.13,0.5,True,True,66572.15,0.46,True,66574.81,0.51,True,True,66574.82,0.53,True
1775110500,66577.24,66800.01,Up,True,66615.89,0.73,True,66679.14,0.92,False,True,66664.97,0.88,True,66695.91,0.93,False,True,66700.4,0.98,False
1775110800,66800.01,66728.45,Down,False,66803.13,0.48,True,66740.39,0.85,False,True,66729.14,0.89,True,66707.87,0.96,False,True,66697.28,0.98,False
1775111100,66728.44,66642.24,Down,True,66693.33,0.7,True,66695.49,0.69,True,True,66707.3,0.6599999999999999,True,66727.31,0.51,True,True,66686.46,0.88,False
1775111400,66642.23,66654.09,Up,False,66591.58,0.76,False,66607.03,0.71,False,True,66651.56,0.52,True,66662.9,0.6,True,True,66665.71,0.7,True
1775111700,66658.84,66568.64,Down,True,66637.29,0.5900000000000001,True,66601.69,0.8,False,True,66604.8,0.8200000000000001,True,66611.99,0.77,False,True,66548.46,0.97,False
1775112000,66577.02,66549.9,Down,True,66573.35,0.47,True,66571.25,0.53,True,False,66611.99,0.74,True,66576.7,0.5,True,True,66576.71,0.47,True
1775112300,66561.15,66606.1,Up,False,66561.08,0.44999999999999996,True,66571.0,0.67,True,True,66586.77,0.78,True,66627.9,0.93,False,True,66628.01,0.95,False
1775112600,66606.09,66617.41,Up,True,66629.53,0.62,True,66612.2,0.51,True,True,66629.23,0.64,True,66610.81,0.55,True,True,66610.69,0.54,True
1775112900,66601.77,66681.49,Up,True,66620.35,0.48,True,66613.17,0.43,True,True,66632.27,0.59,True,66636.75,0.66,True,True,66665.13,0.88,False
1775113200,66681.48,66699.04,Up,False,66671.88,0.5800000000000001,False,66656.0,0.7,True,False,66649.74,0.74,False,66666.47,0.6,True,False,66645.04,0.8,True
1775113500,66699.05,66651.3,Down,False,66700.2,0.54,True,66684.73,0.56,True,False,66706.71,0.53,True,66674.38,0.77,False,True,66682.96,0.73,True
1775113800,66651.3,66580.01,Down,True,66616.21,0.78,True,66607.86,0.76,False,True,66574.13,0.9,True,66565.11,0.9299999999999999,False,True,66569.59,0.97,False
1775114100,66580.01,66692.98,Up,True,66603.43,0.65,True,66645.16,0.85,False,True,66694.72,0.92,True,66689.94,0.93,False,True,66709.9,0.99,False
1775114400,66692.97,66692.26,Down,True,66688.11,0.5900000000000001,False,66696.75,0.49,True,True,66689.89,0.61,True,66667.78,0.74,True,True,66640.34,0.92,False
1775114700,66692.26,66679.8,Down,True,66675.05,0.65,True,66683.26,0.63,True,True,66672.84,0.72,True,66648.55,0.85,False,True,66671.76,0.73,True
1775115000,66679.81,66768.1,Up,True,66699.22,0.64,True,66711.48,0.75,False,True,66771.36,0.92,True,66720.99,0.77,False,True,66778.71,0.97,False
1775115300,66768.1,66814.61,Up,True,66783.92,0.58,True,66779.34,0.52,True,True,66800.14,0.74,True,66826.76,0.85,False,True,66813.13,0.85,False
1775115600,66814.62,66862.84,Up,False,66810.19,0.6,True,66833.36,0.59,True,True,66843.08,0.66,True,66847.91,0.73,True,True,66837.18,0.69,True
1775115900,66862.85,66924.87,Up,True,66880.02,0.57,True,66883.29,0.61,True,True,66884.21,0.66,True,66873.64,0.55,True,True,66896.08,0.83,False
1775116200,66924.88,66914.65,Down,True,66901.77,0.6699999999999999,True,66880.73,0.86,False,True,66866.02,0.89,True,66883.24,0.84,False,True,66922.96,0.52,True
1775116500,66914.65,66930.79,Up,True,66925.0,0.59,False,66900.01,0.62,True,False,66907.3,0.53,True,66922.32,0.62,True,True,66932.18,0.74,True
1775116800,66930.79,66818.7,Down,True,66908.28,0.72,True,66892.01,0.8200000000000001,False,True,66827.96,0.95,True,66856.45,0.9299999999999999,False,True,66810.18,0.98,False
1775117100,66818.69,66774.22,Down,True,66788.34,0.7,True,66778.6,0.76,False,True,66781.99,0.74,True,66775.31,0.85,False,True,66793.12,0.81,True
1775117400,66774.21,66784.05,Up,False,66770.05,0.51,False,66765.01,0.5900000000000001,True,False,66763.17,0.55,False,66752.12,0.69,True,False,66754.02,0.6599999999999999,True
1775117700,66784.04,66684.76,Down,True,66777.36,0.52,True,66759.92,0.6799999999999999,True,True,66768.03,0.6599999999999999,True,66723.66,0.87,False,True,66723.9,0.9299999999999999,False
1775118000,66698.39,66649.54,Down,True,66692.88,0.49,True,66695.8,0.43000000000000005,True,True,66691.48,0.49,True,66655.35,0.78,False,True,66642.23,0.88,False
1775118300,66643.76,66683.5,Up,False,66642.51,0.53,False,66639.8,0.56,True,True,66646.86,0.51,True,66645.18,0.5,True,True,66645.18,0.47,True
1775118600,66683.5,66697.59,Up,True,66685.57,0.54,True,66706.85,0.71,False,True,66737.28,0.87,True,66709.94,0.74,True,True,66702.63,0.75,True
1775118900,66697.59,66561.56,Down,True,66682.16,0.64,True,66672.94,0.65,True,True,66648.98,0.85,True,66600.66,0.92,False,True,66560.44,1.0,False
1775119200,66561.56,66511.17,Down,True,66551.48,0.6,True,66554.9,0.55,True,False,66566.15,0.47,True,66553.4,0.5800000000000001,True,True,66535.62,0.73,True
1775119500,66511.17,66504.39,Down,False,66549.38,0.74,False,66549.49,0.76,False,False,66550.0,0.78,False,66560.18,0.83,False,False,66519.49,0.58,True
1775119800,66520.88,66488.0,Down,True,66495.84,0.54,True,66520.46,0.27,True,True,66515.37,0.35,False,66521.8,0.72,True,True,66505.67,0.51,True
1775120100,66482.73,66437.54,Down,False,66483.93,0.58,False,66490.79,0.61,True,True,66472.01,0.55,True,66475.9,0.53,True,True,66461.18,0.69,True
1775120400,66439.12,66430.2,Down,False,66463.15,0.74,False,66476.04,0.75,False,False,66465.43,0.74,True,66426.01,0.63,True,True,66382.76,0.88,False
1775120700,66430.2,66297.15,Down,True,66404.52,0.53,True,66374.01,0.78,False,True,66360.5,0.84,True,66379.3,0.72,True,True,66395.16,0.74,True
1775121000,66308.14,66427.83,Up,True,66374.97,0.84,True,66380.39,0.83,False,True,66380.85,0.86,True,66345.39,0.74,True,True,66314.97,0.59,True
1775121300,66427.83,66365.66,Down,True,66423.19,0.5,False,66448.98,0.63,True,True,66423.91,0.51,True,66411.5,0.62,True,False,66430.34,0.54,True
1775121600,66365.66,66394.94,Up,True,66376.29,0.6,True,66404.42,0.7,True,True,66423.91,0.8,True,66430.34,0.88,False,True,66426.69,0.9,False
1775121900,66394.94,66478.73,Up,True,66425.69,0.74,True,66449.86,0.87,False,True,66493.17,0.95,True,66489.57,0.95,False,True,66502.31,0.98,False
1775122200,66478.73,66449.86,Down,True,66476.55,0.5,True,66476.45,0.49,True,False,66481.36,0.57,True,66450.19,0.74,True,True,66429.05,0.9,False
1775122500,66451.51,66458.92,Up,True,66467.35,0.69,True,66457.69,0.57,True,True,66464.78,0.59,True,66453.09,0.55,True,False,66436.25,0.65,True
1775122800,66458.91,66440.97,Down,False,66472.05,0.58,False,66502.71,0.83,False,False,66460.77,0.49,True,66447.92,0.6,True,True,66447.93,0.5900000000000001,True
1775123100,66440.97,66401.82,Down,True,66434.49,0.56,True,66382.41,0.83,False,True,66399.88,0.78,True,66399.88,0.8,False,True,66374.61,0.95,False
1775123400,66401.82,66420.74,Up,False,66397.62,0.5800000000000001,True,66405.99,0.56,True,True,66402.45,0.48,False,66399.39,0.55,True,False,66392.01,0.63,True
1775123700,66420.74,66469.61,Up,True,66434.69,0.66,True,66448.79,0.78,False,True,66472.34,0.87,True,66456.08,0.79,False,True,66444.48,0.76,True
1775124000,66469.6,66437.6,Down,True,66444.33,0.69,True,66446.45,0.6599999999999999,True,True,66464.79,0.5,True,66444.32,0.74,True,True,66439.65,0.83,False
1775124300,66434.87,66376.01,Down,True,66421.66,0.5800000000000001,False,66447.33,0.58,True,False,66453.98,0.63,True,66406.34,0.7,True,True,66406.37,0.76,True
1775124600,66376.01,66262.52,Down,True,66375.93,0.51,True,66269.25,0.89,False,True,66291.21,0.85,True,66237.53,0.97,False,True,66281.38,0.96,False
1775124900,66262.53,66317.69,Up,True,66280.29,0.6,False,66255.19,0.48,True,False,66239.36,0.5900000000000001,True,66267.54,0.58,True,True,66274.92,0.62,True
1775125200,66323.6,66347.43,Up,True,66340.19,0.58,True,66338.31,0.6,True,False,66321.93,0.51,True,66346.82,0.7,True,True,66336.54,0.66,True
1775125500,66347.44,66378.58,Up,True,66355.0,0.6,True,66369.59,0.64,True,True,66373.19,0.71,True,66383.43,0.84,False,True,66387.99,0.88,False
1775125800,66378.59,66439.44,Up,True,66379.52,0.52,True,66394.42,0.61,True,True,66405.08,0.71,True,66417.56,0.79,False,True,66434.25,0.95,False
1775126100,66439.45,66382.13,Down,False,66449.2,0.52,False,66472.18,0.69,True,False,66488.01,0.83,False,66454.85,0.61,True,False,66454.71,0.66,True
1775126400,66384.16,66484.8,Up,True,66409.48,0.7,True,66419.36,0.77,False,True,66453.71,0.89,True,66421.55,0.79,False,True,66500.0,0.98,False
1775126700,66484.8,66461.52,Down,True,66466.6,0.61,True,66469.06,0.5900000000000001,True,True,66449.88,0.76,True,66432.0,0.89,False,True,66465.99,0.6699999999999999,True
1775127000,66483.95,66459.85,Down,True,66460.89,0.54,True,66472.53,0.4,True,True,66476.26,0.43000000000000005,True,66476.24,0.37,True,False,66501.45,0.87,False
1775127300,66459.86,66457.28,Down,False,66476.88,0.57,False,66477.27,0.57,True,False,66464.99,0.48,True,66446.09,0.72,True,False,66478.05,0.67,True
1775127600,66457.28,66459.42,Up,True,66478.47,0.65,True,66470.28,0.56,True,True,66481.24,0.61,False,66449.98,0.62,True,False,66456.18,0.5700000000000001,True
1775127900,66459.42,66333.36,Down,True,66428.37,0.71,True,66417.61,0.74,False,True,66419.55,0.77,True,66391.17,0.89,False,True,66362.36,0.98,False
1775128200,66333.36,66280.23,Down,False,66338.11,0.51,False,66348.82,0.6,True,True,66318.01,0.6799999999999999,True,66302.36,0.8,False,True,66276.98,0.89,False
1775128500,66300.01,66459.69,Up,False,66177.81,0.56,True,66396.19,0.88,False,True,66356.0,0.84,True,66414.43,0.93,False,True,66444.47,0.98,False
1775128800,66459.69,66458.01,Down,True,66405.03,0.76,True,66429.81,0.69,True,True,66437.11,0.62,True,66433.95,0.69,True,True,66426.54,0.79,True
1775129100,66458.01,66456.4,Down,True,66441.1,0.64,True,66429.74,0.69,True,True,66435.77,0.65,True,66441.97,0.62,True,True,66456.51,0.53,True
1775129400,66456.39,66381.65,Down,False,66461.34,0.57,False,66477.68,0.62,True,False,66466.5,0.58,True,66455.32,0.45999999999999996,True,True,66451.21,0.5700000000000001,True
1775129700,66381.65,66358.68,Down,False,66410.54,0.69,False,66405.42,0.62,True,False,66416.22,0.73,False,66400.82,0.68,True,True,66357.25,0.8200000000000001,True
1775130000,66354.01,66340.0,Down,True,66334.54,0.6799999999999999,True,66341.25,0.65,True,True,66344.11,0.65,True,66347.4,0.63,True,True,66341.54,0.7,True
1775130300,66340.0,66330.09,Down,False,66343.3,0.53,True,66337.54,0.52,True,False,66348.03,0.61,False,66350.12,0.57,True,False,66342.22,0.54,True
1775130600,66330.09,66234.36,Down,False,66377.28,0.82,False,66361.01,0.72,False,False,66365.1,0.77,False,66342.17,0.59,True,True,66294.38,0.81,True
1775130900,66237.44,66220.27,Down,True,66226.0,0.5800000000000001,True,66214.41,0.56,True,True,66220.22,0.56,True,66206.01,0.71,True,True,66200.65,0.76,True
1775131200,66220.28,66188.44,Down,True,66194.33,0.64,False,66221.76,0.54,True,False,66226.13,0.55,True,66130.0,0.89,False,True,66175.8,0.76,True
1775131500,66188.45,66146.81,Down,False,66198.88,0.59,False,66207.62,0.64,True,False,66211.0,0.69,False,66212.96,0.72,True,False,66200.01,0.63,True
1775131800,66150.64,66182.05,Up,False,66130.91,0.5,False,66121.09,0.5700000000000001,True,False,66105.79,0.62,False,66116.01,0.65,True,True,66218.7,0.81,True
1775132100,66182.05,66060.19,Down,True,66160.07,0.61,True,66131.07,0.75,False,True,66126.94,0.81,True,66109.08,0.86,False,True,66071.57,0.97,False
1775132400,66060.01,66121.27,Up,False,66025.16,0.64,False,66015.91,0.69,True,False,65996.66,0.8200000000000001,False,65998.3,0.8200000000000001,False,False,65993.94,0.87,False
1775132700,66134.16,66149.39,Up,False,66129.93,0.51,False,66068.0,0.79,False,False,66084.01,0.72,False,66082.01,0.71,True,False,66127.16,0.55,True
1775133000,66149.4,66120.01,Down,True,66123.82,0.5900000000000001,True,66142.61,0.52,True,True,66144.65,0.52,True,66137.89,0.6,True,False,66153.42,0.46,True
1775133300,66120.01,66176.59,Up,False,66113.93,0.54,True,66180.07,0.77,False,True,66164.56,0.7,True,66156.0,0.69,True,True,66130.01,0.55,True
1775133600,66179.04,66224.35,Up,True,66195.26,0.59,True,66207.55,0.66,True,True,66209.43,0.71,True,66207.55,0.7,True,True,66181.33,0.55,True
1775133900,66224.34,66162.76,Down,True,66202.64,0.6599999999999999,False,66229.5,0.51,True,False,66229.58,0.57,True,66201.94,0.7,True,True,66173.67,0.88,False
1775134200,66162.76,66113.7,Down,False,66182.73,0.63,False,66178.04,0.56,True,False,66165.01,0.47,True,66144.44,0.6599999999999999,True,True,66144.44,0.7,True
1775134500,66113.69,66052.71,Down,True,66113.69,0.49,True,66091.37,0.6799999999999999,True,True,66104.5,0.6,False,66119.66,0.57,True,True,66083.43,0.76,True
1775134800,66052.71,65995.26,Down,False,66082.34,0.71,False,66080.44,0.68,True,False,66104.21,0.79,False,66119.66,0.85,False,True,65984.65,0.87,False
1775135100,65995.26,66048.0,Up,True,66013.68,0.59,True,66070.15,0.79,False,True,66150.14,0.94,True,66127.56,0.94,False,True,66088.7,0.94,False
1775135400,66047.99,66008.52,Down,True,66031.12,0.5700000000000001,True,66037.17,0.53,True,True,66022.0,0.6599999999999999,True,66008.01,0.73,True,True,66005.27,0.81,True
1775135700,66008.51,65924.4,Down,True,65967.28,0.7,True,65998.36,0.55,True,False,66012.43,0.56,True,65988.31,0.6,True,True,65969.99,0.78,True
1775136000,65924.4,66033.19,Up,True,65930.85,0.55,True,65947.95,0.65,True,True,65955.25,0.67,True,65987.3,0.83,False,True,65980.89,0.83,False
1775136300,66033.2,66153.24,Up,True,66082.9,0.74,True,66072.34,0.68,True,True,66073.65,0.73,True,66070.12,0.71,True,True,66099.99,0.91,False
1775136600,66153.24,65923.24,Down,False,66166.61,0.55,False,66161.14,0.54,True,True,66090.03,0.74,True,66114.19,0.62,True,True,65984.58,0.97,False
1775136900,65918.78,65791.76,Down,True,65834.09,0.7,True,65788.92,0.8200000000000001,False,True,65782.06,0.84,True,65828.24,0.78,False,True,65863.69,0.75,True
1775137200,65794.18,65876.26,Up,True,65839.0,0.64,True,65828.0,0.6,True,True,65808.49,0.54,True,65863.12,0.73,True,True,65813.57,0.6,True
1775137500,65853.63,66036.95,Up,True,65910.98,0.63,True,65912.57,0.66,True,True,65920.42,0.68,True,65951.17,0.79,False,True,66000.01,0.97,False
1775137800,66030.35,66138.08,Up,True,66055.99,0.54,True,66056.24,0.58,True,True,66097.68,0.73,True,66129.17,0.82,False,True,66121.76,0.85,False
1775138100,66138.09,66270.87,Up,True,66192.64,0.69,False,66133.47,0.5,True,False,66127.13,0.56,True,66139.52,0.5,True,True,66206.05,0.83,False
1775138400,66270.87,66256.51,Down,True,66246.29,0.61,True,66232.53,0.6699999999999999,True,True,66256.62,0.6,True,66210.51,0.79,False,True,66227.66,0.79,True
1775138700,66256.51,66365.09,Up,False,66217.2,0.6599999999999999,True,66274.75,0.58,True,True,66340.61,0.86,True,66403.89,0.95,False,True,66378.92,0.96,False
1775139000,66365.1,66397.86,Up,False,66296.96,0.74,False,66341.07,0.62,True,True,66388.98,0.63,True,66410.99,0.72,True,True,66411.06,0.8,True
1775139300,66397.85,66406.03,Up,False,66346.76,0.74,False,66345.39,0.73,False,True,66421.65,0.28,False,66342.26,0.76,True,False,66348.28,0.77,True
1775139600,66406.03,66411.0,Up,False,66364.51,0.6699999999999999,False,66316.58,0.83,False,False,66337.57,0.78,False,66396.87,0.55,True,True,66432.62,0.65,True
1775139900,66401.89,66256.64,Down,True,66315.99,0.79,True,66290.59,0.84,False,True,66305.27,0.85,True,66312.82,0.86,False,True,66240.0,0.99,False
1775140200,66281.55,66533.03,Up,True,66289.81,0.64,True,66315.98,0.73,False,True,66348.31,0.82,True,66352.35,0.83,False,True,66405.36,0.97,False
1775140500,66526.57,66884.89,Up,True,66558.91,0.56,True,66699.88,0.87,False,True,66850.03,0.97,True,66779.22,0.98,False,True,66937.99,0.99,False
1775140800,66869.73,67046.03,Up,False,66813.98,0.64,False,66828.57,0.6599999999999999,True,False,66765.51,0.81,False,66819.75,0.6799999999999999,True,False,66814.0,0.73,True
1775141100,67054.46,66755.11,Down,True,66998.29,0.62,True,66976.91,0.73,False,True,66906.93,0.86,True,66891.64,0.91,False,True,66872.61,0.96,False
1775141400,66753.33,66866.69,Up,False,66674.82,0.73,False,66711.64,0.64,True,False,66713.01,0.6599999999999999,True,66768.28,0.51,True,True,66834.23,0.79,True
1775141700,66866.68,66868.17,Up,True,66925.62,0.65,True,66970.77,0.8,False,True,66984.53,0.83,True,66954.7,0.82,False,True,66924.15,0.82,True
1775142000,66868.17,66816.6,Down,True,66824.44,0.6599999999999999,True,66755.98,0.85,False,True,66731.99,0.87,True,66765.71,0.84,False,True,66736.53,0.96,False
1775142300,66806.37,66827.02,Up,False,66728.22,0.74,False,66719.57,0.8,False,False,66739.44,0.75,False,66763.19,0.7,True,False,66715.0,0.9,False
1775142600,66827.01,66908.98,Up,True,66844.66,0.54,True,66906.8,0.76,False,True,66946.4,0.84,True,66924.88,0.82,False,True,66950.0,0.94,False
1775142900,66904.01,66816.46,Down,True,66848.01,0.69,True,66827.5,0.72,False,True,66825.75,0.76,True,66853.08,0.71,True,True,66850.0,0.77,True
1775143200,66816.45,66778.91,Down,True,66660.35,0.89,True,66697.31,0.8200000000000001,False,True,66674.0,0.88,True,66735.31,0.77,False,True,66702.09,0.91,False
1775143500,66793.02,66849.99,Up,False,66736.31,0.64,False,66748.03,0.65,True,True,66802.0,0.52,True,66799.69,0.52,True,True,66842.31,0.74,True
1775143800,66849.99,66778.17,Down,True,66820.55,0.61,True,66800.01,0.7,True,True,66767.8,0.8200000000000001,True,66759.64,0.87,False,True,66765.7,0.89,False
1775144100,66783.74,66928.45,Up,True,66793.12,0.54,True,66809.79,0.62,True,True,66803.28,0.58,True,66885.28,0.88,False,True,66957.62,0.98,False
1775144400,66928.45,66936.69,Up,False,66874.0,0.72,False,66874.0,0.73,False,False,66857.98,0.79,False,66794.68,0.94,False,False,66803.97,0.97,False
1775144700,66936.69,66825.37,Down,True,66907.81,0.62,True,66880.92,0.73,False,True,66886.38,0.71,True,66907.41,0.6699999999999999,True,True,66920.85,0.62,True
1775145000,66824.86,66840.97,Up,False,66748.03,0.79,False,66781.85,0.6699999999999999,True,False,66758.83,0.79,False,66764.47,0.78,False,False,66814.52,0.6,True
1775145300,66840.96,66856.24,Up,False,66815.09,0.62,False,66824.71,0.5700000000000001,True,True,66845.76,0.56,False,66788.14,0.78,False,False,66802.0,0.74,True
1775145600,66852.91,66848.24,Down,True,66841.29,0.56,True,66813.74,0.7,True,False,66863.53,0.54,False,66869.99,0.58,True,False,66882.02,0.71,True
1775145900,66848.24,66916.58,Up,True,66914.36,0.81,True,66893.03,0.69,True,True,66859.65,0.53,True,66884.23,0.66,True,True,66897.58,0.79,True
1775146200,66916.58,66913.36,Down,False,66935.49,0.55,False,66928.77,0.55,True,False,66925.41,0.51,False,66949.29,0.67,True,False,66937.32,0.66,True
1775146500,66943.46,66891.69,Down,True,66862.93,0.73,True,66895.45,0.5900000000000001,True,True,66910.14,0.51,True,66902.47,0.62,True,True,66928.89,0.36,True
1775146800,66891.69,66824.0,Down,True,66821.21,0.77,True,66802.54,0.81,False,True,66807.5,0.83,True,66868.49,0.65,True,False,66913.43,0.65,True
1775147100,66820.58,66884.01,Up,True,66823.1,0.49,False,66779.47,0.6799999999999999,True,False,66802.35,0.55,False,66818.0,0.49,True,True,66862.93,0.8,True
1775147400,66884.01,67015.97,Up,False,66878.01,0.52,False,66860.67,0.5900000000000001,True,False,66880.51,0.52,True,66913.28,0.64,True,True,67000.8,0.95,False
1775147700,67015.98,67114.32,Up,True,67049.47,0.64,True,67057.41,0.67,True,True,67035.45,0.56,True,67058.98,0.71,True,True,67126.93,0.91,False
1775148000,67117.4,67174.99,Up,True,67184.84,0.64,True,67210.0,0.77,False,True,67150.11,0.57,True,67130.65,0.5,True,True,67195.42,0.84,False
1775148300,67172.97,67172.01,Down,False,67190.55,0.53,False,67194.36,0.59,True,False,67256.0,0.79,False,67228.44,0.74,True,False,67200.55,0.68,True
1775148600,67145.57,67188.61,Up,True,67204.06,0.61,True,67178.61,0.46,True,True,67160.78,0.41,True,67192.73,0.6,True,True,67185.65,0.59,True
1775148900,67188.61,67095.85,Down,True,67186.07,0.53,True,67166.03,0.62,True,True,67148.23,0.75,True,67139.45,0.79,False,True,67131.53,0.88,False
1775149200,67095.85,66932.99,Down,True,67076.88,0.62,True,67019.07,0.84,False,True,66998.83,0.89,True,66937.71,0.96,False,True,66878.88,1.0,False
1775149500,66925.72,67017.99,Up,False,66905.72,0.62,True,66935.77,0.54,True,True,66945.14,0.61,True,66985.48,0.79,False,True,66964.55,0.74,True
1775149800,67020.83,67169.54,Up,True,67023.43,0.55,False,66996.66,0.6,True,True,67021.06,0.55,False,67017.63,0.5,True,True,67080.0,0.89,False
1775150100,67169.55,67341.09,Up,True,67211.78,0.66,True,67232.79,0.76,False,True,67331.66,0.94,True,67360.67,0.97,False,True,67392.57,0.99,False
1775150400,67336.99,67368.96,Up,True,67347.16,0.51,True,67347.16,0.49,True,True,67352.0,0.57,True,67352.46,0.56,True,True,67344.47,0.5,True
1775150700,67357.96,67247.68,Down,False,67366.37,0.48,True,67317.47,0.75,False,True,67291.37,0.85,True,67297.44,0.87,False,True,67327.14,0.76,True
1775151000,67247.69,67073.46,Down,False,67260.77,0.57,False,67256.3,0.53,True,False,67266.24,0.58,True,67243.47,0.55,True,True,67194.88,0.87,False
1775151300,67028.65,67006.0,Down,False,67040.2,0.47,True,67027.01,0.61,True,True,67018.56,0.6799999999999999,False,67031.82,0.34,True,True,67011.8,0.81,True
1775151600,67005.99,66991.99,Down,False,67036.36,0.65,True,66993.96,0.54,True,False,67007.24,0.5,True,66984.22,0.7,True,True,66960.01,0.83,False
1775151900,66991.99,66815.98,Down,True,66983.86,0.49,True,66967.65,0.63,True,True,66915.72,0.85,True,66947.65,0.74,True,True,66907.37,0.94,False
1775152200,66815.98,66817.36,Up,True,66843.84,0.63,True,66820.7,0.53,True,False,66791.65,0.54,False,66742.34,0.8,False,False,66775.46,0.72,True
1775152500,66817.35,66679.15,Down,True,66809.05,0.51,True,66778.25,0.65,True,True,66798.77,0.5700000000000001,True,66810.16,0.49,True,True,66757.72,0.85,False
1775152800,66679.16,66735.33,Up,True,66728.61,0.71,True,66731.85,0.72,False,True,66710.18,0.65,True,66706.88,0.64,True,True,66682.63,0.5,True
1775153100,66735.32,66646.37,Down,False,66771.16,0.64,False,66749.75,0.61,True,True,66713.74,0.6,True,66712.64,0.5700000000000001,True,True,66683.16,0.79,True
1775153400,66646.36,66689.15,Up,True,66670.74,0.67,True,66717.57,0.77,False,True,66770.4,0.92,True,66781.9,0.95,False,True,66745.25,0.95,False
1775153700,66696.19,66775.99,Up,False,66691.98,0.47,True,66701.35,0.52,True,False,66688.3,0.54,True,66746.23,0.69,True,True,66740.42,0.81,True
1775154000,66775.99,66761.86,Down,False,66805.55,0.67,False,66813.24,0.72,False,False,66826.05,0.78,False,66821.08,0.76,True,False,66802.61,0.74,True
1775154300,66757.28,66622.71,Down,True,66709.43,0.74,True,66700.2,0.78,False,True,66654.42,0.91,True,66652.72,0.91,False,True,66690.93,0.91,False
1775154600,66646.76,66674.02,Up,True,66662.02,0.68,True,66659.88,0.67,True,True,66687.99,0.82,True,66678.0,0.79,False,True,66696.86,0.91,False
1775154900,66674.02,66690.15,Up,False,66669.6,0.51,True,66690.31,0.59,True,False,66664.24,0.62,True,66697.98,0.67,True,True,66710.57,0.8,True
1775155200,66686.95,66740.37,Up,True,66690.15,0.49,True,66772.57,0.88,False,True,66796.01,0.92,True,66776.0,0.9,False,True,66721.45,0.76,True
1775155500,66740.37,66858.34,Up,False,66724.08,0.64,True,66790.72,0.75,False,True,66800.5,0.81,True,66816.15,0.86,False,True,66865.38,0.97,False
1775155800,66853.96,66997.92,Up,True,66880.7,0.62,True,66900.0,0.71,False,True,66887.49,0.67,True,66949.99,0.9,False,True,66985.35,0.97,False
1775156100,67000.37,66976.85,Down,True,66998.41,0.55,True,66989.83,0.61,True,True,66997.86,0.54,True,66973.44,0.72,True,True,66962.94,0.79,True
1775156400,66981.99,66943.09,Down,False,67003.52,0.61,False,66990.35,0.52,True,False,67026.47,0.74,False,67033.23,0.8,False,False,67051.06,0.89,False
1775156700,66950.0,67003.98,Up,True,66989.99,0.72,True,66984.91,0.66,True,True,67026.16,0.85,True,67034.02,0.9,False,True,67005.13,0.87,False
1775157000,67003.97,67055.28,Up,True,67021.38,0.64,True,67044.61,0.75,False,True,67069.72,0.86,True,67078.0,0.9,False,True,67079.68,0.94,False
1775157300,67055.28,67029.99,Down,False,67058.96,0.46,True,67030.23,0.6699999999999999,True,True,67002.33,0.84,True,67003.7,0.8200000000000001,False,True,67030.93,0.6699999999999999,True
1775157600,67030.0,67020.49,Down,True,67012.99,0.6,True,66984.67,0.78,False,True,66969.51,0.86,True,66964.65,0.88,False,True,66978.73,0.84,False
1775157900,67020.5,67035.36,Up,True,67027.42,0.54,True,67074.32,0.76,False,True,67058.66,0.68,True,67046.81,0.65,True,True,67048.0,0.68,True
1775158200,67035.36,66946.63,Down,False,67043.94,0.55,True,67020.08,0.5900000000000001,True,True,67018.09,0.63,True,67020.49,0.6,True,True,66936.14,0.97,False
1775158500,66950.44,66966.5,Up,True,66963.53,0.54,True,66959.79,0.5,True,True,66976.69,0.65,False,66945.63,0.61,True,False,66898.91,0.87,False
1775158800,66966.5,66973.21,Up,False,66964.87,0.5,True,67057.4,0.86,False,True,67038.69,0.82,True,67030.61,0.84,False,True,66998.83,0.73,True
1775159100,66973.21,66939.61,Down,True,66962.06,0.5700000000000001,True,66935.02,0.7,True,True,66961.02,0.55,True,66966.5,0.55,True,False,66987.99,0.7,True
1775159400,66939.61,67019.46,Up,True,67037.76,0.88,True,67022.0,0.82,False,True,66999.69,0.8,True,67026.26,0.88,False,True,67019.52,0.91,False
1775159700,67019.46,66972.06,Down,False,67032.51,0.56,False,67054.21,0.7,True,False,67026.96,0.51,True,67018.57,0.5,True,False,67037.13,0.66,True
1775160000,66976.0,66849.68,Down,True,66922.05,0.75,True,66883.72,0.85,False,True,66865.44,0.9,True,66841.49,0.95,False,True,66814.39,0.98,False
1775160300,66849.68,66875.47,Up,False,66841.51,0.53,True,66858.88,0.58,True,False,66840.69,0.5700000000000001,False,66842.84,0.56,True,True,66867.99,0.69,True
1775160600,66875.47,66894.1,Up,True,66896.19,0.57,True,66892.67,0.59,True,True,66912.75,0.68,True,66902.99,0.64,True,True,66911.81,0.79,True
1775160900,66894.09,67001.22,Up,False,66888.0,0.52,True,66906.0,0.57,True,True,66914.13,0.67,True,66914.14,0.71,True,True,66962.27,0.94,False
1775161200,66993.34,66918.01,Down,True,66984.03,0.5900000000000001,True,66984.03,0.5900000000000001,True,True,66984.02,0.5800000000000001,True,66948.64,0.84,False,True,66910.82,0.96,False
1775161500,66918.01,67052.99,Up,False,66912.9,0.5700000000000001,False,66900.01,0.63,True,False,66903.11,0.61,False,66903.1,0.64,True,True,66923.64,0.65,True
1775161800,67052.99,66970.6,Down,True,67029.44,0.65,True,67021.34,0.65,True,True,67015.01,0.72,True,67035.94,0.62,True,True,67013.29,0.78,True
1775162100,66970.59,67099.99,Up,False,66960.18,0.5800000000000001,True,66980.2,0.6,True,True,67007.81,0.76,True,67017.61,0.82,False,True,67057.41,0.96,False
1775162400,67100.0,67034.14,Down,True,67078.01,0.6699999999999999,True,67076.03,0.72,False,True,67009.95,0.9299999999999999,True,67009.37,0.9299999999999999,False,True,67019.85,0.95,False
1775162700,67034.14,66976.97,Down,True,67033.89,0.5,True,67010.47,0.65,True,True,67007.09,0.71,True,66995.32,0.8,False,True,66986.18,0.86,False
1775163000,66976.97,66965.27,Down,True,66968.28,0.5800000000000001,False,66985.62,0.55,True,False,66984.46,0.55,True,66961.03,0.6599999999999999,True,True,66939.42,0.88,False
1775163300,66965.27,66939.24,Down,True,66949.02,0.62,True,66945.59,0.6699999999999999,True,True,66944.0,0.6799999999999999,True,66944.01,0.72,True,True,66943.51,0.76,True
1775163600,66939.25,66901.92,Down,False,67009.6,0.89,False,67005.73,0.87,False,False,67005.73,0.85,False,66989.42,0.83,False,False,66977.36,0.81,True
1775163900,66901.93,66885.89,Down,False,66927.48,0.64,False,66930.55,0.7,True,False,66937.91,0.74,False,66951.23,0.84,False,False,66932.68,0.74,True
1775164200,66885.89,66817.39,Down,False,66889.83,0.58,True,66867.62,0.63,True,True,66787.19,0.9299999999999999,True,66765.71,0.95,False,True,66782.81,0.98,False
1775164500,66817.4,66882.01,Up,True,66830.73,0.54,False,66812.32,0.49,True,True,66824.01,0.54,True,66835.33,0.65,True,True,66854.11,0.8,True
1775164800,66874.69,66823.62,Down,False,66897.7,0.66,False,66919.85,0.77,False,False,66932.66,0.85,False,66932.67,0.88,False,False,66923.53,0.9,False
1775165100,66823.63,66836.0,Up,True,66845.99,0.61,False,66816.81,0.6,True,True,66835.06,0.64,True,66854.1,0.73,True,True,66859.81,0.85,False
1775165400,66836.0,66854.0,Up,True,66855.79,0.67,True,66855.29,0.6,True,True,66858.13,0.65,True,66853.08,0.56,True,True,66865.33,0.77,True
1775165700,66854.0,66840.34,Down,True,66844.94,0.61,True,66834.81,0.71,False,True,66850.79,0.49,False,66857.88,0.54,True,True,66840.07,0.6799999999999999,True
1775166000,66833.06,66779.26,Down,True,66831.54,0.52,False,66845.69,0.63,True,True,66825.86,0.6799999999999999,True,66813.03,0.71,True,True,66778.85,0.95,False
1775166300,66779.26,66802.03,Up,False,66779.26,0.49,True,66791.56,0.66,True,True,66794.36,0.69,True,66815.73,0.84,False,True,66820.55,0.88,False
1775166600,66802.02,66882.46,Up,True,66833.88,0.74,True,66839.16,0.71,False,True,66833.97,0.72,True,66829.78,0.74,True,True,66874.75,0.95,False
1775166900,66882.45,66935.93,Up,False,66877.44,0.54,True,66886.56,0.61,True,True,66923.53,0.84,True,66917.5,0.77,False,True,66929.26,0.91,False
1775167200,66935.93,66999.99,Up,True,66937.82,0.47,False,66928.42,0.5700000000000001,True,True,66951.34,0.6,True,66951.33,0.57,True,False,66925.99,0.64,True
1775167500,66995.1,66928.73,Down,True,66995.1,0.51,True,66995.09,0.52,True,False,66998.1,0.47,True,66968.28,0.81,False,True,66941.98,0.92,False
1775167800,66939.06,66898.61,Down,True,66910.3,0.6699999999999999,True,66917.99,0.5800000000000001,True,False,66939.54,0.64,True,66934.1,0.47,True,True,66927.2,0.5800000000000001,True
1775168100,66898.6,66973.19,Up,True,66925.22,0.71,True,66925.23,0.72,False,True,66940.01,0.81,True,66978.24,0.93,False,True,66961.84,0.93,False
1775168400,66973.19,66909.56,Down,False,66996.24,0.63,False,66980.88,0.47,True,True,66961.36,0.6799999999999999,True,66956.53,0.74,True,True,66957.85,0.65,True
1775168700,66909.56,66902.8,Down,True,66875.1,0.75,True,66875.1,0.79,False,True,66840.56,0.91,True,66893.41,0.55,True,True,66900.77,0.5,True
1775169000,66902.81,66948.0,Up,True,66917.91,0.58,True,66946.02,0.76,False,True,66980.01,0.89,True,66949.96,0.78,False,True,66951.33,0.84,False
1775169300,66947.99,66995.76,Up,False,66932.71,0.63,False,66941.21,0.54,True,False,66945.33,0.51,True,66950.07,0.55,True,False,66942.68,0.5700000000000001,True
1775169600,66995.76,66985.25,Down,True,66994.0,0.5800000000000001,True,66970.18,0.77,False,True,66970.18,0.75,True,66979.41,0.7,True,False,67003.13,0.58,True
1775169900,66986.88,66967.43,Down,True,66942.05,0.83,True,66945.4,0.83,False,True,66927.54,0.91,True,66924.44,0.92,False,True,66932.12,0.91,False
1775170200,66967.43,67006.43,Up,False,66962.0,0.62,True,66967.49,0.48,True,True,66977.99,0.62,True,67007.99,0.85,False,True,66994.95,0.75,True
1775170500,67006.43,66982.48,Down,True,67001.97,0.5700000000000001,False,67018.83,0.67,True,False,67018.82,0.67,False,67037.47,0.8,False,False,67037.36,0.84,False
1775170800,67030.97,67045.31,Up,False,66979.16,0.42000000000000004,False,66953.32,0.61,True,False,66966.63,0.64,False,66978.24,0.55,True,False,66991.44,0.37,True
1775171100,67049.99,67007.81,Down,False,67059.53,0.51,False,67063.92,0.58,True,False,67086.44,0.76,False,67090.23,0.83,False,True,67029.09,0.7,True
1775171400,67007.81,66951.34,Down,False,67011.84,0.52,True,66984.4,0.69,True,True,66979.1,0.77,True,66979.1,0.79,False,True,66972.01,0.85,False
1775171700,66951.34,66965.43,Up,False,66950.66,0.44999999999999996,True,66969.27,0.58,True,True,66984.6,0.71,True,66962.88,0.54,True,False,66934.41,0.75,True
1775172000,66965.43,67008.01,Up,True,66970.01,0.51,True,66966.18,0.43,True,True,66969.35,0.56,True,66976.78,0.6,True,True,67022.03,0.86,False
1775172300,67008.0,66946.13,Down,True,66968.28,0.79,True,66964.82,0.77,False,True,66970.25,0.74,True,66974.0,0.75,True,True,66965.49,0.87,False
1775172600,66946.12,66963.63,Up,False,66941.4,0.52,False,66925.19,0.65,True,False,66944.0,0.5,False,66920.88,0.73,True,False,66930.0,0.63,True
1775172900,66963.63,66893.51,Down,True,66926.8,0.79,True,66925.3,0.8,False,True,66918.75,0.84,True,66900.79,0.92,False,True,66906.0,0.91,False
1775173200,66893.52,66885.82,Down,True,66893.52,0.51,True,66893.52,0.5,True,False,66901.97,0.62,False,66916.71,0.72,True,False,66913.86,0.52,True
1775173500,66885.82,66875.1,Down,True,66884.68,0.47,True,66884.67,0.49,True,True,66862.93,0.76,True,66867.99,0.64,True,True,66877.68,0.56,True
1775173800,66875.1,66876.78,Up,False,66875.1,0.55,False,66865.37,0.65,True,False,66857.78,0.73,False,66869.79,0.52,True,False,66867.5,0.63,True
1775174100,66880.69,66902.0,Up,True,66897.19,0.66,True,66902.42,0.76,False,True,66902.88,0.78,True,66902.87,0.77,False,True,66900.21,0.64,True
1775174400,66901.99,66995.17,Up,True,66924.0,0.69,True,66929.5,0.67,True,True,66946.01,0.86,True,66967.3,0.86,False,True,66957.64,0.89,False
1775174700,66995.18,66866.93,Down,True,66972.41,0.71,True,66972.4,0.7,True,True,66970.94,0.71,True,66968.28,0.73,True,True,66920.86,0.6599999999999999,True
1775175000,66866.93,66872.69,Up,False,66848.27,0.65,False,66815.9,0.78,False,False,66847.87,0.56,False,66847.86,0.56,True,False,66850.13,0.72,True
1775175300,66839.96,66844.77,Up,False,66834.02,0.74,False,66823.73,0.78,False,False,66835.44,0.74,True,66840.57,0.29,True,False,66830.26,0.83,False
1775175600,66844.77,66965.4,Up,True,66850.0,0.57,True,66871.48,0.69,True,True,66855.11,0.55,True,66863.1,0.66,True,True,66934.56,0.9,False
1775175900,66965.41,66828.89,Down,True,66906.65,0.83,True,66872.51,0.91,False,True,66849.68,0.94,True,66838.35,0.96,False,True,66827.55,1.0,False
1775176200,66828.89,66831.62,Up,False,66827.54,0.56,True,66846.49,0.63,True,False,66822.73,0.5800000000000001,True,66829.3,0.56,True,False,66822.96,0.6,True
1775176500,66831.62,66837.37,Up,True,66855.54,0.75,True,66834.47,0.54,True,True,66847.47,0.63,True,66848.15,0.51,True,True,66875.11,0.6,True
1775176800,66837.28,66811.79,Down,True,66824.13,0.6599999999999999,True,66823.02,0.6699999999999999,True,True,66781.9,0.85,True,66802.04,0.77,False,True,66837.11,0.53,True
1775177100,66811.79,66732.16,Down,True,66784.98,0.65,True,66762.01,0.81,False,True,66763.29,0.78,True,66756.47,0.84,False,True,66728.88,0.9299999999999999,False
1775177400,66732.17,66719.0,Down,False,66750.15,0.59,False,66750.15,0.63,True,False,66748.03,0.59,False,66748.03,0.64,True,False,66748.03,0.61,True
1775177700,66719.01,66785.86,Up,True,66724.48,0.55,True,66723.51,0.51,True,True,66755.99,0.82,True,66761.92,0.81,False,True,66771.15,0.89,False
1775178000,66785.87,66777.7,Down,False,66800.0,0.64,True,66783.87,0.53,True,True,66761.79,0.71,True,66761.81,0.74,True,True,66740.4,0.91,False
1775178300,66777.7,66801.51,Up,True,66820.54,0.78,True,66816.75,0.76,False,True,66812.41,0.69,True,66792.01,0.57,True,False,66772.55,0.5900000000000001,True
1775178600,66801.51,66831.02,Up,True,66807.74,0.51,False,66781.9,0.71,False,False,66761.01,0.8,False,66761.02,0.8,False,False,66760.99,0.85,False
1775178900,66831.01,66776.1,Down,True,66806.18,0.78,True,66789.37,0.78,False,True,66804.96,0.73,True,66767.32,0.9,False,True,66783.48,0.84,False
1775179200,66776.1,66822.8,Up,False,66771.47,0.56,False,66743.37,0.72,False,False,66763.34,0.5700000000000001,False,66763.34,0.5900000000000001,True,True,66794.87,0.49,True
1775179500,66817.77,66863.0,Up,True,66829.48,0.61,True,66832.0,0.62,True,True,66824.59,0.55,True,66855.36,0.83,False,True,66879.09,0.92,False
1775179800,66863.0,66824.0,Down,False,66880.58,0.61,False,66866.0,0.56,True,False,66878.3,0.58,False,66868.91,0.56,True,False,66889.75,0.76,True
1775180100,66822.0,66514.17,Down,True,66732.92,0.8,True,66747.99,0.76,False,True,66720.38,0.89,True,66660.01,0.98,False,True,66641.17,0.98,False
1775180400,66514.17,66574.33,Up,True,66566.28,0.69,True,66546.59,0.62,True,True,66578.3,0.8,True,66571.67,0.8,False,True,66572.0,0.86,False
1775180700,66574.33,66564.0,Down,True,66574.01,0.49,True,66526.35,0.75,False,True,66529.13,0.73,True,66534.91,0.74,True,True,66531.71,0.79,True
1775181000,66531.05,66556.0,Up,True,66573.43,0.52,True,66551.05,0.44,True,False,66527.0,0.75,False,66502.36,0.83,False,True,66535.92,0.26,True
1775181300,66555.99,66630.01,Up,True,66596.8,0.68,True,66606.94,0.78,False,True,66606.93,0.8,True,66607.33,0.78,False,True,66584.85,0.72,True
1775181600,66630.01,66531.23,Down,True,66567.63,0.75,True,66578.4,0.75,False,True,66544.72,0.87,True,66560.0,0.83,False,True,66571.23,0.86,False
1775181900,66531.22,66466.69,Down,False,66540.0,0.57,False,66540.01,0.56,True,False,66563.84,0.75,False,66544.7,0.59,True,True,66502.39,0.74,True
1775182200,66466.69,66508.76,Up,False,66443.12,0.61,False,66450.38,0.55,True,False,66421.81,0.72,False,66435.04,0.64,True,True,66469.99,0.57,True
1775182500,66508.77,66707.35,Up,True,66549.27,0.73,True,66552.4,0.75,False,True,66577.24,0.87,True,66585.34,0.89,False,True,66736.32,0.99,False
1775182800,66707.36,66658.04,Down,True,66699.36,0.5700000000000001,True,66668.47,0.78,False,True,66663.9,0.76,True,66632.51,0.9,False,True,66626.35,0.97,False
1775183100,66658.04,66455.13,Down,True,66649.26,0.5900000000000001,True,66619.17,0.74,False,True,66585.13,0.87,True,66597.32,0.86,False,True,66533.9,0.98,False
1775183400,66460.64,66486.03,Up,False,66450.0,0.5,False,66428.0,0.61,True,False,66436.0,0.6,False,66388.03,0.8200000000000001,False,False,66420.75,0.76,True
1775183700,66486.03,66304.22,Down,False,66495.48,0.53,True,66437.98,0.75,False,False,66491.04,0.58,False,66487.67,0.53,True,True,66469.3,0.5700000000000001,True
1775184000,66367.24,66349.56,Down,True,66354.07,0.25,True,66353.12,0.26,True,True,66292.03,0.5700000000000001,True,66284.01,0.6,True,False,66377.39,0.91,False
1775184300,66349.55,66388.41,Up,False,66318.01,0.62,False,66341.08,0.5,True,False,66340.31,0.49,False,66346.33,0.5,True,True,66360.0,0.57,True
1775184600,66388.41,66495.14,Up,False,66377.03,0.55,True,66398.16,0.57,True,True,66389.93,0.55,True,66407.23,0.7,True,True,66451.84,0.91,False
1775184900,66494.0,66533.81,Up,False,66464.0,0.65,False,66482.44,0.5900000000000001,True,True,66507.51,0.54,True,66503.5,0.56,True,False,66485.99,0.6,True
1775185200,66533.82,66517.88,Down,False,66546.15,0.55,False,66544.71,0.52,True,False,66555.84,0.63,True,66502.36,0.7,True,True,66502.36,0.76,True
1775185500,66517.89,66604.33,Up,False,66502.36,0.63,False,66509.02,0.62,True,True,66530.86,0.59,True,66582.89,0.88,False,True,66600.81,0.94,False
1775185800,66604.33,66651.74,Up,True,66614.41,0.57,False,66586.0,0.61,True,False,66580.0,0.6599999999999999,False,66571.23,0.76,True,False,66589.24,0.62,True
1775186100,66651.74,66652.48,Up,False,66650.28,0.54,False,66621.0,0.72,False,True,66660.33,0.6,True,66654.67,0.49,True,True,66681.22,0.78,True
1775186400,66652.49,66688.73,Up,True,66670.83,0.6,True,66679.54,0.68,True,True,66694.2,0.79,True,66699.75,0.82,False,True,66717.32,0.93,False
1775186700,66688.72,66634.5,Down,False,66690.4,0.51,False,66717.7,0.7,True,False,66717.61,0.67,True,66688.72,0.53,True,True,66646.36,0.5900000000000001,True
1775187000,66634.5,66700.58,Up,False,66627.02,0.5900000000000001,True,66640.33,0.56,True,True,66638.89,0.5,False,66612.04,0.7,True,True,66665.73,0.83,False
1775187300,66696.37,66606.49,Down,True,66626.71,0.79,True,66650.0,0.64,True,True,66646.37,0.7,True,66649.9,0.62,True,True,66627.29,0.86,False
1775187600,66606.49,66607.08,Up,False,66583.14,0.73,False,66545.36,0.76,False,False,66571.01,0.65,False,66550.58,0.78,False,False,66568.27,0.76,True
1775187900,66607.07,66596.16,Down,True,66607.07,0.5,False,66632.67,0.61,True,True,66601.27,0.6,True,66580.39,0.76,True,True,66593.62,0.5700000000000001,True
1775188200,66596.16,66587.25,Down,False,66608.66,0.49,True,66595.54,0.6799999999999999,True,False,66614.09,0.44,False,66614.1,0.45,True,False,66627.27,0.54,True
1775188500,66587.24,66594.25,Up,False,66579.99,0.53,False,66579.98,0.54,True,False,66579.97,0.53,False,66584.54,0.5,True,True,66614.0,0.78,True
1775188800,66579.97,66638.15,Up,True,66591.3,0.54,False,66571.22,0.52,True,True,66603.9,0.59,True,66597.09,0.52,True,True,66607.82,0.66,True
1775189100,66638.15,66616.52,Down,False,66638.51,0.48,True,66623.08,0.61,True,True,66633.11,0.55,False,66644.17,0.5,True,False,66651.13,0.59,True
1775189400,66616.53,66639.66,Up,False,66608.65,0.5900000000000001,False,66598.17,0.6699999999999999,True,False,66615.08,0.49,True,66630.74,0.65,True,True,66624.96,0.52,True
1775189700,66639.66,66634.89,Down,False,66641.56,0.44,False,66667.36,0.66,True,False,66658.26,0.56,False,66679.73,0.73,True,False,66694.0,0.83,False
1775190000,66634.9,66576.81,Down,False,66638.39,0.44,False,66635.89,0.44,True,True,66612.16,0.78,True,66629.53,0.62,True,True,66628.97,0.7,True
1775190300,66576.81,66550.01,Down,True,66556.88,0.63,False,66579.28,0.51,True,False,66579.27,0.52,False,66579.28,0.46,True,False,66595.4,0.45,True
1775190600,66550.0,66537.7,Down,True,66525.54,0.69,True,66511.2,0.75,False,True,66514.26,0.75,True,66519.32,0.76,True,False,66582.88,0.71,True
1775190900,66537.7,66547.32,Up,True,66561.97,0.73,True,66556.91,0.66,True,True,66567.64,0.77,True,66578.0,0.76,True,True,66563.63,0.7,True
1775191200,66549.78,66578.0,Up,True,66565.0,0.56,True,66565.0,0.56,True,True,66572.8,0.66,True,66572.8,0.6,True,True,66561.95,0.63,True
1775191500,66578.0,66643.35,Up,True,66586.0,0.56,True,66586.0,0.49,True,True,66596.65,0.64,True,66646.37,0.89,False,True,66657.43,0.91,False
1775191800,66637.7,66620.34,Down,True,66616.47,0.71,True,66605.32,0.75,False,True,66609.61,0.74,True,66600.0,0.8200000000000001,False,True,66574.07,0.94,False
1775192100,66620.34,66602.67,Down,False,66629.96,0.51,False,66647.15,0.62,True,False,66647.14,0.62,False,66654.51,0.72,True,False,66636.93,0.54,True
1775192400,66602.67,66646.36,Up,True,66609.14,0.51,True,66603.41,0.51,True,True,66603.42,0.47,True,66608.5,0.57,True,True,66609.13,0.64,True
1775192700,66646.36,66666.99,Up,False,66646.36,0.5,True,66660.59,0.56,True,False,66640.95,0.63,True,66657.57,0.64,True,False,66624.71,0.76,True
1775193000,66667.0,66596.78,Down,True,66638.86,0.73,True,66638.85,0.6799999999999999,True,True,66620.36,0.83,True,66620.35,0.84,False,True,66604.7,0.92,False
1775193300,66596.78,66525.19,Down,True,66577.03,0.7,True,66564.01,0.77,False,True,66519.91,0.9,True,66500.0,0.97,False,True,66463.07,1.0,False
1775193600,66525.2,66478.88,Down,False,66536.4,0.66,True,66520.48,0.56,True,True,66500.19,0.65,True,66520.07,0.5,True,True,66514.56,0.61,True
1775193900,66478.89,66583.78,Up,True,66509.56,0.71,True,66515.73,0.72,False,True,66523.5,0.76,True,66535.26,0.83,False,True,66540.19,0.9,False
1775194200,66544.71,66721.83,Up,True,66623.92,0.74,True,66672.25,0.88,False,True,66710.28,0.94,True,66720.37,0.95,False,True,66742.64,0.99,False
1775194500,66721.83,66719.17,Down,False,66728.08,0.47,False,66722.51,0.46,True,False,66748.75,0.62,False,66750.77,0.66,True,False,66762.0,0.76,True
1775194800,66719.17,66777.55,Up,False,66707.9,0.64,False,66699.23,0.73,False,True,66735.25,0.56,True,66735.25,0.57,True,True,66744.2,0.69,True
1775195100,66777.54,66696.84,Down,True,66769.64,0.62,True,66754.01,0.6699999999999999,True,True,66756.28,0.65,True,66771.26,0.52,True,True,66736.0,0.83,False
1775195400,66696.84,66549.08,Down,True,66657.55,0.78,True,66625.84,0.88,False,True,66590.01,0.95,True,66586.94,0.97,False,True,66582.73,1.0,False
1775195700,66549.08,66600.35,Up,False,66542.26,0.56,True,66567.93,0.63,True,True,66594.4,0.81,True,66579.02,0.73,True,True,66561.59,0.58,True
1775196000,66600.35,66574.54,Down,False,66609.02,0.56,True,66600.01,0.54,True,True,66584.22,0.65,False,66610.25,0.6,True,False,66626.0,0.64,True
1775196300,66570.36,66591.88,Up,True,66571.52,0.48,True,66597.33,0.66,True,True,66588.0,0.58,True,66610.0,0.73,True,True,66616.48,0.83,False
1775196600,66591.88,66660.32,Up,True,66620.91,0.73,True,66629.98,0.77,False,True,66642.75,0.84,True,66657.31,0.92,False,True,66650.74,0.93,False
1775196900,66660.33,66656.36,Down,True,66646.67,0.64,True,66650.65,0.55,True,True,66636.95,0.7,True,66646.53,0.55,True,True,66660.32,0.5800000000000001,True
1775197200,66656.37,66638.39,Down,True,66634.83,0.65,True,66608.45,0.8200000000000001,False,True,66622.7,0.6799999999999999,True,66613.12,0.83,False,True,66640.21,0.65,True
1775197500,66633.15,66624.99,Down,False,66670.63,0.7,False,66670.63,0.68,True,False,66670.62,0.69,False,66652.62,0.61,True,False,66635.4,0.44,True
1775197800,66624.98,66631.82,Up,False,66607.31,0.63,False,66613.89,0.56,True,False,66583.54,0.79,True,66626.54,0.51,True,True,66632.56,0.58,True
1775198100,66631.83,66719.83,Up,True,66685.82,0.82,True,66718.33,0.91,False,True,66703.99,0.9,True,66743.05,0.95,False,True,66771.99,0.99,False
1775198400,66719.84,66740.63,Up,True,66752.48,0.66,True,66752.48,0.67,True,True,66752.47,0.69,True,66738.91,0.62,True,True,66739.26,0.68,True
1775198700,66740.63,66762.79,Up,True,66762.38,0.64,True,66779.99,0.75,False,True,66782.42,0.78,True,66786.61,0.78,False,True,66760.43,0.62,True
1775199000,66764.0,66735.15,Down,False,66790.08,0.68,False,66786.0,0.64,True,False,66788.01,0.68,False,66765.71,0.5,True,False,66764.03,0.57,True
1775199300,66735.14,66796.8,Up,True,66742.83,0.49,True,66764.05,0.67,True,True,66765.39,0.67,True,66768.75,0.72,True,True,66771.22,0.8,True
1775199600,66796.8,66800.51,Up,False,66791.0,0.54,False,66794.11,0.5,True,True,66804.2,0.6,True,66799.23,0.45,True,True,66800.55,0.62,True
1775199900,66800.5,66884.36,Up,False,66770.44,0.72,False,66776.15,0.7,True,False,66767.99,0.5,True,66809.04,0.75,True,True,66848.06,0.86,False
1775200200,66884.35,66818.37,Down,False,66894.04,0.54,True,66880.73,0.55,True,True,66843.84,0.84,True,66828.31,0.9,False,True,66801.29,0.97,False
1775200500,66818.36,66844.85,Up,True,66835.06,0.62,True,66834.42,0.58,True,True,66828.4,0.59,True,66829.67,0.53,True,False,66800.51,0.76,True
1775200800,66844.85,66839.67,Down,False,66862.31,0.61,False,66858.48,0.59,True,False,66847.25,0.44,False,66867.35,0.67,True,False,66869.0,0.6,True
1775201100,66839.65,66942.96,Up,True,66849.68,0.47,True,66847.7,0.49,True,True,66867.19,0.61,True,66880.7,0.72,True,True,66880.79,0.77,True
1775201400,66942.96,67069.95,Up,True,66960.17,0.52,True,66950.86,0.48,True,True,66943.93,0.45,False,66924.05,0.75,True,True,66947.44,0.53,True
1775201700,67069.96,67081.58,Up,True,67239.99,0.88,True,67166.26,0.79,False,True,67116.0,0.68,True,67075.88,0.53,True,True,67135.91,0.86,False
1775202000,67081.57,67075.73,Down,True,67080.01,0.56,False,67115.77,0.58,True,False,67081.68,0.44,False,67100.49,0.55,True,False,67117.42,0.72,True
1775202300,67075.72,67035.77,Down,True,67068.94,0.6,True,67058.58,0.6599999999999999,True,True,67049.99,0.7,True,67052.39,0.69,True,True,67053.0,0.77,True
1775202600,67035.76,67063.29,Up,False,67033.24,0.54,False,67017.01,0.6699999999999999,True,False,67015.19,0.69,False,67024.82,0.55,True,True,67068.16,0.45,True
1775202900,67063.28,67042.08,Down,True,67062.94,0.5700000000000001,True,67050.59,0.63,True,True,67030.51,0.74,True,67049.05,0.61,True,True,67045.44,0.72,True
1775203200,67042.08,67110.01,Up,False,67033.09,0.63,True,67047.12,0.52,True,True,67047.11,0.49,True,67059.62,0.58,True,True,67068.95,0.77,True
1775203500,67110.01,67268.97,Up,False,67094.77,0.5900000000000001,False,67088.0,0.61,True,True,67124.72,0.59,True,67180.68,0.87,False,True,67222.6,0.99,False
1775203800,67277.52,67174.32,Down,True,67271.01,0.5700000000000001,True,67256.67,0.6599999999999999,True,True,67262.08,0.62,True,67248.73,0.73,True,True,67216.0,0.91,False
1775204100,67192.99,67159.52,Down,True,67167.95,0.53,True,67179.26,0.51,True,False,67222.6,0.78,True,67167.61,0.5800000000000001,True,True,67121.92,0.83,False
1775204400,67154.69,67164.6,Up,False,67124.01,0.72,False,67135.66,0.62,True,True,67169.14,0.61,True,67173.66,0.69,True,True,67162.68,0.57,True
1775204700,67164.6,67056.25,Down,False,67171.27,0.52,True,67125.84,0.77,False,True,67116.49,0.8200000000000001,True,67102.0,0.89,False,True,67071.55,0.97,False
1775205000,67056.25,67105.84,Up,True,67073.76,0.57,True,67060.45,0.46,True,True,67072.67,0.6,True,67112.83,0.86,False,True,67111.73,0.92,False
1775205300,67105.84,66996.83,Down,True,67096.71,0.56,True,67088.78,0.6699999999999999,True,True,67078.5,0.71,True,67073.25,0.8,False,True,67056.01,0.94,False
1775205600,66998.64,66934.65,Down,True,66984.32,0.5900000000000001,True,66978.14,0.65,True,True,66951.56,0.83,True,66954.72,0.85,False,True,66926.44,0.97,False
1775205900,66919.98,66989.15,Up,True,66926.69,0.42,True,66937.08,0.54,True,False,66900.56,0.76,False,66911.58,0.63,True,True,66951.72,0.67,True
1775206200,66989.15,66943.18,Down,True,66981.33,0.61,True,66980.99,0.5900000000000001,True,True,66983.32,0.6,False,66994.97,0.53,True,True,66979.9,0.7,True
1775206500,66943.18,66965.4,Up,False,66934.0,0.56,False,66924.27,0.6799999999999999,True,False,66920.91,0.6699999999999999,True,66944.95,0.49,True,True,66981.59,0.83,False
1775206800,66965.39,66957.45,Down,True,66952.68,0.5800000000000001,False,66970.5,0.58,True,False,66970.5,0.57,False,66968.74,0.61,True,False,66993.97,0.84,False
1775207100,66956.93,66883.01,Down,True,66887.56,0.84,True,66908.52,0.78,False,True,66910.94,0.8,True,66921.92,0.77,False,True,66917.59,0.85,False
1775207400,66883.01,66888.54,Up,True,66885.9,0.49,True,66885.89,0.46,True,True,66883.2,0.44,True,66883.21,0.48,True,True,66894.0,0.55,True
1775207700,66889.46,66887.1,Down,False,66895.24,0.53,False,66898.0,0.6,True,False,66909.46,0.7,False,66913.99,0.77,False,False,66913.99,0.86,False
1775208000,66887.1,66778.41,Down,True,66842.67,0.79,True,66794.13,0.92,False,True,66757.68,0.97,True,66805.7,0.96,False,True,66771.31,1.0,False
1775208300,66778.41,66819.28,Up,False,66756.58,0.64,True,66795.36,0.59,True,True,66805.68,0.68,True,66815.99,0.75,True,True,66805.68,0.73,True
1775208600,66819.29,66843.02,Up,False,66790.11,0.71,False,66807.9,0.62,True,False,66813.47,0.5900000000000001,False,66813.28,0.5700000000000001,True,True,66840.07,0.74,True
1775208900,66842.22,66838.97,Down,True,66819.92,0.69,True,66805.46,0.77,False,True,66809.99,0.75,True,66809.99,0.75,True,True,66823.86,0.71,True
1775209200,66838.98,66905.41,Up,True,66847.53,0.64,True,66875.1,0.83,False,True,66892.89,0.88,True,66890.89,0.89,False,True,66912.96,0.96,False
1775209500,66902.2,66846.84,Down,True,66886.28,0.64,True,66875.1,0.74,False,True,66881.99,0.73,True,66881.99,0.73,True,True,66817.21,0.98,False
1775209800,66846.85,66821.48,Down,False,66850.56,0.54,False,66850.56,0.53,True,False,66851.32,0.5,False,66851.32,0.51,True,True,66839.58,0.54,True
1775210100,66821.49,66859.58,Up,True,66823.56,0.59,True,66831.29,0.69,True,True,66847.48,0.8,True,66851.31,0.85,False,True,66859.56,0.94,False
1775210400,66859.58,66790.04,Down,True,66829.33,0.78,True,66823.86,0.83,False,True,66822.51,0.87,True,66828.32,0.84,False,True,66804.0,0.97,False
1775210700,66790.04,66795.11,Up,True,66795.49,0.62,True,66829.29,0.84,False,True,66827.63,0.82,True,66819.6,0.82,False,False,66786.84,0.64,True
1775211000,66795.11,66828.1,Up,False,66791.65,0.55,False,66786.84,0.62,True,False,66791.49,0.5,True,66813.57,0.81,False,True,66811.41,0.69,True
1775211300,66828.1,66841.94,Up,True,66830.4,0.59,False,66823.1,0.6,True,False,66799.39,0.8,False,66807.58,0.69,True,True,66835.88,0.65,True
1775211600,66841.95,66792.44,Down,True,66827.89,0.69,True,66841.94,0.43999999999999995,True,True,66832.17,0.6599999999999999,True,66831.41,0.64,True,True,66806.37,0.91,False
1775211900,66792.45,66765.71,Down,False,66805.81,0.63,False,66818.7,0.73,False,False,66814.56,0.64,False,66814.56,0.75,True,False,66815.38,0.74,True
1775212200,66765.71,66731.05,Down,True,66720.4,0.8200000000000001,True,66705.47,0.89,False,True,66678.77,0.94,True,66692.62,0.94,False,True,66741.81,0.74,True
1775212500,66731.05,66742.48,Up,False,66715.08,0.65,False,66723.65,0.51,True,True,66740.38,0.72,True,66756.69,0.83,False,True,66756.7,0.82,True
1775212800,66742.47,66781.9,Up,True,66750.01,0.59,True,66772.0,0.82,False,True,66781.91,0.87,True,66781.9,0.88,False,True,66786.88,0.95,False
1775213100,66781.91,66846.8,Up,True,66798.61,0.68,True,66800.81,0.68,True,True,66811.78,0.76,True,66816.53,0.81,False,True,66824.44,0.91,False
1775213400,66845.01,66869.66,Up,False,66836.03,0.61,False,66844.87,0.45999999999999996,True,True,66875.1,0.79,True,66872.47,0.73,True,True,66864.7,0.67,True
1775213700,66869.66,66883.09,Up,True,66882.13,0.54,True,66874.29,0.47,True,True,66874.3,0.46,True,66880.79,0.56,True,True,66879.99,0.58,True
1775214000,66883.09,66890.47,Up,True,66890.89,0.55,False,66875.1,0.64,True,False,66862.93,0.73,False,66867.12,0.65,True,False,66880.28,0.54,True
1775214300,66890.47,66842.64,Down,True,66862.94,0.79,True,66858.95,0.77,False,True,66860.36,0.81,True,66872.27,0.6699999999999999,True,True,66862.93,0.85,False
1775214600,66842.63,66848.4,Up,True,66871.73,0.75,True,66864.66,0.65,True,True,66854.01,0.53,True,66854.02,0.62,True,True,66849.67,0.63,True
1775214900,66852.07,66875.37,Up,True,66860.62,0.6,False,66852.07,0.51,True,True,66852.08,0.55,True,66873.87,0.71,True,True,66855.13,0.46,True
1775215200,66871.38,66899.83,Up,True,66894.0,0.68,True,66905.04,0.76,False,True,66905.3,0.79,True,66905.3,0.82,False,True,66925.5,0.96,False
1775215500,66899.83,66937.63,Up,True,66900.44,0.49,True,66927.21,0.76,False,True,66937.57,0.82,True,66940.93,0.86,False,True,66928.03,0.81,True
1775215800,66937.62,66951.34,Up,True,66945.75,0.51,False,66928.03,0.63,True,False,66923.47,0.64,False,66922.66,0.7,True,True,66983.17,0.84,False
1775216100,66951.34,66996.72,Up,True,66977.15,0.68,True,66993.76,0.75,False,True,66986.43,0.69,True,66980.01,0.67,True,True,66990.0,0.84,False
1775216400,66996.71,67001.24,Up,True,66997.25,0.49,False,66980.01,0.69,True,False,66990.44,0.55,False,66987.82,0.6699999999999999,True,False,66995.7,0.44999999999999996,True
1775216700,67001.23,66968.28,Down,True,66994.76,0.64,True,67000.03,0.6,True,False,67006.73,0.54,False,67038.62,0.74,True,False,67026.4,0.74,True
1775217000,66968.27,67014.17,Up,False,66966.44,0.56,True,66974.7,0.55,True,True,66968.28,0.38,True,66977.99,0.6,True,True,66995.05,0.79,True
1775217300,67007.25,67017.44,Up,False,66996.68,0.6599999999999999,False,67002.33,0.5700000000000001,True,True,67013.99,0.55,True,67014.0,0.53,True,False,67006.55,0.56,True
1775217600,67017.43,67013.61,Down,False,67027.2,0.52,False,67019.73,0.51,True,False,67020.03,0.47,False,67031.99,0.68,True,False,67022.01,0.43,True
1775217900,67013.62,67024.45,Up,False,67013.61,0.6,False,67006.91,0.65,True,True,67021.92,0.53,True,67026.09,0.62,True,False,67006.91,0.78,True
1775218200,67024.44,67007.99,Down,True,66951.34,0.92,True,66948.01,0.92,False,True,66960.01,0.91,True,66960.01,0.9299999999999999,False,True,66969.8,0.94,False
1775218500,67008.0,66988.78,Down,False,67058.81,0.78,False,67032.04,0.59,True,True,66990.74,0.75,True,66968.27,0.85,False,True,66965.11,0.9,False
1775218800,66988.79,66956.76,Down,False,67000.2,0.59,False,67019.99,0.72,False,False,66998.17,0.51,False,67003.06,0.64,True,False,66997.18,0.48,True
1775219100,66956.77,67116.0,Up,True,67000.0,0.78,True,67000.0,0.78,False,True,67005.02,0.82,True,67005.01,0.81,False,True,67034.47,0.97,False
1775219400,67094.01,66932.05,Down,True,67085.0,0.5900000000000001,True,67014.71,0.8,False,True,66889.0,0.95,True,66965.04,0.92,False,True,66920.01,0.99,False
1775219700,66926.66,66834.74,Down,True,66923.65,0.5,True,66849.68,0.79,False,True,66868.13,0.75,True,66849.67,0.84,False,True,66840.12,0.94,False
1775220000,66834.73,66867.32,Up,True,66862.94,0.63,False,66833.14,0.5,True,False,66805.71,0.62,True,66840.57,0.55,True,True,66872.0,0.82,True
1775220300,66871.09,66755.17,Down,True,66867.3,0.45999999999999996,False,66883.02,0.57,True,False,66875.1,0.54,True,66868.62,0.48,True,True,66821.85,0.6699999999999999,True
1775220600,66750.01,66771.65,Up,False,66706.27,0.6699999999999999,False,66733.34,0.55,True,False,66742.17,0.54,False,66716.9,0.6799999999999999,True,False,66736.32,0.61,True
1775220900,66771.65,66722.03,Down,True,66765.7,0.54,False,66777.47,0.54,True,True,66753.4,0.5900000000000001,False,66800.12,0.65,True,True,66768.9,0.54,True
1775221200,66722.16,66646.37,Down,True,66688.73,0.6699999999999999,True,66698.41,0.64,True,True,66662.54,0.8,True,66711.83,0.53,True,True,66707.99,0.56,True
1775221500,66627.95,66603.59,Down,False,66671.37,0.71,False,66676.1,0.71,False,False,66702.39,0.83,False,66670.34,0.71,True,False,66646.37,0.69,True
1775221800,66603.59,66672.06,Up,False,66588.07,0.5,False,66587.99,0.47,True,False,66580.82,0.5900000000000001,False,66570.0,0.6699999999999999,True,True,66632.98,0.8,True
1775222100,66672.07,66668.46,Down,False,66684.64,0.56,False,66680.01,0.57,True,True,66628.85,0.76,True,66645.71,0.62,True,True,66624.44,0.86,False
1775222400,66668.46,66700.59,Up,False,66658.0,0.48,True,66695.57,0.65,True,True,66709.1,0.72,True,66696.0,0.68,True,True,66710.32,0.81,True
1775222700,66700.59,66688.72,Down,True,66700.26,0.43999999999999995,False,66708.0,0.61,True,False,66719.69,0.66,True,66682.44,0.63,True,True,66682.15,0.71,True
1775223000,66688.72,66620.57,Down,True,66668.47,0.5900000000000001,True,66649.08,0.73,False,True,66656.4,0.64,True,66669.02,0.61,True,True,66659.95,0.7,True
1775223300,66626.83,66609.67,Down,False,66648.99,0.64,False,66666.22,0.71,False,False,66637.24,0.61,False,66637.24,0.62,True,False,66636.37,0.57,True
1775223600,66609.67,66602.66,Down,True,66601.19,0.51,True,66608.59,0.47,True,True,66587.34,0.65,True,66598.55,0.48,True,False,66616.19,0.7,True
1775223900,66602.66,66508.11,Down,True,66587.15,0.5800000000000001,True,66587.15,0.5800000000000001,True,False,66613.31,0.65,False,66607.57,0.59,True,True,66584.17,0.72,True
1775224200,66508.1,66680.32,Up,True,66529.84,0.68,True,66524.03,0.64,True,True,66528.0,0.69,True,66547.99,0.78,False,True,66582.28,0.95,False
1775224500,66680.33,66671.99,Down,True,66673.45,0.51,True,66650.89,0.56,True,True,66632.23,0.6699999999999999,True,66632.22,0.71,True,True,66658.08,0.56,True
1775224800,66672.0,66712.77,Up,False,66660.05,0.55,False,66648.07,0.63,True,False,66652.23,0.5900000000000001,False,66652.22,0.61,True,False,66661.31,0.47,True
1775225100,66717.91,66756.46,Up,True,66729.34,0.59,True,66747.89,0.71,False,True,66790.39,0.86,True,66765.88,0.8,False,True,66772.55,0.89,False
1775225400,66748.03,66785.04,Up,True,66756.98,0.5,True,66759.21,0.43,True,True,66748.7,0.4,True,66751.52,0.49,True,False,66727.1,0.65,True
1775225700,66785.76,66799.48,Up,False,66768.76,0.6,False,66765.7,0.62,True,False,66741.49,0.79,False,66759.27,0.6799999999999999,True,False,66755.87,0.72,True
1775226000,66799.47,66817.82,Up,False,66784.07,0.54,True,66829.73,0.69,True,True,66831.28,0.67,True,66805.37,0.57,True,False,66792.82,0.5,True
1775226300,66826.03,66916.09,Up,True,66846.0,0.67,True,66897.23,0.84,False,True,66903.08,0.86,True,66915.79,0.93,False,True,66960.18,0.99,False
1775226600,66916.1,66902.94,Down,False,66924.47,0.49,True,66885.2,0.72,False,True,66892.55,0.6799999999999999,True,66908.41,0.5800000000000001,True,True,66913.48,0.5900000000000001,True
1775226900,66908.0,66901.29,Down,False,66938.57,0.66,True,66872.49,0.78,False,True,66822.79,0.89,True,66838.37,0.88,False,True,66862.0,0.8200000000000001,True
1775227200,66901.3,66821.18,Down,True,66875.1,0.64,True,66864.37,0.71,False,True,66883.8,0.5900000000000001,True,66889.66,0.61,True,True,66852.93,0.86,False
1775227500,66814.56,66892.13,Up,True,66842.77,0.65,True,66836.17,0.63,True,True,66839.96,0.64,True,66867.38,0.83,False,True,66869.28,0.89,False
1775227800,66892.12,66960.17,Up,True,66905.44,0.56,True,66913.03,0.65,True,True,66913.04,0.68,True,66892.95,0.5,True,True,66929.63,0.88,False
1775228100,66960.17,66942.28,Down,True,66951.34,0.5800000000000001,True,66938.34,0.6599999999999999,True,False,66960.78,0.46,False,66963.1,0.57,True,False,66960.18,0.44,True
1775228400,66929.8,66951.33,Up,False,66920.79,0.6699999999999999,False,66921.12,0.63,True,True,66943.3,0.55,True,66936.11,0.4,True,True,66932.65,0.42,True
1775228700,66951.34,66976.98,Up,False,66947.13,0.51,True,66964.52,0.6,True,False,66945.53,0.5,False,66937.58,0.61,True,False,66934.61,0.6799999999999999,True
1775229000,66976.98,66966.01,Down,False,66987.41,0.6,False,67027.07,0.76,False,False,66987.99,0.55,False,66984.96,0.6,True,False,67000.01,0.73,True
1775229300,66966.0,66903.26,Down,True,66951.33,0.6699999999999999,True,66921.97,0.81,False,True,66929.59,0.74,True,66937.89,0.7,True,True,66937.21,0.84,False
1775229600,66903.25,66928.64,Up,False,66899.27,0.52,False,66903.24,0.49,True,True,66903.26,0.49,False,66889.04,0.74,True,False,66887.52,0.45999999999999996,True
1775229900,66928.64,66933.72,Up,True,66932.94,0.51,True,66938.42,0.61,True,True,66933.86,0.49,True,66933.87,0.55,True,False,66921.43,0.69,True
1775230200,66933.71,66910.75,Down,True,66929.64,0.52,False,66934.11,0.54,True,True,66905.76,0.79,True,66911.49,0.6599999999999999,True,True,66897.25,0.88,False
1775230500,66908.58,66916.34,Up,False,66878.77,0.7,False,66872.73,0.72,False,False,66869.5,0.73,False,66873.5,0.74,True,False,66905.85,0.5900000000000001,True
1775230800,66916.34,66859.48,Down,True,66901.59,0.54,True,66886.48,0.6799999999999999,True,True,66883.83,0.6799999999999999,True,66886.0,0.71,True,True,66878.39,0.86,False
1775231100,66859.48,66836.2,Down,True,66848.76,0.63,True,66831.89,0.72,False,True,66823.31,0.76,True,66836.19,0.69,True,False,66865.04,0.57,True
1775231400,66836.21,66839.83,Up,True,66847.6,0.55,True,66844.98,0.55,True,True,66849.39,0.58,True,66865.49,0.75,True,True,66861.99,0.62,True
1775231700,66836.22,66827.14,Down,False,66839.73,0.44,False,66854.14,0.64,True,False,66860.79,0.74,False,66876.49,0.85,False,False,66876.49,0.83,False
1775232000,66827.15,66860.74,Up,True,66838.77,0.52,True,66829.02,0.4,True,True,66849.63,0.6,True,66849.62,0.63,True,True,66884.01,0.85,False
1775232300,66853.25,66859.64,Up,True,66853.26,0.5,False,66849.85,0.5700000000000001,True,False,66849.85,0.5900000000000001,False,66834.01,0.7,True,False,66845.36,0.53,True
1775232600,66859.65,66907.05,Up,True,66871.96,0.65,True,66871.95,0.57,True,True,66871.95,0.57,True,66883.31,0.81,False,True,66913.55,0.9,False
1775232900,66907.05,66915.15,Up,False,66905.02,0.47,True,66909.62,0.52,True,True,66910.9,0.54,True,66929.33,0.63,True,False,66891.56,0.6,True
1775233200,66915.14,66941.2,Up,True,66929.29,0.64,True,66929.29,0.63,True,True,66937.82,0.68,True,66929.29,0.59,True,True,66956.99,0.87,False
1775233500,66941.2,66994.2,Up,True,66953.58,0.61,True,66970.34,0.72,False,True,66970.34,0.75,True,66974.88,0.78,False,True,66974.88,0.82,True
1775233800,66993.13,67001.88,Up,True,66993.8,0.51,True,66993.8,0.47,True,False,66970.13,0.7,False,66955.41,0.75,True,False,66963.19,0.75,True
1775234100,66998.7,66952.3,Down,True,66998.69,0.53,False,67004.99,0.57,True,False,67010.0,0.56,True,66989.17,0.63,True,True,66954.0,0.92,False
1775234400,66952.31,66974.91,Up,False,66939.89,0.6699999999999999,False,66951.65,0.51,True,True,66988.5,0.75,True,66987.05,0.72,True,True,66954.38,0.41,True
1775234700,66974.91,67032.16,Up,False,66970.02,0.54,False,66945.09,0.71,False,False,66951.55,0.69,False,66951.56,0.7,True,False,66960.07,0.47,True
1775235000,67032.16,67046.21,Up,True,67037.32,0.54,True,67063.78,0.7,True,True,67045.91,0.49,True,67051.99,0.58,True,True,67038.76,0.6,True
1775235300,67046.21,67010.45,Down,True,67036.73,0.52,True,67029.88,0.6599999999999999,True,True,67003.71,0.78,True,67003.71,0.77,False,True,67020.83,0.51,True
1775235600,67010.45,66985.61,Down,True,67004.73,0.5800000000000001,True,67004.74,0.52,True,True,66987.08,0.73,True,66980.5,0.74,True,True,66970.67,0.77,True
1775235900,66995.9,67051.31,Up,False,66989.2,0.5,False,66993.17,0.43000000000000005,True,False,66977.75,0.65,False,66977.75,0.6,True,True,67005.85,0.66,True
1775236200,67019.48,66964.0,Down,False,67063.08,0.57,False,67063.08,0.55,True,False,67057.42,0.58,False,67054.21,0.51,True,False,67044.6,0.5,True
